gene	nseq	nt_length	codon_length	status	detail	paml_file
ACSL1	29	2166	722	OK		/scratch/project_2004342/everything/paml_clean/FINAL_refseq_ftp_pipeline/11_codon_alignments_gblocks_final/paml_by_gene/ACSL1/ACSL1.codon.gblocks.species.paml
ADCY3	28	3459	1153	OK		/scratch/project_2004342/everything/paml_clean/FINAL_refseq_ftp_pipeline/11_codon_alignments_gblocks_final/paml_by_gene/ADCY3/ADCY3.codon.gblocks.species.paml
ADCY7	28	3261	1087	OK		/scratch/project_2004342/everything/paml_clean/FINAL_refseq_ftp_pipeline/11_codon_alignments_gblocks_final/paml_by_gene/ADCY7/ADCY7.codon.gblocks.species.paml
ADCY8	30	3771	1257	OK		/scratch/project_2004342/everything/paml_clean/FINAL_refseq_ftp_pipeline/11_codon_alignments_gblocks_final/paml_by_gene/ADCY8/ADCY8.codon.gblocks.species.paml
ATP5F1A	28	1659	553	OK		/scratch/project_2004342/everything/paml_clean/FINAL_refseq_ftp_pipeline/11_codon_alignments_gblocks_final/paml_by_gene/ATP5F1A/ATP5F1A.codon.gblocks.species.paml
ATP5F1B	30	1581	527	OK		/scratch/project_2004342/everything/paml_clean/FINAL_refseq_ftp_pipeline/11_codon_alignments_gblocks_final/paml_by_gene/ATP5F1B/ATP5F1B.codon.gblocks.species.paml
ATP5MC1	30	405	135	CAUTION_LT150		/scratch/project_2004342/everything/paml_clean/FINAL_refseq_ftp_pipeline/11_codon_alignments_gblocks_final/paml_by_gene/ATP5MC1/ATP5MC1.codon.gblocks.species.paml
ATP6	183	678	226	OK		/scratch/project_2004342/everything/paml_clean/FINAL_refseq_ftp_pipeline/11_codon_alignments_gblocks_final/paml_by_gene/ATP6/ATP6.codon.gblocks.species.paml
COX4I1	30	507	169	OK		/scratch/project_2004342/everything/paml_clean/FINAL_refseq_ftp_pipeline/11_codon_alignments_gblocks_final/paml_by_gene/COX4I1/COX4I1.codon.gblocks.species.paml
COX7A1	26	240	80	SHORT_LT100		/scratch/project_2004342/everything/paml_clean/FINAL_refseq_ftp_pipeline/11_codon_alignments_gblocks_final/paml_by_gene/COX7A1/COX7A1.codon.gblocks.species.paml
CPT1A	28	2325	775	OK		/scratch/project_2004342/everything/paml_clean/FINAL_refseq_ftp_pipeline/11_codon_alignments_gblocks_final/paml_by_gene/CPT1A/CPT1A.codon.gblocks.species.paml
CPT1B	30	2313	771	OK		/scratch/project_2004342/everything/paml_clean/FINAL_refseq_ftp_pipeline/11_codon_alignments_gblocks_final/paml_by_gene/CPT1B/CPT1B.codon.gblocks.species.paml
CPT2	29	1974	658	OK		/scratch/project_2004342/everything/paml_clean/FINAL_refseq_ftp_pipeline/11_codon_alignments_gblocks_final/paml_by_gene/CPT2/CPT2.codon.gblocks.species.paml
CREB3L1	30	1560	520	OK		/scratch/project_2004342/everything/paml_clean/FINAL_refseq_ftp_pipeline/11_codon_alignments_gblocks_final/paml_by_gene/CREB3L1/CREB3L1.codon.gblocks.species.paml
CREB3L4	25	1188	396	OK		/scratch/project_2004342/everything/paml_clean/FINAL_refseq_ftp_pipeline/11_codon_alignments_gblocks_final/paml_by_gene/CREB3L4/CREB3L4.codon.gblocks.species.paml
CREB5	29	1506	502	OK		/scratch/project_2004342/everything/paml_clean/FINAL_refseq_ftp_pipeline/11_codon_alignments_gblocks_final/paml_by_gene/CREB5/CREB5.codon.gblocks.species.paml
FGFR1	30	2466	822	OK		/scratch/project_2004342/everything/paml_clean/FINAL_refseq_ftp_pipeline/11_codon_alignments_gblocks_final/paml_by_gene/FGFR1/FGFR1.codon.gblocks.species.paml
ND3	183	345	115	CAUTION_LT150		/scratch/project_2004342/everything/paml_clean/FINAL_refseq_ftp_pipeline/11_codon_alignments_gblocks_final/paml_by_gene/ND3/ND3.codon.gblocks.species.paml
ND4	183	1386	462	OK		/scratch/project_2004342/everything/paml_clean/FINAL_refseq_ftp_pipeline/11_codon_alignments_gblocks_final/paml_by_gene/ND4/ND4.codon.gblocks.species.paml
NDUFA1	29	210	70	SHORT_LT100		/scratch/project_2004342/everything/paml_clean/FINAL_refseq_ftp_pipeline/11_codon_alignments_gblocks_final/paml_by_gene/NDUFA1/NDUFA1.codon.gblocks.species.paml
NDUFB8	30	558	186	OK		/scratch/project_2004342/everything/paml_clean/FINAL_refseq_ftp_pipeline/11_codon_alignments_gblocks_final/paml_by_gene/NDUFB8/NDUFB8.codon.gblocks.species.paml
NDUFS2	30	1395	465	OK		/scratch/project_2004342/everything/paml_clean/FINAL_refseq_ftp_pipeline/11_codon_alignments_gblocks_final/paml_by_gene/NDUFS2/NDUFS2.codon.gblocks.species.paml
NDUFV2	29	747	249	OK		/scratch/project_2004342/everything/paml_clean/FINAL_refseq_ftp_pipeline/11_codon_alignments_gblocks_final/paml_by_gene/NDUFV2/NDUFV2.codon.gblocks.species.paml
PLIN1	28	1539	513	OK		/scratch/project_2004342/everything/paml_clean/FINAL_refseq_ftp_pipeline/11_codon_alignments_gblocks_final/paml_by_gene/PLIN1/PLIN1.codon.gblocks.species.paml
PPARG	30	1515	505	OK		/scratch/project_2004342/everything/paml_clean/FINAL_refseq_ftp_pipeline/11_codon_alignments_gblocks_final/paml_by_gene/PPARG/PPARG.codon.gblocks.species.paml
PPARGC1A	30	2391	797	OK		/scratch/project_2004342/everything/paml_clean/FINAL_refseq_ftp_pipeline/11_codon_alignments_gblocks_final/paml_by_gene/PPARGC1A/PPARGC1A.codon.gblocks.species.paml
PRDM16	27	3534	1178	OK		/scratch/project_2004342/everything/paml_clean/FINAL_refseq_ftp_pipeline/11_codon_alignments_gblocks_final/paml_by_gene/PRDM16/PRDM16.codon.gblocks.species.paml
PRKAA1	30	1680	560	OK		/scratch/project_2004342/everything/paml_clean/FINAL_refseq_ftp_pipeline/11_codon_alignments_gblocks_final/paml_by_gene/PRKAA1/PRKAA1.codon.gblocks.species.paml
SDHA1	30	1995	665	OK		/scratch/project_2004342/everything/paml_clean/FINAL_refseq_ftp_pipeline/11_codon_alignments_gblocks_final/paml_by_gene/SDHA1/SDHA1.codon.gblocks.species.paml
SDHB	28	840	280	OK		/scratch/project_2004342/everything/paml_clean/FINAL_refseq_ftp_pipeline/11_codon_alignments_gblocks_final/paml_by_gene/SDHB/SDHB.codon.gblocks.species.paml
SIRT6	29	1083	361	OK		/scratch/project_2004342/everything/paml_clean/FINAL_refseq_ftp_pipeline/11_codon_alignments_gblocks_final/paml_by_gene/SIRT6/SIRT6.codon.gblocks.species.paml
SLC25A20	30	891	297	OK		/scratch/project_2004342/everything/paml_clean/FINAL_refseq_ftp_pipeline/11_codon_alignments_gblocks_final/paml_by_gene/SLC25A20/SLC25A20.codon.gblocks.species.paml
SOS1	30	3999	1333	OK		/scratch/project_2004342/everything/paml_clean/FINAL_refseq_ftp_pipeline/11_codon_alignments_gblocks_final/paml_by_gene/SOS1/SOS1.codon.gblocks.species.paml
SOS2	28	4002	1334	OK		/scratch/project_2004342/everything/paml_clean/FINAL_refseq_ftp_pipeline/11_codon_alignments_gblocks_final/paml_by_gene/SOS2/SOS2.codon.gblocks.species.paml
UCP1	24	924	308	OK		/scratch/project_2004342/everything/paml_clean/FINAL_refseq_ftp_pipeline/11_codon_alignments_gblocks_final/paml_by_gene/UCP1/UCP1.codon.gblocks.species.paml
UQCRB	29	333	111	CAUTION_LT150		/scratch/project_2004342/everything/paml_clean/FINAL_refseq_ftp_pipeline/11_codon_alignments_gblocks_final/paml_by_gene/UQCRB/UQCRB.codon.gblocks.species.paml
