gene	species	accession	masked_nt	masked_codons
ACSL1	Myotis_davidii	XP_015425254	19	6
ADCY3	Pteropus_vampyrus	XP_023384268	106	35
ADCY3	Myotis_brandtii	XP_014402102	110	36
ADCY7	Myotis_davidii	XP_015428125	15	5
ADCY7	Pteropus_alecto	XP_024900361	120	40
ADCY7	Pteropus_vampyrus	XP_023386422	43	14
ADCY8	Hipposideros_armiger	XP_019481019	79	26
ADCY8	Pteropus_vampyrus	XP_011372134	65	21
ATP5F1B	Myotis_davidii	XP_015412899	137	45
ATP5MC1	Myotis_davidii	XP_006765979	25	8
COX7A1	Rousettus_aegyptiacus	XP_036088137	10	3
CPT1A	Pteropus_vampyrus	XP_023381548	399	133
CPT1B	Miniopterus_natalensis	XP_016067165	28	9
CPT2	Myotis_brandtii	XP_005878740	74	24
CPT2	Myotis_davidii	XP_015422435	80	26
CPT2	Hipposideros_armiger	XP_019521932	28	9
CREB3L1	Pteropus_vampyrus	XP_011355334	155	51
NDUFS2	Rhinolophus_ferrumequinum	XP_032948106	63	21
NDUFS2	Myotis_lucifugus	XP_023600362	19	6
NDUFS2	Myotis_brandtii	XP_014384001	19	6
PPARG	Myotis_davidii	XP_006758346	17	5
PRDM16	Miniopterus_natalensis	XP_016069012	86	28
PRDM16	Pteropus_alecto	XP_024904309	178	59
PRDM16	Eptesicus_fuscus	XP_054576642	41	13
PRDM16	Pteropus_vampyrus	XP_023392759	223	74
PRKAA1	Myotis_brandtii	XP_005876046	74	24
PRKAA1	Miniopterus_natalensis	XP_016079632	127	42
SDHA1	Pteropus_alecto	XP_024906279	9	3
SDHA1	Myotis_brandtii	XP_014404189	56	18
SDHA1	Pteropus_vampyrus	XP_023375518	105	35
SIRT6	Myotis_davidii	XP_006754176	52	17
SIRT6	Pteropus_medius	XP_039734482	26	8
SLC25A20	Myotis_davidii	XP_006770643	31	10
SOS1	Myotis_brandtii	XP_014393919	35	11
SOS1	Myotis_lucifugus	XP_023601950	16	5
