gene	nseq	codon_length	hypothesis	mode	status	n_alignment_taxa	n_requested	n_present	present	missing	tree_file
ACSL1	29	722	nilssonii_terminal	terminal	TERMINAL_LABELLED	29	1	1	Cnephaeus_nilssonii		/scratch/project_2004342/everything/paml_clean/FINAL_refseq_ftp_pipeline/11_paml_nuclear_final/trees/labelled/ACSL1/nilssonii_terminal/ACSL1.nilssonii_terminal.labelled.tree
ACSL1	29	722	ept_stem	stem	STEM_LABELLED	29	2	2	Cnephaeus_nilssonii,Eptesicus_fuscus		/scratch/project_2004342/everything/paml_clean/FINAL_refseq_ftp_pipeline/11_paml_nuclear_final/trees/labelled/ACSL1/ept_stem/ACSL1.ept_stem.labelled.tree
ACSL1	29	722	ept_terminals	terminal	TERMINAL_LABELLED	29	2	2	Cnephaeus_nilssonii,Eptesicus_fuscus		/scratch/project_2004342/everything/paml_clean/FINAL_refseq_ftp_pipeline/11_paml_nuclear_final/trees/labelled/ACSL1/ept_terminals/ACSL1.ept_terminals.labelled.tree
ACSL1	29	722	myotis_cold_taxa	terminal	TERMINAL_LABELLED	29	6	6	Myotis_brandtii,Myotis_daubentonii,Myotis_davidii,Myotis_lucifugus,Myotis_myotis,Myotis_yumanensis		/scratch/project_2004342/everything/paml_clean/FINAL_refseq_ftp_pipeline/11_paml_nuclear_final/trees/labelled/ACSL1/myotis_cold_taxa/ACSL1.myotis_cold_taxa.labelled.tree
ACSL1	29	722	myotis_cold_wholeclade	whole_clade	WHOLE_CLADE_LABELLED	29	7	7	Myotis_brandtii,Myotis_daubentonii,Myotis_davidii,Myotis_lucifugus,Myotis_myotis,Myotis_nattereri,Myotis_yumanensis		/scratch/project_2004342/everything/paml_clean/FINAL_refseq_ftp_pipeline/11_paml_nuclear_final/trees/labelled/ACSL1/myotis_cold_wholeclade/ACSL1.myotis_cold_wholeclade.labelled.tree
ACSL1	29	722	coldbats_taxa	terminal	TERMINAL_LABELLED	29	9	9	Cnephaeus_nilssonii,Eptesicus_fuscus,Myotis_brandtii,Myotis_daubentonii,Myotis_davidii,Myotis_lucifugus,Myotis_myotis,Myotis_yumanensis,Pipistrellus_kuhlii		/scratch/project_2004342/everything/paml_clean/FINAL_refseq_ftp_pipeline/11_paml_nuclear_final/trees/labelled/ACSL1/coldbats_taxa/ACSL1.coldbats_taxa.labelled.tree
ACSL1	29	722	vesper_wholeclade	whole_clade	WHOLE_CLADE_LABELLED	29	11	11	Cnephaeus_nilssonii,Eptesicus_fuscus,Myotis_brandtii,Myotis_daubentonii,Myotis_davidii,Myotis_lucifugus,Myotis_myotis,Myotis_nattereri,Myotis_yumanensis,Pipistrellus_kuhlii,Plecotus_auritus		/scratch/project_2004342/everything/paml_clean/FINAL_refseq_ftp_pipeline/11_paml_nuclear_final/trees/labelled/ACSL1/vesper_wholeclade/ACSL1.vesper_wholeclade.labelled.tree
ADCY3	28	1153	nilssonii_terminal	terminal	TERMINAL_LABELLED	28	1	1	Cnephaeus_nilssonii		/scratch/project_2004342/everything/paml_clean/FINAL_refseq_ftp_pipeline/11_paml_nuclear_final/trees/labelled/ADCY3/nilssonii_terminal/ADCY3.nilssonii_terminal.labelled.tree
ADCY3	28	1153	ept_stem	stem	STEM_LABELLED	28	2	2	Cnephaeus_nilssonii,Eptesicus_fuscus		/scratch/project_2004342/everything/paml_clean/FINAL_refseq_ftp_pipeline/11_paml_nuclear_final/trees/labelled/ADCY3/ept_stem/ADCY3.ept_stem.labelled.tree
ADCY3	28	1153	ept_terminals	terminal	TERMINAL_LABELLED	28	2	2	Cnephaeus_nilssonii,Eptesicus_fuscus		/scratch/project_2004342/everything/paml_clean/FINAL_refseq_ftp_pipeline/11_paml_nuclear_final/trees/labelled/ADCY3/ept_terminals/ADCY3.ept_terminals.labelled.tree
ADCY3	28	1153	myotis_cold_taxa	terminal	TERMINAL_LABELLED	28	6	5	Myotis_brandtii,Myotis_daubentonii,Myotis_lucifugus,Myotis_myotis,Myotis_yumanensis	Myotis_davidii	/scratch/project_2004342/everything/paml_clean/FINAL_refseq_ftp_pipeline/11_paml_nuclear_final/trees/labelled/ADCY3/myotis_cold_taxa/ADCY3.myotis_cold_taxa.labelled.tree
ADCY3	28	1153	myotis_cold_wholeclade	whole_clade	SKIPPED_INCOMPLETE_FOREGROUND	28	7	6	Myotis_brandtii,Myotis_daubentonii,Myotis_lucifugus,Myotis_myotis,Myotis_nattereri,Myotis_yumanensis	Myotis_davidii	NA
ADCY3	28	1153	coldbats_taxa	terminal	TERMINAL_LABELLED	28	9	8	Cnephaeus_nilssonii,Eptesicus_fuscus,Myotis_brandtii,Myotis_daubentonii,Myotis_lucifugus,Myotis_myotis,Myotis_yumanensis,Pipistrellus_kuhlii	Myotis_davidii	/scratch/project_2004342/everything/paml_clean/FINAL_refseq_ftp_pipeline/11_paml_nuclear_final/trees/labelled/ADCY3/coldbats_taxa/ADCY3.coldbats_taxa.labelled.tree
ADCY3	28	1153	vesper_wholeclade	whole_clade	SKIPPED_INCOMPLETE_FOREGROUND	28	11	10	Cnephaeus_nilssonii,Eptesicus_fuscus,Myotis_brandtii,Myotis_daubentonii,Myotis_lucifugus,Myotis_myotis,Myotis_nattereri,Myotis_yumanensis,Pipistrellus_kuhlii,Plecotus_auritus	Myotis_davidii	NA
ADCY7	28	1087	nilssonii_terminal	terminal	TERMINAL_LABELLED	28	1	1	Cnephaeus_nilssonii		/scratch/project_2004342/everything/paml_clean/FINAL_refseq_ftp_pipeline/11_paml_nuclear_final/trees/labelled/ADCY7/nilssonii_terminal/ADCY7.nilssonii_terminal.labelled.tree
ADCY7	28	1087	ept_stem	stem	STEM_LABELLED	28	2	2	Cnephaeus_nilssonii,Eptesicus_fuscus		/scratch/project_2004342/everything/paml_clean/FINAL_refseq_ftp_pipeline/11_paml_nuclear_final/trees/labelled/ADCY7/ept_stem/ADCY7.ept_stem.labelled.tree
ADCY7	28	1087	ept_terminals	terminal	TERMINAL_LABELLED	28	2	2	Cnephaeus_nilssonii,Eptesicus_fuscus		/scratch/project_2004342/everything/paml_clean/FINAL_refseq_ftp_pipeline/11_paml_nuclear_final/trees/labelled/ADCY7/ept_terminals/ADCY7.ept_terminals.labelled.tree
ADCY7	28	1087	myotis_cold_taxa	terminal	TERMINAL_LABELLED	28	6	4	Myotis_daubentonii,Myotis_davidii,Myotis_myotis,Myotis_yumanensis	Myotis_brandtii,Myotis_lucifugus	/scratch/project_2004342/everything/paml_clean/FINAL_refseq_ftp_pipeline/11_paml_nuclear_final/trees/labelled/ADCY7/myotis_cold_taxa/ADCY7.myotis_cold_taxa.labelled.tree
ADCY7	28	1087	myotis_cold_wholeclade	whole_clade	SKIPPED_INCOMPLETE_FOREGROUND	28	7	5	Myotis_daubentonii,Myotis_davidii,Myotis_myotis,Myotis_nattereri,Myotis_yumanensis	Myotis_brandtii,Myotis_lucifugus	NA
ADCY7	28	1087	coldbats_taxa	terminal	TERMINAL_LABELLED	28	9	7	Cnephaeus_nilssonii,Eptesicus_fuscus,Myotis_daubentonii,Myotis_davidii,Myotis_myotis,Myotis_yumanensis,Pipistrellus_kuhlii	Myotis_brandtii,Myotis_lucifugus	/scratch/project_2004342/everything/paml_clean/FINAL_refseq_ftp_pipeline/11_paml_nuclear_final/trees/labelled/ADCY7/coldbats_taxa/ADCY7.coldbats_taxa.labelled.tree
ADCY7	28	1087	vesper_wholeclade	whole_clade	SKIPPED_INCOMPLETE_FOREGROUND	28	11	9	Cnephaeus_nilssonii,Eptesicus_fuscus,Myotis_daubentonii,Myotis_davidii,Myotis_myotis,Myotis_nattereri,Myotis_yumanensis,Pipistrellus_kuhlii,Plecotus_auritus	Myotis_brandtii,Myotis_lucifugus	NA
ADCY8	30	1257	nilssonii_terminal	terminal	TERMINAL_LABELLED	30	1	1	Cnephaeus_nilssonii		/scratch/project_2004342/everything/paml_clean/FINAL_refseq_ftp_pipeline/11_paml_nuclear_final/trees/labelled/ADCY8/nilssonii_terminal/ADCY8.nilssonii_terminal.labelled.tree
ADCY8	30	1257	ept_stem	stem	STEM_LABELLED	30	2	2	Cnephaeus_nilssonii,Eptesicus_fuscus		/scratch/project_2004342/everything/paml_clean/FINAL_refseq_ftp_pipeline/11_paml_nuclear_final/trees/labelled/ADCY8/ept_stem/ADCY8.ept_stem.labelled.tree
ADCY8	30	1257	ept_terminals	terminal	TERMINAL_LABELLED	30	2	2	Cnephaeus_nilssonii,Eptesicus_fuscus		/scratch/project_2004342/everything/paml_clean/FINAL_refseq_ftp_pipeline/11_paml_nuclear_final/trees/labelled/ADCY8/ept_terminals/ADCY8.ept_terminals.labelled.tree
ADCY8	30	1257	myotis_cold_taxa	terminal	TERMINAL_LABELLED	30	6	6	Myotis_brandtii,Myotis_daubentonii,Myotis_davidii,Myotis_lucifugus,Myotis_myotis,Myotis_yumanensis		/scratch/project_2004342/everything/paml_clean/FINAL_refseq_ftp_pipeline/11_paml_nuclear_final/trees/labelled/ADCY8/myotis_cold_taxa/ADCY8.myotis_cold_taxa.labelled.tree
ADCY8	30	1257	myotis_cold_wholeclade	whole_clade	WHOLE_CLADE_LABELLED	30	7	7	Myotis_brandtii,Myotis_daubentonii,Myotis_davidii,Myotis_lucifugus,Myotis_myotis,Myotis_nattereri,Myotis_yumanensis		/scratch/project_2004342/everything/paml_clean/FINAL_refseq_ftp_pipeline/11_paml_nuclear_final/trees/labelled/ADCY8/myotis_cold_wholeclade/ADCY8.myotis_cold_wholeclade.labelled.tree
ADCY8	30	1257	coldbats_taxa	terminal	TERMINAL_LABELLED	30	9	9	Cnephaeus_nilssonii,Eptesicus_fuscus,Myotis_brandtii,Myotis_daubentonii,Myotis_davidii,Myotis_lucifugus,Myotis_myotis,Myotis_yumanensis,Pipistrellus_kuhlii		/scratch/project_2004342/everything/paml_clean/FINAL_refseq_ftp_pipeline/11_paml_nuclear_final/trees/labelled/ADCY8/coldbats_taxa/ADCY8.coldbats_taxa.labelled.tree
ADCY8	30	1257	vesper_wholeclade	whole_clade	WHOLE_CLADE_LABELLED	30	11	11	Cnephaeus_nilssonii,Eptesicus_fuscus,Myotis_brandtii,Myotis_daubentonii,Myotis_davidii,Myotis_lucifugus,Myotis_myotis,Myotis_nattereri,Myotis_yumanensis,Pipistrellus_kuhlii,Plecotus_auritus		/scratch/project_2004342/everything/paml_clean/FINAL_refseq_ftp_pipeline/11_paml_nuclear_final/trees/labelled/ADCY8/vesper_wholeclade/ADCY8.vesper_wholeclade.labelled.tree
ATP5F1A	28	553	nilssonii_terminal	terminal	TERMINAL_LABELLED	28	1	1	Cnephaeus_nilssonii		/scratch/project_2004342/everything/paml_clean/FINAL_refseq_ftp_pipeline/11_paml_nuclear_final/trees/labelled/ATP5F1A/nilssonii_terminal/ATP5F1A.nilssonii_terminal.labelled.tree
ATP5F1A	28	553	ept_stem	stem	STEM_LABELLED	28	2	2	Cnephaeus_nilssonii,Eptesicus_fuscus		/scratch/project_2004342/everything/paml_clean/FINAL_refseq_ftp_pipeline/11_paml_nuclear_final/trees/labelled/ATP5F1A/ept_stem/ATP5F1A.ept_stem.labelled.tree
ATP5F1A	28	553	ept_terminals	terminal	TERMINAL_LABELLED	28	2	2	Cnephaeus_nilssonii,Eptesicus_fuscus		/scratch/project_2004342/everything/paml_clean/FINAL_refseq_ftp_pipeline/11_paml_nuclear_final/trees/labelled/ATP5F1A/ept_terminals/ATP5F1A.ept_terminals.labelled.tree
ATP5F1A	28	553	myotis_cold_taxa	terminal	TERMINAL_LABELLED	28	6	5	Myotis_daubentonii,Myotis_davidii,Myotis_lucifugus,Myotis_myotis,Myotis_yumanensis	Myotis_brandtii	/scratch/project_2004342/everything/paml_clean/FINAL_refseq_ftp_pipeline/11_paml_nuclear_final/trees/labelled/ATP5F1A/myotis_cold_taxa/ATP5F1A.myotis_cold_taxa.labelled.tree
ATP5F1A	28	553	myotis_cold_wholeclade	whole_clade	SKIPPED_INCOMPLETE_FOREGROUND	28	7	6	Myotis_daubentonii,Myotis_davidii,Myotis_lucifugus,Myotis_myotis,Myotis_nattereri,Myotis_yumanensis	Myotis_brandtii	NA
ATP5F1A	28	553	coldbats_taxa	terminal	TERMINAL_LABELLED	28	9	8	Cnephaeus_nilssonii,Eptesicus_fuscus,Myotis_daubentonii,Myotis_davidii,Myotis_lucifugus,Myotis_myotis,Myotis_yumanensis,Pipistrellus_kuhlii	Myotis_brandtii	/scratch/project_2004342/everything/paml_clean/FINAL_refseq_ftp_pipeline/11_paml_nuclear_final/trees/labelled/ATP5F1A/coldbats_taxa/ATP5F1A.coldbats_taxa.labelled.tree
ATP5F1A	28	553	vesper_wholeclade	whole_clade	SKIPPED_INCOMPLETE_FOREGROUND	28	11	10	Cnephaeus_nilssonii,Eptesicus_fuscus,Myotis_daubentonii,Myotis_davidii,Myotis_lucifugus,Myotis_myotis,Myotis_nattereri,Myotis_yumanensis,Pipistrellus_kuhlii,Plecotus_auritus	Myotis_brandtii	NA
ATP5F1B	30	527	nilssonii_terminal	terminal	TERMINAL_LABELLED	30	1	1	Cnephaeus_nilssonii		/scratch/project_2004342/everything/paml_clean/FINAL_refseq_ftp_pipeline/11_paml_nuclear_final/trees/labelled/ATP5F1B/nilssonii_terminal/ATP5F1B.nilssonii_terminal.labelled.tree
ATP5F1B	30	527	ept_stem	stem	STEM_LABELLED	30	2	2	Cnephaeus_nilssonii,Eptesicus_fuscus		/scratch/project_2004342/everything/paml_clean/FINAL_refseq_ftp_pipeline/11_paml_nuclear_final/trees/labelled/ATP5F1B/ept_stem/ATP5F1B.ept_stem.labelled.tree
ATP5F1B	30	527	ept_terminals	terminal	TERMINAL_LABELLED	30	2	2	Cnephaeus_nilssonii,Eptesicus_fuscus		/scratch/project_2004342/everything/paml_clean/FINAL_refseq_ftp_pipeline/11_paml_nuclear_final/trees/labelled/ATP5F1B/ept_terminals/ATP5F1B.ept_terminals.labelled.tree
ATP5F1B	30	527	myotis_cold_taxa	terminal	TERMINAL_LABELLED	30	6	6	Myotis_brandtii,Myotis_daubentonii,Myotis_davidii,Myotis_lucifugus,Myotis_myotis,Myotis_yumanensis		/scratch/project_2004342/everything/paml_clean/FINAL_refseq_ftp_pipeline/11_paml_nuclear_final/trees/labelled/ATP5F1B/myotis_cold_taxa/ATP5F1B.myotis_cold_taxa.labelled.tree
ATP5F1B	30	527	myotis_cold_wholeclade	whole_clade	WHOLE_CLADE_LABELLED	30	7	7	Myotis_brandtii,Myotis_daubentonii,Myotis_davidii,Myotis_lucifugus,Myotis_myotis,Myotis_nattereri,Myotis_yumanensis		/scratch/project_2004342/everything/paml_clean/FINAL_refseq_ftp_pipeline/11_paml_nuclear_final/trees/labelled/ATP5F1B/myotis_cold_wholeclade/ATP5F1B.myotis_cold_wholeclade.labelled.tree
ATP5F1B	30	527	coldbats_taxa	terminal	TERMINAL_LABELLED	30	9	9	Cnephaeus_nilssonii,Eptesicus_fuscus,Myotis_brandtii,Myotis_daubentonii,Myotis_davidii,Myotis_lucifugus,Myotis_myotis,Myotis_yumanensis,Pipistrellus_kuhlii		/scratch/project_2004342/everything/paml_clean/FINAL_refseq_ftp_pipeline/11_paml_nuclear_final/trees/labelled/ATP5F1B/coldbats_taxa/ATP5F1B.coldbats_taxa.labelled.tree
ATP5F1B	30	527	vesper_wholeclade	whole_clade	WHOLE_CLADE_LABELLED	30	11	11	Cnephaeus_nilssonii,Eptesicus_fuscus,Myotis_brandtii,Myotis_daubentonii,Myotis_davidii,Myotis_lucifugus,Myotis_myotis,Myotis_nattereri,Myotis_yumanensis,Pipistrellus_kuhlii,Plecotus_auritus		/scratch/project_2004342/everything/paml_clean/FINAL_refseq_ftp_pipeline/11_paml_nuclear_final/trees/labelled/ATP5F1B/vesper_wholeclade/ATP5F1B.vesper_wholeclade.labelled.tree
ATP5MC1	30	135	nilssonii_terminal	terminal	TERMINAL_LABELLED	30	1	1	Cnephaeus_nilssonii		/scratch/project_2004342/everything/paml_clean/FINAL_refseq_ftp_pipeline/11_paml_nuclear_final/trees/labelled/ATP5MC1/nilssonii_terminal/ATP5MC1.nilssonii_terminal.labelled.tree
ATP5MC1	30	135	ept_stem	stem	STEM_LABELLED	30	2	2	Cnephaeus_nilssonii,Eptesicus_fuscus		/scratch/project_2004342/everything/paml_clean/FINAL_refseq_ftp_pipeline/11_paml_nuclear_final/trees/labelled/ATP5MC1/ept_stem/ATP5MC1.ept_stem.labelled.tree
ATP5MC1	30	135	ept_terminals	terminal	TERMINAL_LABELLED	30	2	2	Cnephaeus_nilssonii,Eptesicus_fuscus		/scratch/project_2004342/everything/paml_clean/FINAL_refseq_ftp_pipeline/11_paml_nuclear_final/trees/labelled/ATP5MC1/ept_terminals/ATP5MC1.ept_terminals.labelled.tree
ATP5MC1	30	135	myotis_cold_taxa	terminal	TERMINAL_LABELLED	30	6	6	Myotis_brandtii,Myotis_daubentonii,Myotis_davidii,Myotis_lucifugus,Myotis_myotis,Myotis_yumanensis		/scratch/project_2004342/everything/paml_clean/FINAL_refseq_ftp_pipeline/11_paml_nuclear_final/trees/labelled/ATP5MC1/myotis_cold_taxa/ATP5MC1.myotis_cold_taxa.labelled.tree
ATP5MC1	30	135	myotis_cold_wholeclade	whole_clade	WHOLE_CLADE_LABELLED	30	7	7	Myotis_brandtii,Myotis_daubentonii,Myotis_davidii,Myotis_lucifugus,Myotis_myotis,Myotis_nattereri,Myotis_yumanensis		/scratch/project_2004342/everything/paml_clean/FINAL_refseq_ftp_pipeline/11_paml_nuclear_final/trees/labelled/ATP5MC1/myotis_cold_wholeclade/ATP5MC1.myotis_cold_wholeclade.labelled.tree
ATP5MC1	30	135	coldbats_taxa	terminal	TERMINAL_LABELLED	30	9	9	Cnephaeus_nilssonii,Eptesicus_fuscus,Myotis_brandtii,Myotis_daubentonii,Myotis_davidii,Myotis_lucifugus,Myotis_myotis,Myotis_yumanensis,Pipistrellus_kuhlii		/scratch/project_2004342/everything/paml_clean/FINAL_refseq_ftp_pipeline/11_paml_nuclear_final/trees/labelled/ATP5MC1/coldbats_taxa/ATP5MC1.coldbats_taxa.labelled.tree
ATP5MC1	30	135	vesper_wholeclade	whole_clade	WHOLE_CLADE_LABELLED	30	11	11	Cnephaeus_nilssonii,Eptesicus_fuscus,Myotis_brandtii,Myotis_daubentonii,Myotis_davidii,Myotis_lucifugus,Myotis_myotis,Myotis_nattereri,Myotis_yumanensis,Pipistrellus_kuhlii,Plecotus_auritus		/scratch/project_2004342/everything/paml_clean/FINAL_refseq_ftp_pipeline/11_paml_nuclear_final/trees/labelled/ATP5MC1/vesper_wholeclade/ATP5MC1.vesper_wholeclade.labelled.tree
COX4I1	30	169	nilssonii_terminal	terminal	TERMINAL_LABELLED	30	1	1	Cnephaeus_nilssonii		/scratch/project_2004342/everything/paml_clean/FINAL_refseq_ftp_pipeline/11_paml_nuclear_final/trees/labelled/COX4I1/nilssonii_terminal/COX4I1.nilssonii_terminal.labelled.tree
COX4I1	30	169	ept_stem	stem	STEM_LABELLED	30	2	2	Cnephaeus_nilssonii,Eptesicus_fuscus		/scratch/project_2004342/everything/paml_clean/FINAL_refseq_ftp_pipeline/11_paml_nuclear_final/trees/labelled/COX4I1/ept_stem/COX4I1.ept_stem.labelled.tree
COX4I1	30	169	ept_terminals	terminal	TERMINAL_LABELLED	30	2	2	Cnephaeus_nilssonii,Eptesicus_fuscus		/scratch/project_2004342/everything/paml_clean/FINAL_refseq_ftp_pipeline/11_paml_nuclear_final/trees/labelled/COX4I1/ept_terminals/COX4I1.ept_terminals.labelled.tree
COX4I1	30	169	myotis_cold_taxa	terminal	TERMINAL_LABELLED	30	6	6	Myotis_brandtii,Myotis_daubentonii,Myotis_davidii,Myotis_lucifugus,Myotis_myotis,Myotis_yumanensis		/scratch/project_2004342/everything/paml_clean/FINAL_refseq_ftp_pipeline/11_paml_nuclear_final/trees/labelled/COX4I1/myotis_cold_taxa/COX4I1.myotis_cold_taxa.labelled.tree
COX4I1	30	169	myotis_cold_wholeclade	whole_clade	WHOLE_CLADE_LABELLED	30	7	7	Myotis_brandtii,Myotis_daubentonii,Myotis_davidii,Myotis_lucifugus,Myotis_myotis,Myotis_nattereri,Myotis_yumanensis		/scratch/project_2004342/everything/paml_clean/FINAL_refseq_ftp_pipeline/11_paml_nuclear_final/trees/labelled/COX4I1/myotis_cold_wholeclade/COX4I1.myotis_cold_wholeclade.labelled.tree
COX4I1	30	169	coldbats_taxa	terminal	TERMINAL_LABELLED	30	9	9	Cnephaeus_nilssonii,Eptesicus_fuscus,Myotis_brandtii,Myotis_daubentonii,Myotis_davidii,Myotis_lucifugus,Myotis_myotis,Myotis_yumanensis,Pipistrellus_kuhlii		/scratch/project_2004342/everything/paml_clean/FINAL_refseq_ftp_pipeline/11_paml_nuclear_final/trees/labelled/COX4I1/coldbats_taxa/COX4I1.coldbats_taxa.labelled.tree
COX4I1	30	169	vesper_wholeclade	whole_clade	WHOLE_CLADE_LABELLED	30	11	11	Cnephaeus_nilssonii,Eptesicus_fuscus,Myotis_brandtii,Myotis_daubentonii,Myotis_davidii,Myotis_lucifugus,Myotis_myotis,Myotis_nattereri,Myotis_yumanensis,Pipistrellus_kuhlii,Plecotus_auritus		/scratch/project_2004342/everything/paml_clean/FINAL_refseq_ftp_pipeline/11_paml_nuclear_final/trees/labelled/COX4I1/vesper_wholeclade/COX4I1.vesper_wholeclade.labelled.tree
COX7A1	26	80	nilssonii_terminal	terminal	SKIPPED_NO_FOREGROUND	26	1	0	NA	Cnephaeus_nilssonii	NA
COX7A1	26	80	ept_stem	stem	SKIPPED_INCOMPLETE_FOREGROUND	26	2	1	Eptesicus_fuscus	Cnephaeus_nilssonii	NA
COX7A1	26	80	ept_terminals	terminal	SKIPPED_INCOMPLETE_FOREGROUND	26	2	1	Eptesicus_fuscus	Cnephaeus_nilssonii	NA
COX7A1	26	80	myotis_cold_taxa	terminal	TERMINAL_LABELLED	26	6	6	Myotis_brandtii,Myotis_daubentonii,Myotis_davidii,Myotis_lucifugus,Myotis_myotis,Myotis_yumanensis		/scratch/project_2004342/everything/paml_clean/FINAL_refseq_ftp_pipeline/11_paml_nuclear_final/trees/labelled/COX7A1/myotis_cold_taxa/COX7A1.myotis_cold_taxa.labelled.tree
COX7A1	26	80	myotis_cold_wholeclade	whole_clade	SKIPPED_INCOMPLETE_FOREGROUND	26	7	6	Myotis_brandtii,Myotis_daubentonii,Myotis_davidii,Myotis_lucifugus,Myotis_myotis,Myotis_yumanensis	Myotis_nattereri	NA
COX7A1	26	80	coldbats_taxa	terminal	TERMINAL_LABELLED	26	9	8	Eptesicus_fuscus,Myotis_brandtii,Myotis_daubentonii,Myotis_davidii,Myotis_lucifugus,Myotis_myotis,Myotis_yumanensis,Pipistrellus_kuhlii	Cnephaeus_nilssonii	/scratch/project_2004342/everything/paml_clean/FINAL_refseq_ftp_pipeline/11_paml_nuclear_final/trees/labelled/COX7A1/coldbats_taxa/COX7A1.coldbats_taxa.labelled.tree
COX7A1	26	80	vesper_wholeclade	whole_clade	SKIPPED_INCOMPLETE_FOREGROUND	26	11	9	Eptesicus_fuscus,Myotis_brandtii,Myotis_daubentonii,Myotis_davidii,Myotis_lucifugus,Myotis_myotis,Myotis_yumanensis,Pipistrellus_kuhlii,Plecotus_auritus	Cnephaeus_nilssonii,Myotis_nattereri	NA
CPT1A	28	775	nilssonii_terminal	terminal	TERMINAL_LABELLED	28	1	1	Cnephaeus_nilssonii		/scratch/project_2004342/everything/paml_clean/FINAL_refseq_ftp_pipeline/11_paml_nuclear_final/trees/labelled/CPT1A/nilssonii_terminal/CPT1A.nilssonii_terminal.labelled.tree
CPT1A	28	775	ept_stem	stem	STEM_LABELLED	28	2	2	Cnephaeus_nilssonii,Eptesicus_fuscus		/scratch/project_2004342/everything/paml_clean/FINAL_refseq_ftp_pipeline/11_paml_nuclear_final/trees/labelled/CPT1A/ept_stem/CPT1A.ept_stem.labelled.tree
CPT1A	28	775	ept_terminals	terminal	TERMINAL_LABELLED	28	2	2	Cnephaeus_nilssonii,Eptesicus_fuscus		/scratch/project_2004342/everything/paml_clean/FINAL_refseq_ftp_pipeline/11_paml_nuclear_final/trees/labelled/CPT1A/ept_terminals/CPT1A.ept_terminals.labelled.tree
CPT1A	28	775	myotis_cold_taxa	terminal	TERMINAL_LABELLED	28	6	5	Myotis_brandtii,Myotis_daubentonii,Myotis_davidii,Myotis_lucifugus,Myotis_myotis	Myotis_yumanensis	/scratch/project_2004342/everything/paml_clean/FINAL_refseq_ftp_pipeline/11_paml_nuclear_final/trees/labelled/CPT1A/myotis_cold_taxa/CPT1A.myotis_cold_taxa.labelled.tree
CPT1A	28	775	myotis_cold_wholeclade	whole_clade	SKIPPED_INCOMPLETE_FOREGROUND	28	7	6	Myotis_brandtii,Myotis_daubentonii,Myotis_davidii,Myotis_lucifugus,Myotis_myotis,Myotis_nattereri	Myotis_yumanensis	NA
CPT1A	28	775	coldbats_taxa	terminal	TERMINAL_LABELLED	28	9	8	Cnephaeus_nilssonii,Eptesicus_fuscus,Myotis_brandtii,Myotis_daubentonii,Myotis_davidii,Myotis_lucifugus,Myotis_myotis,Pipistrellus_kuhlii	Myotis_yumanensis	/scratch/project_2004342/everything/paml_clean/FINAL_refseq_ftp_pipeline/11_paml_nuclear_final/trees/labelled/CPT1A/coldbats_taxa/CPT1A.coldbats_taxa.labelled.tree
CPT1A	28	775	vesper_wholeclade	whole_clade	SKIPPED_INCOMPLETE_FOREGROUND	28	11	10	Cnephaeus_nilssonii,Eptesicus_fuscus,Myotis_brandtii,Myotis_daubentonii,Myotis_davidii,Myotis_lucifugus,Myotis_myotis,Myotis_nattereri,Pipistrellus_kuhlii,Plecotus_auritus	Myotis_yumanensis	NA
CPT1B	30	771	nilssonii_terminal	terminal	TERMINAL_LABELLED	30	1	1	Cnephaeus_nilssonii		/scratch/project_2004342/everything/paml_clean/FINAL_refseq_ftp_pipeline/11_paml_nuclear_final/trees/labelled/CPT1B/nilssonii_terminal/CPT1B.nilssonii_terminal.labelled.tree
CPT1B	30	771	ept_stem	stem	STEM_LABELLED	30	2	2	Cnephaeus_nilssonii,Eptesicus_fuscus		/scratch/project_2004342/everything/paml_clean/FINAL_refseq_ftp_pipeline/11_paml_nuclear_final/trees/labelled/CPT1B/ept_stem/CPT1B.ept_stem.labelled.tree
CPT1B	30	771	ept_terminals	terminal	TERMINAL_LABELLED	30	2	2	Cnephaeus_nilssonii,Eptesicus_fuscus		/scratch/project_2004342/everything/paml_clean/FINAL_refseq_ftp_pipeline/11_paml_nuclear_final/trees/labelled/CPT1B/ept_terminals/CPT1B.ept_terminals.labelled.tree
CPT1B	30	771	myotis_cold_taxa	terminal	TERMINAL_LABELLED	30	6	6	Myotis_brandtii,Myotis_daubentonii,Myotis_davidii,Myotis_lucifugus,Myotis_myotis,Myotis_yumanensis		/scratch/project_2004342/everything/paml_clean/FINAL_refseq_ftp_pipeline/11_paml_nuclear_final/trees/labelled/CPT1B/myotis_cold_taxa/CPT1B.myotis_cold_taxa.labelled.tree
CPT1B	30	771	myotis_cold_wholeclade	whole_clade	WHOLE_CLADE_LABELLED	30	7	7	Myotis_brandtii,Myotis_daubentonii,Myotis_davidii,Myotis_lucifugus,Myotis_myotis,Myotis_nattereri,Myotis_yumanensis		/scratch/project_2004342/everything/paml_clean/FINAL_refseq_ftp_pipeline/11_paml_nuclear_final/trees/labelled/CPT1B/myotis_cold_wholeclade/CPT1B.myotis_cold_wholeclade.labelled.tree
CPT1B	30	771	coldbats_taxa	terminal	TERMINAL_LABELLED	30	9	9	Cnephaeus_nilssonii,Eptesicus_fuscus,Myotis_brandtii,Myotis_daubentonii,Myotis_davidii,Myotis_lucifugus,Myotis_myotis,Myotis_yumanensis,Pipistrellus_kuhlii		/scratch/project_2004342/everything/paml_clean/FINAL_refseq_ftp_pipeline/11_paml_nuclear_final/trees/labelled/CPT1B/coldbats_taxa/CPT1B.coldbats_taxa.labelled.tree
CPT1B	30	771	vesper_wholeclade	whole_clade	WHOLE_CLADE_LABELLED	30	11	11	Cnephaeus_nilssonii,Eptesicus_fuscus,Myotis_brandtii,Myotis_daubentonii,Myotis_davidii,Myotis_lucifugus,Myotis_myotis,Myotis_nattereri,Myotis_yumanensis,Pipistrellus_kuhlii,Plecotus_auritus		/scratch/project_2004342/everything/paml_clean/FINAL_refseq_ftp_pipeline/11_paml_nuclear_final/trees/labelled/CPT1B/vesper_wholeclade/CPT1B.vesper_wholeclade.labelled.tree
CPT2	29	658	nilssonii_terminal	terminal	TERMINAL_LABELLED	29	1	1	Cnephaeus_nilssonii		/scratch/project_2004342/everything/paml_clean/FINAL_refseq_ftp_pipeline/11_paml_nuclear_final/trees/labelled/CPT2/nilssonii_terminal/CPT2.nilssonii_terminal.labelled.tree
CPT2	29	658	ept_stem	stem	STEM_LABELLED	29	2	2	Cnephaeus_nilssonii,Eptesicus_fuscus		/scratch/project_2004342/everything/paml_clean/FINAL_refseq_ftp_pipeline/11_paml_nuclear_final/trees/labelled/CPT2/ept_stem/CPT2.ept_stem.labelled.tree
CPT2	29	658	ept_terminals	terminal	TERMINAL_LABELLED	29	2	2	Cnephaeus_nilssonii,Eptesicus_fuscus		/scratch/project_2004342/everything/paml_clean/FINAL_refseq_ftp_pipeline/11_paml_nuclear_final/trees/labelled/CPT2/ept_terminals/CPT2.ept_terminals.labelled.tree
CPT2	29	658	myotis_cold_taxa	terminal	TERMINAL_LABELLED	29	6	6	Myotis_brandtii,Myotis_daubentonii,Myotis_davidii,Myotis_lucifugus,Myotis_myotis,Myotis_yumanensis		/scratch/project_2004342/everything/paml_clean/FINAL_refseq_ftp_pipeline/11_paml_nuclear_final/trees/labelled/CPT2/myotis_cold_taxa/CPT2.myotis_cold_taxa.labelled.tree
CPT2	29	658	myotis_cold_wholeclade	whole_clade	WHOLE_CLADE_LABELLED	29	7	7	Myotis_brandtii,Myotis_daubentonii,Myotis_davidii,Myotis_lucifugus,Myotis_myotis,Myotis_nattereri,Myotis_yumanensis		/scratch/project_2004342/everything/paml_clean/FINAL_refseq_ftp_pipeline/11_paml_nuclear_final/trees/labelled/CPT2/myotis_cold_wholeclade/CPT2.myotis_cold_wholeclade.labelled.tree
CPT2	29	658	coldbats_taxa	terminal	TERMINAL_LABELLED	29	9	9	Cnephaeus_nilssonii,Eptesicus_fuscus,Myotis_brandtii,Myotis_daubentonii,Myotis_davidii,Myotis_lucifugus,Myotis_myotis,Myotis_yumanensis,Pipistrellus_kuhlii		/scratch/project_2004342/everything/paml_clean/FINAL_refseq_ftp_pipeline/11_paml_nuclear_final/trees/labelled/CPT2/coldbats_taxa/CPT2.coldbats_taxa.labelled.tree
CPT2	29	658	vesper_wholeclade	whole_clade	WHOLE_CLADE_LABELLED	29	11	11	Cnephaeus_nilssonii,Eptesicus_fuscus,Myotis_brandtii,Myotis_daubentonii,Myotis_davidii,Myotis_lucifugus,Myotis_myotis,Myotis_nattereri,Myotis_yumanensis,Pipistrellus_kuhlii,Plecotus_auritus		/scratch/project_2004342/everything/paml_clean/FINAL_refseq_ftp_pipeline/11_paml_nuclear_final/trees/labelled/CPT2/vesper_wholeclade/CPT2.vesper_wholeclade.labelled.tree
CREB3L1	30	520	nilssonii_terminal	terminal	TERMINAL_LABELLED	30	1	1	Cnephaeus_nilssonii		/scratch/project_2004342/everything/paml_clean/FINAL_refseq_ftp_pipeline/11_paml_nuclear_final/trees/labelled/CREB3L1/nilssonii_terminal/CREB3L1.nilssonii_terminal.labelled.tree
CREB3L1	30	520	ept_stem	stem	STEM_LABELLED	30	2	2	Cnephaeus_nilssonii,Eptesicus_fuscus		/scratch/project_2004342/everything/paml_clean/FINAL_refseq_ftp_pipeline/11_paml_nuclear_final/trees/labelled/CREB3L1/ept_stem/CREB3L1.ept_stem.labelled.tree
CREB3L1	30	520	ept_terminals	terminal	TERMINAL_LABELLED	30	2	2	Cnephaeus_nilssonii,Eptesicus_fuscus		/scratch/project_2004342/everything/paml_clean/FINAL_refseq_ftp_pipeline/11_paml_nuclear_final/trees/labelled/CREB3L1/ept_terminals/CREB3L1.ept_terminals.labelled.tree
CREB3L1	30	520	myotis_cold_taxa	terminal	TERMINAL_LABELLED	30	6	6	Myotis_brandtii,Myotis_daubentonii,Myotis_davidii,Myotis_lucifugus,Myotis_myotis,Myotis_yumanensis		/scratch/project_2004342/everything/paml_clean/FINAL_refseq_ftp_pipeline/11_paml_nuclear_final/trees/labelled/CREB3L1/myotis_cold_taxa/CREB3L1.myotis_cold_taxa.labelled.tree
CREB3L1	30	520	myotis_cold_wholeclade	whole_clade	WHOLE_CLADE_LABELLED	30	7	7	Myotis_brandtii,Myotis_daubentonii,Myotis_davidii,Myotis_lucifugus,Myotis_myotis,Myotis_nattereri,Myotis_yumanensis		/scratch/project_2004342/everything/paml_clean/FINAL_refseq_ftp_pipeline/11_paml_nuclear_final/trees/labelled/CREB3L1/myotis_cold_wholeclade/CREB3L1.myotis_cold_wholeclade.labelled.tree
CREB3L1	30	520	coldbats_taxa	terminal	TERMINAL_LABELLED	30	9	9	Cnephaeus_nilssonii,Eptesicus_fuscus,Myotis_brandtii,Myotis_daubentonii,Myotis_davidii,Myotis_lucifugus,Myotis_myotis,Myotis_yumanensis,Pipistrellus_kuhlii		/scratch/project_2004342/everything/paml_clean/FINAL_refseq_ftp_pipeline/11_paml_nuclear_final/trees/labelled/CREB3L1/coldbats_taxa/CREB3L1.coldbats_taxa.labelled.tree
CREB3L1	30	520	vesper_wholeclade	whole_clade	WHOLE_CLADE_LABELLED	30	11	11	Cnephaeus_nilssonii,Eptesicus_fuscus,Myotis_brandtii,Myotis_daubentonii,Myotis_davidii,Myotis_lucifugus,Myotis_myotis,Myotis_nattereri,Myotis_yumanensis,Pipistrellus_kuhlii,Plecotus_auritus		/scratch/project_2004342/everything/paml_clean/FINAL_refseq_ftp_pipeline/11_paml_nuclear_final/trees/labelled/CREB3L1/vesper_wholeclade/CREB3L1.vesper_wholeclade.labelled.tree
CREB3L4	25	396	nilssonii_terminal	terminal	TERMINAL_LABELLED	25	1	1	Cnephaeus_nilssonii		/scratch/project_2004342/everything/paml_clean/FINAL_refseq_ftp_pipeline/11_paml_nuclear_final/trees/labelled/CREB3L4/nilssonii_terminal/CREB3L4.nilssonii_terminal.labelled.tree
CREB3L4	25	396	ept_stem	stem	STEM_LABELLED	25	2	2	Cnephaeus_nilssonii,Eptesicus_fuscus		/scratch/project_2004342/everything/paml_clean/FINAL_refseq_ftp_pipeline/11_paml_nuclear_final/trees/labelled/CREB3L4/ept_stem/CREB3L4.ept_stem.labelled.tree
CREB3L4	25	396	ept_terminals	terminal	TERMINAL_LABELLED	25	2	2	Cnephaeus_nilssonii,Eptesicus_fuscus		/scratch/project_2004342/everything/paml_clean/FINAL_refseq_ftp_pipeline/11_paml_nuclear_final/trees/labelled/CREB3L4/ept_terminals/CREB3L4.ept_terminals.labelled.tree
CREB3L4	25	396	myotis_cold_taxa	terminal	TERMINAL_LABELLED	25	6	6	Myotis_brandtii,Myotis_daubentonii,Myotis_davidii,Myotis_lucifugus,Myotis_myotis,Myotis_yumanensis		/scratch/project_2004342/everything/paml_clean/FINAL_refseq_ftp_pipeline/11_paml_nuclear_final/trees/labelled/CREB3L4/myotis_cold_taxa/CREB3L4.myotis_cold_taxa.labelled.tree
CREB3L4	25	396	myotis_cold_wholeclade	whole_clade	WHOLE_CLADE_LABELLED	25	7	7	Myotis_brandtii,Myotis_daubentonii,Myotis_davidii,Myotis_lucifugus,Myotis_myotis,Myotis_nattereri,Myotis_yumanensis		/scratch/project_2004342/everything/paml_clean/FINAL_refseq_ftp_pipeline/11_paml_nuclear_final/trees/labelled/CREB3L4/myotis_cold_wholeclade/CREB3L4.myotis_cold_wholeclade.labelled.tree
CREB3L4	25	396	coldbats_taxa	terminal	TERMINAL_LABELLED	25	9	9	Cnephaeus_nilssonii,Eptesicus_fuscus,Myotis_brandtii,Myotis_daubentonii,Myotis_davidii,Myotis_lucifugus,Myotis_myotis,Myotis_yumanensis,Pipistrellus_kuhlii		/scratch/project_2004342/everything/paml_clean/FINAL_refseq_ftp_pipeline/11_paml_nuclear_final/trees/labelled/CREB3L4/coldbats_taxa/CREB3L4.coldbats_taxa.labelled.tree
CREB3L4	25	396	vesper_wholeclade	whole_clade	WHOLE_CLADE_LABELLED	25	11	11	Cnephaeus_nilssonii,Eptesicus_fuscus,Myotis_brandtii,Myotis_daubentonii,Myotis_davidii,Myotis_lucifugus,Myotis_myotis,Myotis_nattereri,Myotis_yumanensis,Pipistrellus_kuhlii,Plecotus_auritus		/scratch/project_2004342/everything/paml_clean/FINAL_refseq_ftp_pipeline/11_paml_nuclear_final/trees/labelled/CREB3L4/vesper_wholeclade/CREB3L4.vesper_wholeclade.labelled.tree
CREB5	29	502	nilssonii_terminal	terminal	TERMINAL_LABELLED	29	1	1	Cnephaeus_nilssonii		/scratch/project_2004342/everything/paml_clean/FINAL_refseq_ftp_pipeline/11_paml_nuclear_final/trees/labelled/CREB5/nilssonii_terminal/CREB5.nilssonii_terminal.labelled.tree
CREB5	29	502	ept_stem	stem	STEM_LABELLED	29	2	2	Cnephaeus_nilssonii,Eptesicus_fuscus		/scratch/project_2004342/everything/paml_clean/FINAL_refseq_ftp_pipeline/11_paml_nuclear_final/trees/labelled/CREB5/ept_stem/CREB5.ept_stem.labelled.tree
CREB5	29	502	ept_terminals	terminal	TERMINAL_LABELLED	29	2	2	Cnephaeus_nilssonii,Eptesicus_fuscus		/scratch/project_2004342/everything/paml_clean/FINAL_refseq_ftp_pipeline/11_paml_nuclear_final/trees/labelled/CREB5/ept_terminals/CREB5.ept_terminals.labelled.tree
CREB5	29	502	myotis_cold_taxa	terminal	TERMINAL_LABELLED	29	6	6	Myotis_brandtii,Myotis_daubentonii,Myotis_davidii,Myotis_lucifugus,Myotis_myotis,Myotis_yumanensis		/scratch/project_2004342/everything/paml_clean/FINAL_refseq_ftp_pipeline/11_paml_nuclear_final/trees/labelled/CREB5/myotis_cold_taxa/CREB5.myotis_cold_taxa.labelled.tree
CREB5	29	502	myotis_cold_wholeclade	whole_clade	WHOLE_CLADE_LABELLED	29	7	7	Myotis_brandtii,Myotis_daubentonii,Myotis_davidii,Myotis_lucifugus,Myotis_myotis,Myotis_nattereri,Myotis_yumanensis		/scratch/project_2004342/everything/paml_clean/FINAL_refseq_ftp_pipeline/11_paml_nuclear_final/trees/labelled/CREB5/myotis_cold_wholeclade/CREB5.myotis_cold_wholeclade.labelled.tree
CREB5	29	502	coldbats_taxa	terminal	TERMINAL_LABELLED	29	9	9	Cnephaeus_nilssonii,Eptesicus_fuscus,Myotis_brandtii,Myotis_daubentonii,Myotis_davidii,Myotis_lucifugus,Myotis_myotis,Myotis_yumanensis,Pipistrellus_kuhlii		/scratch/project_2004342/everything/paml_clean/FINAL_refseq_ftp_pipeline/11_paml_nuclear_final/trees/labelled/CREB5/coldbats_taxa/CREB5.coldbats_taxa.labelled.tree
CREB5	29	502	vesper_wholeclade	whole_clade	WHOLE_CLADE_LABELLED	29	11	11	Cnephaeus_nilssonii,Eptesicus_fuscus,Myotis_brandtii,Myotis_daubentonii,Myotis_davidii,Myotis_lucifugus,Myotis_myotis,Myotis_nattereri,Myotis_yumanensis,Pipistrellus_kuhlii,Plecotus_auritus		/scratch/project_2004342/everything/paml_clean/FINAL_refseq_ftp_pipeline/11_paml_nuclear_final/trees/labelled/CREB5/vesper_wholeclade/CREB5.vesper_wholeclade.labelled.tree
FGFR1	30	822	nilssonii_terminal	terminal	TERMINAL_LABELLED	30	1	1	Cnephaeus_nilssonii		/scratch/project_2004342/everything/paml_clean/FINAL_refseq_ftp_pipeline/11_paml_nuclear_final/trees/labelled/FGFR1/nilssonii_terminal/FGFR1.nilssonii_terminal.labelled.tree
FGFR1	30	822	ept_stem	stem	STEM_LABELLED	30	2	2	Cnephaeus_nilssonii,Eptesicus_fuscus		/scratch/project_2004342/everything/paml_clean/FINAL_refseq_ftp_pipeline/11_paml_nuclear_final/trees/labelled/FGFR1/ept_stem/FGFR1.ept_stem.labelled.tree
FGFR1	30	822	ept_terminals	terminal	TERMINAL_LABELLED	30	2	2	Cnephaeus_nilssonii,Eptesicus_fuscus		/scratch/project_2004342/everything/paml_clean/FINAL_refseq_ftp_pipeline/11_paml_nuclear_final/trees/labelled/FGFR1/ept_terminals/FGFR1.ept_terminals.labelled.tree
FGFR1	30	822	myotis_cold_taxa	terminal	TERMINAL_LABELLED	30	6	6	Myotis_brandtii,Myotis_daubentonii,Myotis_davidii,Myotis_lucifugus,Myotis_myotis,Myotis_yumanensis		/scratch/project_2004342/everything/paml_clean/FINAL_refseq_ftp_pipeline/11_paml_nuclear_final/trees/labelled/FGFR1/myotis_cold_taxa/FGFR1.myotis_cold_taxa.labelled.tree
FGFR1	30	822	myotis_cold_wholeclade	whole_clade	WHOLE_CLADE_LABELLED	30	7	7	Myotis_brandtii,Myotis_daubentonii,Myotis_davidii,Myotis_lucifugus,Myotis_myotis,Myotis_nattereri,Myotis_yumanensis		/scratch/project_2004342/everything/paml_clean/FINAL_refseq_ftp_pipeline/11_paml_nuclear_final/trees/labelled/FGFR1/myotis_cold_wholeclade/FGFR1.myotis_cold_wholeclade.labelled.tree
FGFR1	30	822	coldbats_taxa	terminal	TERMINAL_LABELLED	30	9	9	Cnephaeus_nilssonii,Eptesicus_fuscus,Myotis_brandtii,Myotis_daubentonii,Myotis_davidii,Myotis_lucifugus,Myotis_myotis,Myotis_yumanensis,Pipistrellus_kuhlii		/scratch/project_2004342/everything/paml_clean/FINAL_refseq_ftp_pipeline/11_paml_nuclear_final/trees/labelled/FGFR1/coldbats_taxa/FGFR1.coldbats_taxa.labelled.tree
FGFR1	30	822	vesper_wholeclade	whole_clade	WHOLE_CLADE_LABELLED	30	11	11	Cnephaeus_nilssonii,Eptesicus_fuscus,Myotis_brandtii,Myotis_daubentonii,Myotis_davidii,Myotis_lucifugus,Myotis_myotis,Myotis_nattereri,Myotis_yumanensis,Pipistrellus_kuhlii,Plecotus_auritus		/scratch/project_2004342/everything/paml_clean/FINAL_refseq_ftp_pipeline/11_paml_nuclear_final/trees/labelled/FGFR1/vesper_wholeclade/FGFR1.vesper_wholeclade.labelled.tree
NDUFA1	29	70	nilssonii_terminal	terminal	TERMINAL_LABELLED	29	1	1	Cnephaeus_nilssonii		/scratch/project_2004342/everything/paml_clean/FINAL_refseq_ftp_pipeline/11_paml_nuclear_final/trees/labelled/NDUFA1/nilssonii_terminal/NDUFA1.nilssonii_terminal.labelled.tree
NDUFA1	29	70	ept_stem	stem	STEM_LABELLED	29	2	2	Cnephaeus_nilssonii,Eptesicus_fuscus		/scratch/project_2004342/everything/paml_clean/FINAL_refseq_ftp_pipeline/11_paml_nuclear_final/trees/labelled/NDUFA1/ept_stem/NDUFA1.ept_stem.labelled.tree
NDUFA1	29	70	ept_terminals	terminal	TERMINAL_LABELLED	29	2	2	Cnephaeus_nilssonii,Eptesicus_fuscus		/scratch/project_2004342/everything/paml_clean/FINAL_refseq_ftp_pipeline/11_paml_nuclear_final/trees/labelled/NDUFA1/ept_terminals/NDUFA1.ept_terminals.labelled.tree
NDUFA1	29	70	myotis_cold_taxa	terminal	TERMINAL_LABELLED	29	6	6	Myotis_brandtii,Myotis_daubentonii,Myotis_davidii,Myotis_lucifugus,Myotis_myotis,Myotis_yumanensis		/scratch/project_2004342/everything/paml_clean/FINAL_refseq_ftp_pipeline/11_paml_nuclear_final/trees/labelled/NDUFA1/myotis_cold_taxa/NDUFA1.myotis_cold_taxa.labelled.tree
NDUFA1	29	70	myotis_cold_wholeclade	whole_clade	WHOLE_CLADE_LABELLED	29	7	7	Myotis_brandtii,Myotis_daubentonii,Myotis_davidii,Myotis_lucifugus,Myotis_myotis,Myotis_nattereri,Myotis_yumanensis		/scratch/project_2004342/everything/paml_clean/FINAL_refseq_ftp_pipeline/11_paml_nuclear_final/trees/labelled/NDUFA1/myotis_cold_wholeclade/NDUFA1.myotis_cold_wholeclade.labelled.tree
NDUFA1	29	70	coldbats_taxa	terminal	TERMINAL_LABELLED	29	9	9	Cnephaeus_nilssonii,Eptesicus_fuscus,Myotis_brandtii,Myotis_daubentonii,Myotis_davidii,Myotis_lucifugus,Myotis_myotis,Myotis_yumanensis,Pipistrellus_kuhlii		/scratch/project_2004342/everything/paml_clean/FINAL_refseq_ftp_pipeline/11_paml_nuclear_final/trees/labelled/NDUFA1/coldbats_taxa/NDUFA1.coldbats_taxa.labelled.tree
NDUFA1	29	70	vesper_wholeclade	whole_clade	WHOLE_CLADE_LABELLED	29	11	11	Cnephaeus_nilssonii,Eptesicus_fuscus,Myotis_brandtii,Myotis_daubentonii,Myotis_davidii,Myotis_lucifugus,Myotis_myotis,Myotis_nattereri,Myotis_yumanensis,Pipistrellus_kuhlii,Plecotus_auritus		/scratch/project_2004342/everything/paml_clean/FINAL_refseq_ftp_pipeline/11_paml_nuclear_final/trees/labelled/NDUFA1/vesper_wholeclade/NDUFA1.vesper_wholeclade.labelled.tree
NDUFB8	30	186	nilssonii_terminal	terminal	TERMINAL_LABELLED	30	1	1	Cnephaeus_nilssonii		/scratch/project_2004342/everything/paml_clean/FINAL_refseq_ftp_pipeline/11_paml_nuclear_final/trees/labelled/NDUFB8/nilssonii_terminal/NDUFB8.nilssonii_terminal.labelled.tree
NDUFB8	30	186	ept_stem	stem	STEM_LABELLED	30	2	2	Cnephaeus_nilssonii,Eptesicus_fuscus		/scratch/project_2004342/everything/paml_clean/FINAL_refseq_ftp_pipeline/11_paml_nuclear_final/trees/labelled/NDUFB8/ept_stem/NDUFB8.ept_stem.labelled.tree
NDUFB8	30	186	ept_terminals	terminal	TERMINAL_LABELLED	30	2	2	Cnephaeus_nilssonii,Eptesicus_fuscus		/scratch/project_2004342/everything/paml_clean/FINAL_refseq_ftp_pipeline/11_paml_nuclear_final/trees/labelled/NDUFB8/ept_terminals/NDUFB8.ept_terminals.labelled.tree
NDUFB8	30	186	myotis_cold_taxa	terminal	TERMINAL_LABELLED	30	6	6	Myotis_brandtii,Myotis_daubentonii,Myotis_davidii,Myotis_lucifugus,Myotis_myotis,Myotis_yumanensis		/scratch/project_2004342/everything/paml_clean/FINAL_refseq_ftp_pipeline/11_paml_nuclear_final/trees/labelled/NDUFB8/myotis_cold_taxa/NDUFB8.myotis_cold_taxa.labelled.tree
NDUFB8	30	186	myotis_cold_wholeclade	whole_clade	WHOLE_CLADE_LABELLED	30	7	7	Myotis_brandtii,Myotis_daubentonii,Myotis_davidii,Myotis_lucifugus,Myotis_myotis,Myotis_nattereri,Myotis_yumanensis		/scratch/project_2004342/everything/paml_clean/FINAL_refseq_ftp_pipeline/11_paml_nuclear_final/trees/labelled/NDUFB8/myotis_cold_wholeclade/NDUFB8.myotis_cold_wholeclade.labelled.tree
NDUFB8	30	186	coldbats_taxa	terminal	TERMINAL_LABELLED	30	9	9	Cnephaeus_nilssonii,Eptesicus_fuscus,Myotis_brandtii,Myotis_daubentonii,Myotis_davidii,Myotis_lucifugus,Myotis_myotis,Myotis_yumanensis,Pipistrellus_kuhlii		/scratch/project_2004342/everything/paml_clean/FINAL_refseq_ftp_pipeline/11_paml_nuclear_final/trees/labelled/NDUFB8/coldbats_taxa/NDUFB8.coldbats_taxa.labelled.tree
NDUFB8	30	186	vesper_wholeclade	whole_clade	WHOLE_CLADE_LABELLED	30	11	11	Cnephaeus_nilssonii,Eptesicus_fuscus,Myotis_brandtii,Myotis_daubentonii,Myotis_davidii,Myotis_lucifugus,Myotis_myotis,Myotis_nattereri,Myotis_yumanensis,Pipistrellus_kuhlii,Plecotus_auritus		/scratch/project_2004342/everything/paml_clean/FINAL_refseq_ftp_pipeline/11_paml_nuclear_final/trees/labelled/NDUFB8/vesper_wholeclade/NDUFB8.vesper_wholeclade.labelled.tree
NDUFS2	30	465	nilssonii_terminal	terminal	TERMINAL_LABELLED	30	1	1	Cnephaeus_nilssonii		/scratch/project_2004342/everything/paml_clean/FINAL_refseq_ftp_pipeline/11_paml_nuclear_final/trees/labelled/NDUFS2/nilssonii_terminal/NDUFS2.nilssonii_terminal.labelled.tree
NDUFS2	30	465	ept_stem	stem	STEM_LABELLED	30	2	2	Cnephaeus_nilssonii,Eptesicus_fuscus		/scratch/project_2004342/everything/paml_clean/FINAL_refseq_ftp_pipeline/11_paml_nuclear_final/trees/labelled/NDUFS2/ept_stem/NDUFS2.ept_stem.labelled.tree
NDUFS2	30	465	ept_terminals	terminal	TERMINAL_LABELLED	30	2	2	Cnephaeus_nilssonii,Eptesicus_fuscus		/scratch/project_2004342/everything/paml_clean/FINAL_refseq_ftp_pipeline/11_paml_nuclear_final/trees/labelled/NDUFS2/ept_terminals/NDUFS2.ept_terminals.labelled.tree
NDUFS2	30	465	myotis_cold_taxa	terminal	TERMINAL_LABELLED	30	6	6	Myotis_brandtii,Myotis_daubentonii,Myotis_davidii,Myotis_lucifugus,Myotis_myotis,Myotis_yumanensis		/scratch/project_2004342/everything/paml_clean/FINAL_refseq_ftp_pipeline/11_paml_nuclear_final/trees/labelled/NDUFS2/myotis_cold_taxa/NDUFS2.myotis_cold_taxa.labelled.tree
NDUFS2	30	465	myotis_cold_wholeclade	whole_clade	WHOLE_CLADE_LABELLED	30	7	7	Myotis_brandtii,Myotis_daubentonii,Myotis_davidii,Myotis_lucifugus,Myotis_myotis,Myotis_nattereri,Myotis_yumanensis		/scratch/project_2004342/everything/paml_clean/FINAL_refseq_ftp_pipeline/11_paml_nuclear_final/trees/labelled/NDUFS2/myotis_cold_wholeclade/NDUFS2.myotis_cold_wholeclade.labelled.tree
NDUFS2	30	465	coldbats_taxa	terminal	TERMINAL_LABELLED	30	9	9	Cnephaeus_nilssonii,Eptesicus_fuscus,Myotis_brandtii,Myotis_daubentonii,Myotis_davidii,Myotis_lucifugus,Myotis_myotis,Myotis_yumanensis,Pipistrellus_kuhlii		/scratch/project_2004342/everything/paml_clean/FINAL_refseq_ftp_pipeline/11_paml_nuclear_final/trees/labelled/NDUFS2/coldbats_taxa/NDUFS2.coldbats_taxa.labelled.tree
NDUFS2	30	465	vesper_wholeclade	whole_clade	WHOLE_CLADE_LABELLED	30	11	11	Cnephaeus_nilssonii,Eptesicus_fuscus,Myotis_brandtii,Myotis_daubentonii,Myotis_davidii,Myotis_lucifugus,Myotis_myotis,Myotis_nattereri,Myotis_yumanensis,Pipistrellus_kuhlii,Plecotus_auritus		/scratch/project_2004342/everything/paml_clean/FINAL_refseq_ftp_pipeline/11_paml_nuclear_final/trees/labelled/NDUFS2/vesper_wholeclade/NDUFS2.vesper_wholeclade.labelled.tree
NDUFV2	29	249	nilssonii_terminal	terminal	TERMINAL_LABELLED	29	1	1	Cnephaeus_nilssonii		/scratch/project_2004342/everything/paml_clean/FINAL_refseq_ftp_pipeline/11_paml_nuclear_final/trees/labelled/NDUFV2/nilssonii_terminal/NDUFV2.nilssonii_terminal.labelled.tree
NDUFV2	29	249	ept_stem	stem	STEM_LABELLED	29	2	2	Cnephaeus_nilssonii,Eptesicus_fuscus		/scratch/project_2004342/everything/paml_clean/FINAL_refseq_ftp_pipeline/11_paml_nuclear_final/trees/labelled/NDUFV2/ept_stem/NDUFV2.ept_stem.labelled.tree
NDUFV2	29	249	ept_terminals	terminal	TERMINAL_LABELLED	29	2	2	Cnephaeus_nilssonii,Eptesicus_fuscus		/scratch/project_2004342/everything/paml_clean/FINAL_refseq_ftp_pipeline/11_paml_nuclear_final/trees/labelled/NDUFV2/ept_terminals/NDUFV2.ept_terminals.labelled.tree
NDUFV2	29	249	myotis_cold_taxa	terminal	TERMINAL_LABELLED	29	6	6	Myotis_brandtii,Myotis_daubentonii,Myotis_davidii,Myotis_lucifugus,Myotis_myotis,Myotis_yumanensis		/scratch/project_2004342/everything/paml_clean/FINAL_refseq_ftp_pipeline/11_paml_nuclear_final/trees/labelled/NDUFV2/myotis_cold_taxa/NDUFV2.myotis_cold_taxa.labelled.tree
NDUFV2	29	249	myotis_cold_wholeclade	whole_clade	WHOLE_CLADE_LABELLED	29	7	7	Myotis_brandtii,Myotis_daubentonii,Myotis_davidii,Myotis_lucifugus,Myotis_myotis,Myotis_nattereri,Myotis_yumanensis		/scratch/project_2004342/everything/paml_clean/FINAL_refseq_ftp_pipeline/11_paml_nuclear_final/trees/labelled/NDUFV2/myotis_cold_wholeclade/NDUFV2.myotis_cold_wholeclade.labelled.tree
NDUFV2	29	249	coldbats_taxa	terminal	TERMINAL_LABELLED	29	9	9	Cnephaeus_nilssonii,Eptesicus_fuscus,Myotis_brandtii,Myotis_daubentonii,Myotis_davidii,Myotis_lucifugus,Myotis_myotis,Myotis_yumanensis,Pipistrellus_kuhlii		/scratch/project_2004342/everything/paml_clean/FINAL_refseq_ftp_pipeline/11_paml_nuclear_final/trees/labelled/NDUFV2/coldbats_taxa/NDUFV2.coldbats_taxa.labelled.tree
NDUFV2	29	249	vesper_wholeclade	whole_clade	WHOLE_CLADE_LABELLED	29	11	11	Cnephaeus_nilssonii,Eptesicus_fuscus,Myotis_brandtii,Myotis_daubentonii,Myotis_davidii,Myotis_lucifugus,Myotis_myotis,Myotis_nattereri,Myotis_yumanensis,Pipistrellus_kuhlii,Plecotus_auritus		/scratch/project_2004342/everything/paml_clean/FINAL_refseq_ftp_pipeline/11_paml_nuclear_final/trees/labelled/NDUFV2/vesper_wholeclade/NDUFV2.vesper_wholeclade.labelled.tree
PLIN1	28	513	nilssonii_terminal	terminal	TERMINAL_LABELLED	28	1	1	Cnephaeus_nilssonii		/scratch/project_2004342/everything/paml_clean/FINAL_refseq_ftp_pipeline/11_paml_nuclear_final/trees/labelled/PLIN1/nilssonii_terminal/PLIN1.nilssonii_terminal.labelled.tree
PLIN1	28	513	ept_stem	stem	STEM_LABELLED	28	2	2	Cnephaeus_nilssonii,Eptesicus_fuscus		/scratch/project_2004342/everything/paml_clean/FINAL_refseq_ftp_pipeline/11_paml_nuclear_final/trees/labelled/PLIN1/ept_stem/PLIN1.ept_stem.labelled.tree
PLIN1	28	513	ept_terminals	terminal	TERMINAL_LABELLED	28	2	2	Cnephaeus_nilssonii,Eptesicus_fuscus		/scratch/project_2004342/everything/paml_clean/FINAL_refseq_ftp_pipeline/11_paml_nuclear_final/trees/labelled/PLIN1/ept_terminals/PLIN1.ept_terminals.labelled.tree
PLIN1	28	513	myotis_cold_taxa	terminal	TERMINAL_LABELLED	28	6	4	Myotis_daubentonii,Myotis_davidii,Myotis_myotis,Myotis_yumanensis	Myotis_brandtii,Myotis_lucifugus	/scratch/project_2004342/everything/paml_clean/FINAL_refseq_ftp_pipeline/11_paml_nuclear_final/trees/labelled/PLIN1/myotis_cold_taxa/PLIN1.myotis_cold_taxa.labelled.tree
PLIN1	28	513	myotis_cold_wholeclade	whole_clade	SKIPPED_INCOMPLETE_FOREGROUND	28	7	5	Myotis_daubentonii,Myotis_davidii,Myotis_myotis,Myotis_nattereri,Myotis_yumanensis	Myotis_brandtii,Myotis_lucifugus	NA
PLIN1	28	513	coldbats_taxa	terminal	TERMINAL_LABELLED	28	9	7	Cnephaeus_nilssonii,Eptesicus_fuscus,Myotis_daubentonii,Myotis_davidii,Myotis_myotis,Myotis_yumanensis,Pipistrellus_kuhlii	Myotis_brandtii,Myotis_lucifugus	/scratch/project_2004342/everything/paml_clean/FINAL_refseq_ftp_pipeline/11_paml_nuclear_final/trees/labelled/PLIN1/coldbats_taxa/PLIN1.coldbats_taxa.labelled.tree
PLIN1	28	513	vesper_wholeclade	whole_clade	SKIPPED_INCOMPLETE_FOREGROUND	28	11	9	Cnephaeus_nilssonii,Eptesicus_fuscus,Myotis_daubentonii,Myotis_davidii,Myotis_myotis,Myotis_nattereri,Myotis_yumanensis,Pipistrellus_kuhlii,Plecotus_auritus	Myotis_brandtii,Myotis_lucifugus	NA
PPARG	30	505	nilssonii_terminal	terminal	TERMINAL_LABELLED	30	1	1	Cnephaeus_nilssonii		/scratch/project_2004342/everything/paml_clean/FINAL_refseq_ftp_pipeline/11_paml_nuclear_final/trees/labelled/PPARG/nilssonii_terminal/PPARG.nilssonii_terminal.labelled.tree
PPARG	30	505	ept_stem	stem	STEM_LABELLED	30	2	2	Cnephaeus_nilssonii,Eptesicus_fuscus		/scratch/project_2004342/everything/paml_clean/FINAL_refseq_ftp_pipeline/11_paml_nuclear_final/trees/labelled/PPARG/ept_stem/PPARG.ept_stem.labelled.tree
PPARG	30	505	ept_terminals	terminal	TERMINAL_LABELLED	30	2	2	Cnephaeus_nilssonii,Eptesicus_fuscus		/scratch/project_2004342/everything/paml_clean/FINAL_refseq_ftp_pipeline/11_paml_nuclear_final/trees/labelled/PPARG/ept_terminals/PPARG.ept_terminals.labelled.tree
PPARG	30	505	myotis_cold_taxa	terminal	TERMINAL_LABELLED	30	6	6	Myotis_brandtii,Myotis_daubentonii,Myotis_davidii,Myotis_lucifugus,Myotis_myotis,Myotis_yumanensis		/scratch/project_2004342/everything/paml_clean/FINAL_refseq_ftp_pipeline/11_paml_nuclear_final/trees/labelled/PPARG/myotis_cold_taxa/PPARG.myotis_cold_taxa.labelled.tree
PPARG	30	505	myotis_cold_wholeclade	whole_clade	WHOLE_CLADE_LABELLED	30	7	7	Myotis_brandtii,Myotis_daubentonii,Myotis_davidii,Myotis_lucifugus,Myotis_myotis,Myotis_nattereri,Myotis_yumanensis		/scratch/project_2004342/everything/paml_clean/FINAL_refseq_ftp_pipeline/11_paml_nuclear_final/trees/labelled/PPARG/myotis_cold_wholeclade/PPARG.myotis_cold_wholeclade.labelled.tree
PPARG	30	505	coldbats_taxa	terminal	TERMINAL_LABELLED	30	9	9	Cnephaeus_nilssonii,Eptesicus_fuscus,Myotis_brandtii,Myotis_daubentonii,Myotis_davidii,Myotis_lucifugus,Myotis_myotis,Myotis_yumanensis,Pipistrellus_kuhlii		/scratch/project_2004342/everything/paml_clean/FINAL_refseq_ftp_pipeline/11_paml_nuclear_final/trees/labelled/PPARG/coldbats_taxa/PPARG.coldbats_taxa.labelled.tree
PPARG	30	505	vesper_wholeclade	whole_clade	WHOLE_CLADE_LABELLED	30	11	11	Cnephaeus_nilssonii,Eptesicus_fuscus,Myotis_brandtii,Myotis_daubentonii,Myotis_davidii,Myotis_lucifugus,Myotis_myotis,Myotis_nattereri,Myotis_yumanensis,Pipistrellus_kuhlii,Plecotus_auritus		/scratch/project_2004342/everything/paml_clean/FINAL_refseq_ftp_pipeline/11_paml_nuclear_final/trees/labelled/PPARG/vesper_wholeclade/PPARG.vesper_wholeclade.labelled.tree
PPARGC1A	30	797	nilssonii_terminal	terminal	TERMINAL_LABELLED	30	1	1	Cnephaeus_nilssonii		/scratch/project_2004342/everything/paml_clean/FINAL_refseq_ftp_pipeline/11_paml_nuclear_final/trees/labelled/PPARGC1A/nilssonii_terminal/PPARGC1A.nilssonii_terminal.labelled.tree
PPARGC1A	30	797	ept_stem	stem	STEM_LABELLED	30	2	2	Cnephaeus_nilssonii,Eptesicus_fuscus		/scratch/project_2004342/everything/paml_clean/FINAL_refseq_ftp_pipeline/11_paml_nuclear_final/trees/labelled/PPARGC1A/ept_stem/PPARGC1A.ept_stem.labelled.tree
PPARGC1A	30	797	ept_terminals	terminal	TERMINAL_LABELLED	30	2	2	Cnephaeus_nilssonii,Eptesicus_fuscus		/scratch/project_2004342/everything/paml_clean/FINAL_refseq_ftp_pipeline/11_paml_nuclear_final/trees/labelled/PPARGC1A/ept_terminals/PPARGC1A.ept_terminals.labelled.tree
PPARGC1A	30	797	myotis_cold_taxa	terminal	TERMINAL_LABELLED	30	6	6	Myotis_brandtii,Myotis_daubentonii,Myotis_davidii,Myotis_lucifugus,Myotis_myotis,Myotis_yumanensis		/scratch/project_2004342/everything/paml_clean/FINAL_refseq_ftp_pipeline/11_paml_nuclear_final/trees/labelled/PPARGC1A/myotis_cold_taxa/PPARGC1A.myotis_cold_taxa.labelled.tree
PPARGC1A	30	797	myotis_cold_wholeclade	whole_clade	WHOLE_CLADE_LABELLED	30	7	7	Myotis_brandtii,Myotis_daubentonii,Myotis_davidii,Myotis_lucifugus,Myotis_myotis,Myotis_nattereri,Myotis_yumanensis		/scratch/project_2004342/everything/paml_clean/FINAL_refseq_ftp_pipeline/11_paml_nuclear_final/trees/labelled/PPARGC1A/myotis_cold_wholeclade/PPARGC1A.myotis_cold_wholeclade.labelled.tree
PPARGC1A	30	797	coldbats_taxa	terminal	TERMINAL_LABELLED	30	9	9	Cnephaeus_nilssonii,Eptesicus_fuscus,Myotis_brandtii,Myotis_daubentonii,Myotis_davidii,Myotis_lucifugus,Myotis_myotis,Myotis_yumanensis,Pipistrellus_kuhlii		/scratch/project_2004342/everything/paml_clean/FINAL_refseq_ftp_pipeline/11_paml_nuclear_final/trees/labelled/PPARGC1A/coldbats_taxa/PPARGC1A.coldbats_taxa.labelled.tree
PPARGC1A	30	797	vesper_wholeclade	whole_clade	WHOLE_CLADE_LABELLED	30	11	11	Cnephaeus_nilssonii,Eptesicus_fuscus,Myotis_brandtii,Myotis_daubentonii,Myotis_davidii,Myotis_lucifugus,Myotis_myotis,Myotis_nattereri,Myotis_yumanensis,Pipistrellus_kuhlii,Plecotus_auritus		/scratch/project_2004342/everything/paml_clean/FINAL_refseq_ftp_pipeline/11_paml_nuclear_final/trees/labelled/PPARGC1A/vesper_wholeclade/PPARGC1A.vesper_wholeclade.labelled.tree
PRDM16	27	1178	nilssonii_terminal	terminal	TERMINAL_LABELLED	27	1	1	Cnephaeus_nilssonii		/scratch/project_2004342/everything/paml_clean/FINAL_refseq_ftp_pipeline/11_paml_nuclear_final/trees/labelled/PRDM16/nilssonii_terminal/PRDM16.nilssonii_terminal.labelled.tree
PRDM16	27	1178	ept_stem	stem	STEM_LABELLED	27	2	2	Cnephaeus_nilssonii,Eptesicus_fuscus		/scratch/project_2004342/everything/paml_clean/FINAL_refseq_ftp_pipeline/11_paml_nuclear_final/trees/labelled/PRDM16/ept_stem/PRDM16.ept_stem.labelled.tree
PRDM16	27	1178	ept_terminals	terminal	TERMINAL_LABELLED	27	2	2	Cnephaeus_nilssonii,Eptesicus_fuscus		/scratch/project_2004342/everything/paml_clean/FINAL_refseq_ftp_pipeline/11_paml_nuclear_final/trees/labelled/PRDM16/ept_terminals/PRDM16.ept_terminals.labelled.tree
PRDM16	27	1178	myotis_cold_taxa	terminal	TERMINAL_LABELLED	27	6	3	Myotis_daubentonii,Myotis_myotis,Myotis_yumanensis	Myotis_brandtii,Myotis_davidii,Myotis_lucifugus	/scratch/project_2004342/everything/paml_clean/FINAL_refseq_ftp_pipeline/11_paml_nuclear_final/trees/labelled/PRDM16/myotis_cold_taxa/PRDM16.myotis_cold_taxa.labelled.tree
PRDM16	27	1178	myotis_cold_wholeclade	whole_clade	SKIPPED_INCOMPLETE_FOREGROUND	27	7	4	Myotis_daubentonii,Myotis_myotis,Myotis_nattereri,Myotis_yumanensis	Myotis_brandtii,Myotis_davidii,Myotis_lucifugus	NA
PRDM16	27	1178	coldbats_taxa	terminal	TERMINAL_LABELLED	27	9	6	Cnephaeus_nilssonii,Eptesicus_fuscus,Myotis_daubentonii,Myotis_myotis,Myotis_yumanensis,Pipistrellus_kuhlii	Myotis_brandtii,Myotis_davidii,Myotis_lucifugus	/scratch/project_2004342/everything/paml_clean/FINAL_refseq_ftp_pipeline/11_paml_nuclear_final/trees/labelled/PRDM16/coldbats_taxa/PRDM16.coldbats_taxa.labelled.tree
PRDM16	27	1178	vesper_wholeclade	whole_clade	SKIPPED_INCOMPLETE_FOREGROUND	27	11	8	Cnephaeus_nilssonii,Eptesicus_fuscus,Myotis_daubentonii,Myotis_myotis,Myotis_nattereri,Myotis_yumanensis,Pipistrellus_kuhlii,Plecotus_auritus	Myotis_brandtii,Myotis_davidii,Myotis_lucifugus	NA
PRKAA1	30	560	nilssonii_terminal	terminal	TERMINAL_LABELLED	30	1	1	Cnephaeus_nilssonii		/scratch/project_2004342/everything/paml_clean/FINAL_refseq_ftp_pipeline/11_paml_nuclear_final/trees/labelled/PRKAA1/nilssonii_terminal/PRKAA1.nilssonii_terminal.labelled.tree
PRKAA1	30	560	ept_stem	stem	STEM_LABELLED	30	2	2	Cnephaeus_nilssonii,Eptesicus_fuscus		/scratch/project_2004342/everything/paml_clean/FINAL_refseq_ftp_pipeline/11_paml_nuclear_final/trees/labelled/PRKAA1/ept_stem/PRKAA1.ept_stem.labelled.tree
PRKAA1	30	560	ept_terminals	terminal	TERMINAL_LABELLED	30	2	2	Cnephaeus_nilssonii,Eptesicus_fuscus		/scratch/project_2004342/everything/paml_clean/FINAL_refseq_ftp_pipeline/11_paml_nuclear_final/trees/labelled/PRKAA1/ept_terminals/PRKAA1.ept_terminals.labelled.tree
PRKAA1	30	560	myotis_cold_taxa	terminal	TERMINAL_LABELLED	30	6	6	Myotis_brandtii,Myotis_daubentonii,Myotis_davidii,Myotis_lucifugus,Myotis_myotis,Myotis_yumanensis		/scratch/project_2004342/everything/paml_clean/FINAL_refseq_ftp_pipeline/11_paml_nuclear_final/trees/labelled/PRKAA1/myotis_cold_taxa/PRKAA1.myotis_cold_taxa.labelled.tree
PRKAA1	30	560	myotis_cold_wholeclade	whole_clade	WHOLE_CLADE_LABELLED	30	7	7	Myotis_brandtii,Myotis_daubentonii,Myotis_davidii,Myotis_lucifugus,Myotis_myotis,Myotis_nattereri,Myotis_yumanensis		/scratch/project_2004342/everything/paml_clean/FINAL_refseq_ftp_pipeline/11_paml_nuclear_final/trees/labelled/PRKAA1/myotis_cold_wholeclade/PRKAA1.myotis_cold_wholeclade.labelled.tree
PRKAA1	30	560	coldbats_taxa	terminal	TERMINAL_LABELLED	30	9	9	Cnephaeus_nilssonii,Eptesicus_fuscus,Myotis_brandtii,Myotis_daubentonii,Myotis_davidii,Myotis_lucifugus,Myotis_myotis,Myotis_yumanensis,Pipistrellus_kuhlii		/scratch/project_2004342/everything/paml_clean/FINAL_refseq_ftp_pipeline/11_paml_nuclear_final/trees/labelled/PRKAA1/coldbats_taxa/PRKAA1.coldbats_taxa.labelled.tree
PRKAA1	30	560	vesper_wholeclade	whole_clade	WHOLE_CLADE_LABELLED	30	11	11	Cnephaeus_nilssonii,Eptesicus_fuscus,Myotis_brandtii,Myotis_daubentonii,Myotis_davidii,Myotis_lucifugus,Myotis_myotis,Myotis_nattereri,Myotis_yumanensis,Pipistrellus_kuhlii,Plecotus_auritus		/scratch/project_2004342/everything/paml_clean/FINAL_refseq_ftp_pipeline/11_paml_nuclear_final/trees/labelled/PRKAA1/vesper_wholeclade/PRKAA1.vesper_wholeclade.labelled.tree
SDHA1	30	665	nilssonii_terminal	terminal	TERMINAL_LABELLED	30	1	1	Cnephaeus_nilssonii		/scratch/project_2004342/everything/paml_clean/FINAL_refseq_ftp_pipeline/11_paml_nuclear_final/trees/labelled/SDHA1/nilssonii_terminal/SDHA1.nilssonii_terminal.labelled.tree
SDHA1	30	665	ept_stem	stem	STEM_LABELLED	30	2	2	Cnephaeus_nilssonii,Eptesicus_fuscus		/scratch/project_2004342/everything/paml_clean/FINAL_refseq_ftp_pipeline/11_paml_nuclear_final/trees/labelled/SDHA1/ept_stem/SDHA1.ept_stem.labelled.tree
SDHA1	30	665	ept_terminals	terminal	TERMINAL_LABELLED	30	2	2	Cnephaeus_nilssonii,Eptesicus_fuscus		/scratch/project_2004342/everything/paml_clean/FINAL_refseq_ftp_pipeline/11_paml_nuclear_final/trees/labelled/SDHA1/ept_terminals/SDHA1.ept_terminals.labelled.tree
SDHA1	30	665	myotis_cold_taxa	terminal	TERMINAL_LABELLED	30	6	6	Myotis_brandtii,Myotis_daubentonii,Myotis_davidii,Myotis_lucifugus,Myotis_myotis,Myotis_yumanensis		/scratch/project_2004342/everything/paml_clean/FINAL_refseq_ftp_pipeline/11_paml_nuclear_final/trees/labelled/SDHA1/myotis_cold_taxa/SDHA1.myotis_cold_taxa.labelled.tree
SDHA1	30	665	myotis_cold_wholeclade	whole_clade	WHOLE_CLADE_LABELLED	30	7	7	Myotis_brandtii,Myotis_daubentonii,Myotis_davidii,Myotis_lucifugus,Myotis_myotis,Myotis_nattereri,Myotis_yumanensis		/scratch/project_2004342/everything/paml_clean/FINAL_refseq_ftp_pipeline/11_paml_nuclear_final/trees/labelled/SDHA1/myotis_cold_wholeclade/SDHA1.myotis_cold_wholeclade.labelled.tree
SDHA1	30	665	coldbats_taxa	terminal	TERMINAL_LABELLED	30	9	9	Cnephaeus_nilssonii,Eptesicus_fuscus,Myotis_brandtii,Myotis_daubentonii,Myotis_davidii,Myotis_lucifugus,Myotis_myotis,Myotis_yumanensis,Pipistrellus_kuhlii		/scratch/project_2004342/everything/paml_clean/FINAL_refseq_ftp_pipeline/11_paml_nuclear_final/trees/labelled/SDHA1/coldbats_taxa/SDHA1.coldbats_taxa.labelled.tree
SDHA1	30	665	vesper_wholeclade	whole_clade	WHOLE_CLADE_LABELLED	30	11	11	Cnephaeus_nilssonii,Eptesicus_fuscus,Myotis_brandtii,Myotis_daubentonii,Myotis_davidii,Myotis_lucifugus,Myotis_myotis,Myotis_nattereri,Myotis_yumanensis,Pipistrellus_kuhlii,Plecotus_auritus		/scratch/project_2004342/everything/paml_clean/FINAL_refseq_ftp_pipeline/11_paml_nuclear_final/trees/labelled/SDHA1/vesper_wholeclade/SDHA1.vesper_wholeclade.labelled.tree
SDHB	28	280	nilssonii_terminal	terminal	TERMINAL_LABELLED	28	1	1	Cnephaeus_nilssonii		/scratch/project_2004342/everything/paml_clean/FINAL_refseq_ftp_pipeline/11_paml_nuclear_final/trees/labelled/SDHB/nilssonii_terminal/SDHB.nilssonii_terminal.labelled.tree
SDHB	28	280	ept_stem	stem	STEM_LABELLED	28	2	2	Cnephaeus_nilssonii,Eptesicus_fuscus		/scratch/project_2004342/everything/paml_clean/FINAL_refseq_ftp_pipeline/11_paml_nuclear_final/trees/labelled/SDHB/ept_stem/SDHB.ept_stem.labelled.tree
SDHB	28	280	ept_terminals	terminal	TERMINAL_LABELLED	28	2	2	Cnephaeus_nilssonii,Eptesicus_fuscus		/scratch/project_2004342/everything/paml_clean/FINAL_refseq_ftp_pipeline/11_paml_nuclear_final/trees/labelled/SDHB/ept_terminals/SDHB.ept_terminals.labelled.tree
SDHB	28	280	myotis_cold_taxa	terminal	TERMINAL_LABELLED	28	6	5	Myotis_brandtii,Myotis_daubentonii,Myotis_davidii,Myotis_myotis,Myotis_yumanensis	Myotis_lucifugus	/scratch/project_2004342/everything/paml_clean/FINAL_refseq_ftp_pipeline/11_paml_nuclear_final/trees/labelled/SDHB/myotis_cold_taxa/SDHB.myotis_cold_taxa.labelled.tree
SDHB	28	280	myotis_cold_wholeclade	whole_clade	SKIPPED_INCOMPLETE_FOREGROUND	28	7	6	Myotis_brandtii,Myotis_daubentonii,Myotis_davidii,Myotis_myotis,Myotis_nattereri,Myotis_yumanensis	Myotis_lucifugus	NA
SDHB	28	280	coldbats_taxa	terminal	TERMINAL_LABELLED	28	9	8	Cnephaeus_nilssonii,Eptesicus_fuscus,Myotis_brandtii,Myotis_daubentonii,Myotis_davidii,Myotis_myotis,Myotis_yumanensis,Pipistrellus_kuhlii	Myotis_lucifugus	/scratch/project_2004342/everything/paml_clean/FINAL_refseq_ftp_pipeline/11_paml_nuclear_final/trees/labelled/SDHB/coldbats_taxa/SDHB.coldbats_taxa.labelled.tree
SDHB	28	280	vesper_wholeclade	whole_clade	SKIPPED_INCOMPLETE_FOREGROUND	28	11	10	Cnephaeus_nilssonii,Eptesicus_fuscus,Myotis_brandtii,Myotis_daubentonii,Myotis_davidii,Myotis_myotis,Myotis_nattereri,Myotis_yumanensis,Pipistrellus_kuhlii,Plecotus_auritus	Myotis_lucifugus	NA
SIRT6	29	361	nilssonii_terminal	terminal	TERMINAL_LABELLED	29	1	1	Cnephaeus_nilssonii		/scratch/project_2004342/everything/paml_clean/FINAL_refseq_ftp_pipeline/11_paml_nuclear_final/trees/labelled/SIRT6/nilssonii_terminal/SIRT6.nilssonii_terminal.labelled.tree
SIRT6	29	361	ept_stem	stem	STEM_LABELLED	29	2	2	Cnephaeus_nilssonii,Eptesicus_fuscus		/scratch/project_2004342/everything/paml_clean/FINAL_refseq_ftp_pipeline/11_paml_nuclear_final/trees/labelled/SIRT6/ept_stem/SIRT6.ept_stem.labelled.tree
SIRT6	29	361	ept_terminals	terminal	TERMINAL_LABELLED	29	2	2	Cnephaeus_nilssonii,Eptesicus_fuscus		/scratch/project_2004342/everything/paml_clean/FINAL_refseq_ftp_pipeline/11_paml_nuclear_final/trees/labelled/SIRT6/ept_terminals/SIRT6.ept_terminals.labelled.tree
SIRT6	29	361	myotis_cold_taxa	terminal	TERMINAL_LABELLED	29	6	5	Myotis_daubentonii,Myotis_davidii,Myotis_lucifugus,Myotis_myotis,Myotis_yumanensis	Myotis_brandtii	/scratch/project_2004342/everything/paml_clean/FINAL_refseq_ftp_pipeline/11_paml_nuclear_final/trees/labelled/SIRT6/myotis_cold_taxa/SIRT6.myotis_cold_taxa.labelled.tree
SIRT6	29	361	myotis_cold_wholeclade	whole_clade	SKIPPED_INCOMPLETE_FOREGROUND	29	7	6	Myotis_daubentonii,Myotis_davidii,Myotis_lucifugus,Myotis_myotis,Myotis_nattereri,Myotis_yumanensis	Myotis_brandtii	NA
SIRT6	29	361	coldbats_taxa	terminal	TERMINAL_LABELLED	29	9	8	Cnephaeus_nilssonii,Eptesicus_fuscus,Myotis_daubentonii,Myotis_davidii,Myotis_lucifugus,Myotis_myotis,Myotis_yumanensis,Pipistrellus_kuhlii	Myotis_brandtii	/scratch/project_2004342/everything/paml_clean/FINAL_refseq_ftp_pipeline/11_paml_nuclear_final/trees/labelled/SIRT6/coldbats_taxa/SIRT6.coldbats_taxa.labelled.tree
SIRT6	29	361	vesper_wholeclade	whole_clade	SKIPPED_INCOMPLETE_FOREGROUND	29	11	10	Cnephaeus_nilssonii,Eptesicus_fuscus,Myotis_daubentonii,Myotis_davidii,Myotis_lucifugus,Myotis_myotis,Myotis_nattereri,Myotis_yumanensis,Pipistrellus_kuhlii,Plecotus_auritus	Myotis_brandtii	NA
SLC25A20	30	297	nilssonii_terminal	terminal	TERMINAL_LABELLED	30	1	1	Cnephaeus_nilssonii		/scratch/project_2004342/everything/paml_clean/FINAL_refseq_ftp_pipeline/11_paml_nuclear_final/trees/labelled/SLC25A20/nilssonii_terminal/SLC25A20.nilssonii_terminal.labelled.tree
SLC25A20	30	297	ept_stem	stem	STEM_LABELLED	30	2	2	Cnephaeus_nilssonii,Eptesicus_fuscus		/scratch/project_2004342/everything/paml_clean/FINAL_refseq_ftp_pipeline/11_paml_nuclear_final/trees/labelled/SLC25A20/ept_stem/SLC25A20.ept_stem.labelled.tree
SLC25A20	30	297	ept_terminals	terminal	TERMINAL_LABELLED	30	2	2	Cnephaeus_nilssonii,Eptesicus_fuscus		/scratch/project_2004342/everything/paml_clean/FINAL_refseq_ftp_pipeline/11_paml_nuclear_final/trees/labelled/SLC25A20/ept_terminals/SLC25A20.ept_terminals.labelled.tree
SLC25A20	30	297	myotis_cold_taxa	terminal	TERMINAL_LABELLED	30	6	6	Myotis_brandtii,Myotis_daubentonii,Myotis_davidii,Myotis_lucifugus,Myotis_myotis,Myotis_yumanensis		/scratch/project_2004342/everything/paml_clean/FINAL_refseq_ftp_pipeline/11_paml_nuclear_final/trees/labelled/SLC25A20/myotis_cold_taxa/SLC25A20.myotis_cold_taxa.labelled.tree
SLC25A20	30	297	myotis_cold_wholeclade	whole_clade	WHOLE_CLADE_LABELLED	30	7	7	Myotis_brandtii,Myotis_daubentonii,Myotis_davidii,Myotis_lucifugus,Myotis_myotis,Myotis_nattereri,Myotis_yumanensis		/scratch/project_2004342/everything/paml_clean/FINAL_refseq_ftp_pipeline/11_paml_nuclear_final/trees/labelled/SLC25A20/myotis_cold_wholeclade/SLC25A20.myotis_cold_wholeclade.labelled.tree
SLC25A20	30	297	coldbats_taxa	terminal	TERMINAL_LABELLED	30	9	9	Cnephaeus_nilssonii,Eptesicus_fuscus,Myotis_brandtii,Myotis_daubentonii,Myotis_davidii,Myotis_lucifugus,Myotis_myotis,Myotis_yumanensis,Pipistrellus_kuhlii		/scratch/project_2004342/everything/paml_clean/FINAL_refseq_ftp_pipeline/11_paml_nuclear_final/trees/labelled/SLC25A20/coldbats_taxa/SLC25A20.coldbats_taxa.labelled.tree
SLC25A20	30	297	vesper_wholeclade	whole_clade	WHOLE_CLADE_LABELLED	30	11	11	Cnephaeus_nilssonii,Eptesicus_fuscus,Myotis_brandtii,Myotis_daubentonii,Myotis_davidii,Myotis_lucifugus,Myotis_myotis,Myotis_nattereri,Myotis_yumanensis,Pipistrellus_kuhlii,Plecotus_auritus		/scratch/project_2004342/everything/paml_clean/FINAL_refseq_ftp_pipeline/11_paml_nuclear_final/trees/labelled/SLC25A20/vesper_wholeclade/SLC25A20.vesper_wholeclade.labelled.tree
SOS1	30	1333	nilssonii_terminal	terminal	TERMINAL_LABELLED	30	1	1	Cnephaeus_nilssonii		/scratch/project_2004342/everything/paml_clean/FINAL_refseq_ftp_pipeline/11_paml_nuclear_final/trees/labelled/SOS1/nilssonii_terminal/SOS1.nilssonii_terminal.labelled.tree
SOS1	30	1333	ept_stem	stem	STEM_LABELLED	30	2	2	Cnephaeus_nilssonii,Eptesicus_fuscus		/scratch/project_2004342/everything/paml_clean/FINAL_refseq_ftp_pipeline/11_paml_nuclear_final/trees/labelled/SOS1/ept_stem/SOS1.ept_stem.labelled.tree
SOS1	30	1333	ept_terminals	terminal	TERMINAL_LABELLED	30	2	2	Cnephaeus_nilssonii,Eptesicus_fuscus		/scratch/project_2004342/everything/paml_clean/FINAL_refseq_ftp_pipeline/11_paml_nuclear_final/trees/labelled/SOS1/ept_terminals/SOS1.ept_terminals.labelled.tree
SOS1	30	1333	myotis_cold_taxa	terminal	TERMINAL_LABELLED	30	6	6	Myotis_brandtii,Myotis_daubentonii,Myotis_davidii,Myotis_lucifugus,Myotis_myotis,Myotis_yumanensis		/scratch/project_2004342/everything/paml_clean/FINAL_refseq_ftp_pipeline/11_paml_nuclear_final/trees/labelled/SOS1/myotis_cold_taxa/SOS1.myotis_cold_taxa.labelled.tree
SOS1	30	1333	myotis_cold_wholeclade	whole_clade	WHOLE_CLADE_LABELLED	30	7	7	Myotis_brandtii,Myotis_daubentonii,Myotis_davidii,Myotis_lucifugus,Myotis_myotis,Myotis_nattereri,Myotis_yumanensis		/scratch/project_2004342/everything/paml_clean/FINAL_refseq_ftp_pipeline/11_paml_nuclear_final/trees/labelled/SOS1/myotis_cold_wholeclade/SOS1.myotis_cold_wholeclade.labelled.tree
SOS1	30	1333	coldbats_taxa	terminal	TERMINAL_LABELLED	30	9	9	Cnephaeus_nilssonii,Eptesicus_fuscus,Myotis_brandtii,Myotis_daubentonii,Myotis_davidii,Myotis_lucifugus,Myotis_myotis,Myotis_yumanensis,Pipistrellus_kuhlii		/scratch/project_2004342/everything/paml_clean/FINAL_refseq_ftp_pipeline/11_paml_nuclear_final/trees/labelled/SOS1/coldbats_taxa/SOS1.coldbats_taxa.labelled.tree
SOS1	30	1333	vesper_wholeclade	whole_clade	WHOLE_CLADE_LABELLED	30	11	11	Cnephaeus_nilssonii,Eptesicus_fuscus,Myotis_brandtii,Myotis_daubentonii,Myotis_davidii,Myotis_lucifugus,Myotis_myotis,Myotis_nattereri,Myotis_yumanensis,Pipistrellus_kuhlii,Plecotus_auritus		/scratch/project_2004342/everything/paml_clean/FINAL_refseq_ftp_pipeline/11_paml_nuclear_final/trees/labelled/SOS1/vesper_wholeclade/SOS1.vesper_wholeclade.labelled.tree
SOS2	28	1334	nilssonii_terminal	terminal	TERMINAL_LABELLED	28	1	1	Cnephaeus_nilssonii		/scratch/project_2004342/everything/paml_clean/FINAL_refseq_ftp_pipeline/11_paml_nuclear_final/trees/labelled/SOS2/nilssonii_terminal/SOS2.nilssonii_terminal.labelled.tree
SOS2	28	1334	ept_stem	stem	STEM_LABELLED	28	2	2	Cnephaeus_nilssonii,Eptesicus_fuscus		/scratch/project_2004342/everything/paml_clean/FINAL_refseq_ftp_pipeline/11_paml_nuclear_final/trees/labelled/SOS2/ept_stem/SOS2.ept_stem.labelled.tree
SOS2	28	1334	ept_terminals	terminal	TERMINAL_LABELLED	28	2	2	Cnephaeus_nilssonii,Eptesicus_fuscus		/scratch/project_2004342/everything/paml_clean/FINAL_refseq_ftp_pipeline/11_paml_nuclear_final/trees/labelled/SOS2/ept_terminals/SOS2.ept_terminals.labelled.tree
SOS2	28	1334	myotis_cold_taxa	terminal	TERMINAL_LABELLED	28	6	5	Myotis_daubentonii,Myotis_davidii,Myotis_lucifugus,Myotis_myotis,Myotis_yumanensis	Myotis_brandtii	/scratch/project_2004342/everything/paml_clean/FINAL_refseq_ftp_pipeline/11_paml_nuclear_final/trees/labelled/SOS2/myotis_cold_taxa/SOS2.myotis_cold_taxa.labelled.tree
SOS2	28	1334	myotis_cold_wholeclade	whole_clade	SKIPPED_INCOMPLETE_FOREGROUND	28	7	6	Myotis_daubentonii,Myotis_davidii,Myotis_lucifugus,Myotis_myotis,Myotis_nattereri,Myotis_yumanensis	Myotis_brandtii	NA
SOS2	28	1334	coldbats_taxa	terminal	TERMINAL_LABELLED	28	9	8	Cnephaeus_nilssonii,Eptesicus_fuscus,Myotis_daubentonii,Myotis_davidii,Myotis_lucifugus,Myotis_myotis,Myotis_yumanensis,Pipistrellus_kuhlii	Myotis_brandtii	/scratch/project_2004342/everything/paml_clean/FINAL_refseq_ftp_pipeline/11_paml_nuclear_final/trees/labelled/SOS2/coldbats_taxa/SOS2.coldbats_taxa.labelled.tree
SOS2	28	1334	vesper_wholeclade	whole_clade	SKIPPED_INCOMPLETE_FOREGROUND	28	11	10	Cnephaeus_nilssonii,Eptesicus_fuscus,Myotis_daubentonii,Myotis_davidii,Myotis_lucifugus,Myotis_myotis,Myotis_nattereri,Myotis_yumanensis,Pipistrellus_kuhlii,Plecotus_auritus	Myotis_brandtii	NA
UCP1	24	308	nilssonii_terminal	terminal	TERMINAL_LABELLED	24	1	1	Cnephaeus_nilssonii		/scratch/project_2004342/everything/paml_clean/FINAL_refseq_ftp_pipeline/11_paml_nuclear_final/trees/labelled/UCP1/nilssonii_terminal/UCP1.nilssonii_terminal.labelled.tree
UCP1	24	308	ept_stem	stem	STEM_LABELLED	24	2	2	Cnephaeus_nilssonii,Eptesicus_fuscus		/scratch/project_2004342/everything/paml_clean/FINAL_refseq_ftp_pipeline/11_paml_nuclear_final/trees/labelled/UCP1/ept_stem/UCP1.ept_stem.labelled.tree
UCP1	24	308	ept_terminals	terminal	TERMINAL_LABELLED	24	2	2	Cnephaeus_nilssonii,Eptesicus_fuscus		/scratch/project_2004342/everything/paml_clean/FINAL_refseq_ftp_pipeline/11_paml_nuclear_final/trees/labelled/UCP1/ept_terminals/UCP1.ept_terminals.labelled.tree
UCP1	24	308	myotis_cold_taxa	terminal	TERMINAL_LABELLED	24	6	6	Myotis_brandtii,Myotis_daubentonii,Myotis_davidii,Myotis_lucifugus,Myotis_myotis,Myotis_yumanensis		/scratch/project_2004342/everything/paml_clean/FINAL_refseq_ftp_pipeline/11_paml_nuclear_final/trees/labelled/UCP1/myotis_cold_taxa/UCP1.myotis_cold_taxa.labelled.tree
UCP1	24	308	myotis_cold_wholeclade	whole_clade	WHOLE_CLADE_LABELLED	24	7	7	Myotis_brandtii,Myotis_daubentonii,Myotis_davidii,Myotis_lucifugus,Myotis_myotis,Myotis_nattereri,Myotis_yumanensis		/scratch/project_2004342/everything/paml_clean/FINAL_refseq_ftp_pipeline/11_paml_nuclear_final/trees/labelled/UCP1/myotis_cold_wholeclade/UCP1.myotis_cold_wholeclade.labelled.tree
UCP1	24	308	coldbats_taxa	terminal	TERMINAL_LABELLED	24	9	9	Cnephaeus_nilssonii,Eptesicus_fuscus,Myotis_brandtii,Myotis_daubentonii,Myotis_davidii,Myotis_lucifugus,Myotis_myotis,Myotis_yumanensis,Pipistrellus_kuhlii		/scratch/project_2004342/everything/paml_clean/FINAL_refseq_ftp_pipeline/11_paml_nuclear_final/trees/labelled/UCP1/coldbats_taxa/UCP1.coldbats_taxa.labelled.tree
UCP1	24	308	vesper_wholeclade	whole_clade	WHOLE_CLADE_LABELLED	24	11	11	Cnephaeus_nilssonii,Eptesicus_fuscus,Myotis_brandtii,Myotis_daubentonii,Myotis_davidii,Myotis_lucifugus,Myotis_myotis,Myotis_nattereri,Myotis_yumanensis,Pipistrellus_kuhlii,Plecotus_auritus		/scratch/project_2004342/everything/paml_clean/FINAL_refseq_ftp_pipeline/11_paml_nuclear_final/trees/labelled/UCP1/vesper_wholeclade/UCP1.vesper_wholeclade.labelled.tree
UQCRB	29	111	nilssonii_terminal	terminal	TERMINAL_LABELLED	29	1	1	Cnephaeus_nilssonii		/scratch/project_2004342/everything/paml_clean/FINAL_refseq_ftp_pipeline/11_paml_nuclear_final/trees/labelled/UQCRB/nilssonii_terminal/UQCRB.nilssonii_terminal.labelled.tree
UQCRB	29	111	ept_stem	stem	STEM_LABELLED	29	2	2	Cnephaeus_nilssonii,Eptesicus_fuscus		/scratch/project_2004342/everything/paml_clean/FINAL_refseq_ftp_pipeline/11_paml_nuclear_final/trees/labelled/UQCRB/ept_stem/UQCRB.ept_stem.labelled.tree
UQCRB	29	111	ept_terminals	terminal	TERMINAL_LABELLED	29	2	2	Cnephaeus_nilssonii,Eptesicus_fuscus		/scratch/project_2004342/everything/paml_clean/FINAL_refseq_ftp_pipeline/11_paml_nuclear_final/trees/labelled/UQCRB/ept_terminals/UQCRB.ept_terminals.labelled.tree
UQCRB	29	111	myotis_cold_taxa	terminal	TERMINAL_LABELLED	29	6	6	Myotis_brandtii,Myotis_daubentonii,Myotis_davidii,Myotis_lucifugus,Myotis_myotis,Myotis_yumanensis		/scratch/project_2004342/everything/paml_clean/FINAL_refseq_ftp_pipeline/11_paml_nuclear_final/trees/labelled/UQCRB/myotis_cold_taxa/UQCRB.myotis_cold_taxa.labelled.tree
UQCRB	29	111	myotis_cold_wholeclade	whole_clade	WHOLE_CLADE_LABELLED	29	7	7	Myotis_brandtii,Myotis_daubentonii,Myotis_davidii,Myotis_lucifugus,Myotis_myotis,Myotis_nattereri,Myotis_yumanensis		/scratch/project_2004342/everything/paml_clean/FINAL_refseq_ftp_pipeline/11_paml_nuclear_final/trees/labelled/UQCRB/myotis_cold_wholeclade/UQCRB.myotis_cold_wholeclade.labelled.tree
UQCRB	29	111	coldbats_taxa	terminal	TERMINAL_LABELLED	29	9	9	Cnephaeus_nilssonii,Eptesicus_fuscus,Myotis_brandtii,Myotis_daubentonii,Myotis_davidii,Myotis_lucifugus,Myotis_myotis,Myotis_yumanensis,Pipistrellus_kuhlii		/scratch/project_2004342/everything/paml_clean/FINAL_refseq_ftp_pipeline/11_paml_nuclear_final/trees/labelled/UQCRB/coldbats_taxa/UQCRB.coldbats_taxa.labelled.tree
UQCRB	29	111	vesper_wholeclade	whole_clade	WHOLE_CLADE_LABELLED	29	11	11	Cnephaeus_nilssonii,Eptesicus_fuscus,Myotis_brandtii,Myotis_daubentonii,Myotis_davidii,Myotis_lucifugus,Myotis_myotis,Myotis_nattereri,Myotis_yumanensis,Pipistrellus_kuhlii,Plecotus_auritus		/scratch/project_2004342/everything/paml_clean/FINAL_refseq_ftp_pipeline/11_paml_nuclear_final/trees/labelled/UQCRB/vesper_wholeclade/UQCRB.vesper_wholeclade.labelled.tree
