gene	species	sacc
ACSL1	Artibeus jamaicensis	XP_036984674
ACSL1	Cnephaeus nilssonii	XP_079634584
ACSL1	Desmodus rotundus	XP_045053046
ACSL1	Eptesicus fuscus	XP_054576115
ACSL1	Miniopterus natalensis	XP_016066774
ACSL1	Miniopterus schreibersii	XP_080980788
ACSL1	Molossus molossus	XP_036105432
ACSL1	Myotis brandtii	XP_014386894
ACSL1	Myotis daubentonii	XP_059541670
ACSL1	Myotis davidii	XP_015425254
ACSL1	Myotis lucifugus	XP_023612955
ACSL1	Myotis myotis	XP_036156688
ACSL1	Myotis nattereri	XP_080940211
ACSL1	Myotis yumanensis	XP_070264276
ACSL1	Phyllostomus discolor	XP_035867655
ACSL1	Phyllostomus hastatus	XP_045677842
ACSL1	Pipistrellus kuhlii	XP_045444919
ACSL1	Plecotus auritus	XP_080516974
ACSL1	Pteronotus mesoamericanus	XP_054422148
ACSL1	Pteropus alecto	XP_006916439
ACSL1	Pteropus medius	XP_039738595
ACSL1	Pteropus vampyrus	XP_011362319
ACSL1	Rhinolophus ferrumequinum	XP_032960931
ACSL1	Rhinolophus hipposideros	XP_080903082
ACSL1	Rhinolophus sinicus	XP_019591692
ACSL1	Rousettus aegyptiacus	XP_015999465
ACSL1	Saccopteryx bilineata	XP_066093925
ACSL1	Saccopteryx leptura	XP_066236263
ACSL1	Sturnira hondurensis	XP_036911064
ADCY3	Artibeus jamaicensis	XP_053522904
ADCY3	Cnephaeus nilssonii	XP_079648034
ADCY3	Desmodus rotundus	XP_024408286
ADCY3	Eptesicus fuscus	XP_054583895
ADCY3	Hipposideros armiger	XP_019502817
ADCY3	Miniopterus natalensis	XP_016064486
ADCY3	Miniopterus schreibersii	XP_081013163
ADCY3	Molossus molossus	XP_036118438
ADCY3	Myotis brandtii	XP_014402102
ADCY3	Myotis daubentonii	XP_059516385
ADCY3	Myotis lucifugus	XP_023612199
ADCY3	Myotis myotis	XP_036191076
ADCY3	Myotis nattereri	XP_080957409
ADCY3	Myotis yumanensis	XP_070284893
ADCY3	Phyllostomus discolor	XP_035883621
ADCY3	Phyllostomus hastatus	XP_045700348
ADCY3	Pipistrellus kuhlii	XP_036290940
ADCY3	Plecotus auritus	XP_080539751
ADCY3	Pteronotus mesoamericanus	XP_054424979
ADCY3	Pteropus alecto	XP_024901537
ADCY3	Pteropus vampyrus	XP_023384268
ADCY3	Rhinolophus ferrumequinum	XP_032980392
ADCY3	Rhinolophus hipposideros	XP_080925117
ADCY3	Rhinolophus sinicus	XP_074187863
ADCY3	Rousettus aegyptiacus	XP_015977196
ADCY3	Saccopteryx bilineata	XP_066093571
ADCY3	Saccopteryx leptura	XP_066242428
ADCY3	Sturnira hondurensis	XP_036922709
ADCY7	Artibeus jamaicensis	XP_053519172
ADCY7	Cnephaeus nilssonii	XP_079656367
ADCY7	Desmodus rotundus	XP_045044348
ADCY7	Eptesicus fuscus	XP_054566799
ADCY7	Hipposideros armiger	XP_019499113
ADCY7	Miniopterus natalensis	XP_016060493
ADCY7	Miniopterus schreibersii	XP_080974599
ADCY7	Molossus molossus	XP_036131871
ADCY7	Myotis daubentonii	XP_059524057
ADCY7	Myotis davidii	XP_015428125
ADCY7	Myotis myotis	XP_036201024
ADCY7	Myotis nattereri	XP_080963565
ADCY7	Myotis yumanensis	XP_070254456
ADCY7	Phyllostomus discolor	XP_035869409
ADCY7	Phyllostomus hastatus	XP_045674325
ADCY7	Pipistrellus kuhlii	XP_045438839
ADCY7	Plecotus auritus	XP_080501298
ADCY7	Pteronotus mesoamericanus	XP_054426249
ADCY7	Pteropus alecto	XP_024900361
ADCY7	Pteropus medius	XP_039736763
ADCY7	Pteropus vampyrus	XP_023386422
ADCY7	Rhinolophus ferrumequinum	XP_032983098
ADCY7	Rhinolophus hipposideros	XP_080888642
ADCY7	Rhinolophus sinicus	XP_074171020
ADCY7	Rousettus aegyptiacus	XP_016003077
ADCY7	Saccopteryx bilineata	XP_066100041
ADCY7	Saccopteryx leptura	XP_066206037
ADCY7	Sturnira hondurensis	XP_036922250
ADCY8	Artibeus jamaicensis	XP_037022590
ADCY8	Cnephaeus nilssonii	XP_079652455
ADCY8	Desmodus rotundus	XP_024427981
ADCY8	Eptesicus fuscus	XP_008157689
ADCY8	Hipposideros armiger	XP_019481019
ADCY8	Miniopterus natalensis	XP_016071485
ADCY8	Miniopterus schreibersii	XP_080972611
ADCY8	Molossus molossus	XP_036119843
ADCY8	Myotis brandtii	XP_005872848
ADCY8	Myotis daubentonii	XP_059528290
ADCY8	Myotis davidii	XP_015416939
ADCY8	Myotis lucifugus	XP_006093353
ADCY8	Myotis myotis	XP_036193927
ADCY8	Myotis nattereri	XP_080967428
ADCY8	Myotis yumanensis	XP_070248448
ADCY8	Phyllostomus discolor	XP_028389676
ADCY8	Phyllostomus hastatus	XP_045717105
ADCY8	Pipistrellus kuhlii	XP_036293438
ADCY8	Plecotus auritus	XP_080503123
ADCY8	Pteronotus mesoamericanus	XP_054446071
ADCY8	Pteropus alecto	XP_006912984
ADCY8	Pteropus medius	XP_039701812
ADCY8	Pteropus vampyrus	XP_011372134
ADCY8	Rhinolophus ferrumequinum	XP_032982362
ADCY8	Rhinolophus hipposideros	XP_080926443
ADCY8	Rhinolophus sinicus	XP_019579456
ADCY8	Rousettus aegyptiacus	XP_015975308
ADCY8	Saccopteryx bilineata	XP_066121743
ADCY8	Saccopteryx leptura	XP_066235634
ADCY8	Sturnira hondurensis	XP_036904455
ATP5F1A	Artibeus jamaicensis	XP_037020991
ATP5F1A	Cnephaeus nilssonii	XP_079640605
ATP5F1A	Desmodus rotundus	XP_024436162
ATP5F1A	Eptesicus fuscus	XP_008156231
ATP5F1A	Miniopterus natalensis	XP_016080530
ATP5F1A	Miniopterus schreibersii	XP_081004294
ATP5F1A	Molossus molossus	XP_036101158
ATP5F1A	Myotis daubentonii	XP_059563198
ATP5F1A	Myotis davidii	XP_015416963
ATP5F1A	Myotis lucifugus	XP_006085199
ATP5F1A	Myotis myotis	XP_036178116
ATP5F1A	Myotis nattereri	XP_080952642
ATP5F1A	Myotis yumanensis	XP_070277191
ATP5F1A	Phyllostomus discolor	XP_028379714
ATP5F1A	Phyllostomus hastatus	XP_045706104
ATP5F1A	Pipistrellus kuhlii	XP_036273984
ATP5F1A	Plecotus auritus	XP_080541388
ATP5F1A	Pteronotus mesoamericanus	XP_054439565
ATP5F1A	Pteropus alecto	XP_006920000
ATP5F1A	Pteropus medius	XP_039698428
ATP5F1A	Pteropus vampyrus	XP_011359493
ATP5F1A	Rhinolophus ferrumequinum	XP_032943501
ATP5F1A	Rhinolophus hipposideros	XP_080934999
ATP5F1A	Rhinolophus sinicus	XP_019595246
ATP5F1A	Rousettus aegyptiacus	XP_016003275
ATP5F1A	Saccopteryx bilineata	XP_066102392
ATP5F1A	Saccopteryx leptura	XP_066208285
ATP5F1A	Sturnira hondurensis	XP_036889604
ATP5F1B	Artibeus jamaicensis	XP_036989161
ATP5F1B	Cnephaeus nilssonii	XP_079631759
ATP5F1B	Desmodus rotundus	XP_024432142
ATP5F1B	Eptesicus fuscus	XP_008146880
ATP5F1B	Hipposideros armiger	XP_019524568
ATP5F1B	Miniopterus natalensis	XP_016080054
ATP5F1B	Miniopterus schreibersii	XP_080984261
ATP5F1B	Molossus molossus	XP_036108150
ATP5F1B	Myotis brandtii	XP_005872132
ATP5F1B	Myotis daubentonii	XP_059539271
ATP5F1B	Myotis davidii	XP_015412899
ATP5F1B	Myotis lucifugus	XP_006093683
ATP5F1B	Myotis myotis	XP_036155331
ATP5F1B	Myotis nattereri	XP_080940514
ATP5F1B	Myotis yumanensis	XP_070266060
ATP5F1B	Phyllostomus discolor	XP_028387599
ATP5F1B	Phyllostomus hastatus	XP_045685767
ATP5F1B	Pipistrellus kuhlii	XP_036313244
ATP5F1B	Plecotus auritus	XP_080518451
ATP5F1B	Pteronotus mesoamericanus	XP_054435903
ATP5F1B	Pteropus alecto	XP_006908981
ATP5F1B	Pteropus medius	XP_039721660
ATP5F1B	Pteropus vampyrus	XP_011373944
ATP5F1B	Rhinolophus ferrumequinum	XP_032973962
ATP5F1B	Rhinolophus hipposideros	XP_080915968
ATP5F1B	Rhinolophus sinicus	XP_019597981
ATP5F1B	Rousettus aegyptiacus	XP_016021188
ATP5F1B	Saccopteryx bilineata	XP_066114477
ATP5F1B	Saccopteryx leptura	XP_066225913
ATP5F1B	Sturnira hondurensis	XP_036886030
ATP5MC1	Artibeus jamaicensis	XP_037005909
ATP5MC1	Cnephaeus nilssonii	XP_079655260
ATP5MC1	Desmodus rotundus	XP_045038510
ATP5MC1	Eptesicus fuscus	XP_054564937
ATP5MC1	Hipposideros armiger	XP_019494029
ATP5MC1	Miniopterus natalensis	XP_016077543
ATP5MC1	Miniopterus schreibersii	XP_081018278
ATP5MC1	Molossus molossus	XP_036124514
ATP5MC1	Myotis brandtii	XP_005868199
ATP5MC1	Myotis daubentonii	XP_059526684
ATP5MC1	Myotis davidii	XP_006765979
ATP5MC1	Myotis lucifugus	XP_006098993
ATP5MC1	Myotis myotis	XP_036196966
ATP5MC1	Myotis nattereri	XP_080965422
ATP5MC1	Myotis yumanensis	XP_070250287
ATP5MC1	Phyllostomus discolor	XP_035889700
ATP5MC1	Phyllostomus hastatus	XP_045692744
ATP5MC1	Pipistrellus kuhlii	XP_036307336
ATP5MC1	Plecotus auritus	XP_080536660
ATP5MC1	Pteronotus mesoamericanus	XP_054441338
ATP5MC1	Pteropus alecto	XP_015454624
ATP5MC1	Pteropus medius	XP_039729687
ATP5MC1	Pteropus vampyrus	XP_011380952
ATP5MC1	Rhinolophus ferrumequinum	XP_032944956
ATP5MC1	Rhinolophus hipposideros	XP_080884328
ATP5MC1	Rhinolophus sinicus	XP_019596253
ATP5MC1	Rousettus aegyptiacus	XP_036078287
ATP5MC1	Saccopteryx bilineata	XP_066119966
ATP5MC1	Saccopteryx leptura	XP_066220563
ATP5MC1	Sturnira hondurensis	XP_036889366
ATP6	Anoura caudifer	YP_008578380
ATP6	Anoura cultrata	YP_010455431
ATP6	Anoura geoffroyi	YP_010455444
ATP6	Artibeus hartii	YP_010455509
ATP6	Artibeus jamaicensis	NP_008489
ATP6	Artibeus lituratus	YP_005255207
ATP6	Baeodon alleni	YP_010960237
ATP6	Balionycteris maculata	YP_010303506
ATP6	Brachyphylla cavernarum	YP_008578393
ATP6	Carollia brevicauda	YP_010471881
ATP6	Carollia castanea	YP_010455457
ATP6	Carollia perspicillata	YP_008578406
ATP6	Casinycteris argynnis	YP_009754547
ATP6	Casinycteris campomaanensis	YP_009754560
ATP6	Casinycteris ophiodon	YP_009754573
ATP6	Chalinolobus tuberculatus	NP_071689
ATP6	Chiroderma salvini	YP_010455483
ATP6	Choeroniscus minor	YP_010455535
ATP6	Chrotopterus auritus	YP_009466879
ATP6	Cnephaeus bottae	YP_010611011
ATP6	Cnephaeus nilssonii	YP_010976674
ATP6	Corynorhinus mexicanus	YP_011102443
ATP6	Corynorhinus rafinesquii	YP_005255220
ATP6	Cynopterus brachyotis	YP_009121638
ATP6	Cynopterus sphinx	YP_009754586
ATP6	Dermanura rava	YP_010455496
ATP6	Desmodus rotundus	YP_008578419
ATP6	Diaemus youngi	YP_009466892
ATP6	Diphylla ecaudata	YP_009466957
ATP6	Ectophylla alba	YP_009589353
ATP6	Eidolon helvum	YP_009754599
ATP6	Eonycteris spelaea	YP_009754612
ATP6	Epomophorus crypturus	YP_009754625
ATP6	Epomophorus dobsonii	YP_009754703
ATP6	Epomophorus gambianus	YP_009232301
ATP6	Epomophorus labiatus	YP_009754638
ATP6	Epomophorus minor	YP_009754677
ATP6	Epomophorus pusillus	YP_009754794
ATP6	Epomophorus wahlbergi	YP_009754651
ATP6	Epomops buettikoferi	YP_009754690
ATP6	Epomops franqueti	YP_009754716
ATP6	Eudiscopus denticulus	YP_010148067
ATP6	Furipterus horrens	YP_009826331
ATP6	Glossophaga soricina	YP_010455522
ATP6	Glyphonycteris daviesi	YP_009466970
ATP6	Hipposideros armiger	YP_006665751
ATP6	Hipposideros caffer	YP_011102878
ATP6	Hipposideros cervinus	YP_010305173
ATP6	Hipposideros larvatus	YP_010305199
ATP6	Hipposideros lylei	YP_010938281
ATP6	Hipposideros pomona	YP_010321529
ATP6	Histiotus macrotus	YP_010611024
ATP6	Histiotus magellanicus	YP_010611050
ATP6	Histiotus montanus	YP_010611037
ATP6	Hsunycteris thomasi	YP_009466905
ATP6	Hypsignathus monstrosus	YP_009754729
ATP6	Hypsugo alaschanicus	YP_009246595
ATP6	Kerivoula minuta	YP_010305186
ATP6	Kerivoula papillosa	YP_010305160
ATP6	Lasionycteris noctivagans	YP_009943234
ATP6	Lasiurus borealis	YP_005255233
ATP6	Leptonycteris curasoae	YP_010500246
ATP6	Leptonycteris nivalis	YP_010500220
ATP6	Leptonycteris yerbabuenae	YP_010500233
ATP6	Lonchophylla concava	YP_010455600
ATP6	Lonchophylla robusta	YP_010455548
ATP6	Lonchorhina aurita	YP_009466918
ATP6	Lophostoma brasiliense	YP_010455470
ATP6	Lophostoma silvicola	YP_008578432
ATP6	Macroderma gigas	YP_010172281
ATP6	Macroglossus sobrinus	YP_009754742
ATP6	Macrotus californicus	YP_009466931
ATP6	Macrotus waterhousii	YP_010710549
ATP6	Megaerops niphanae	YP_009754755
ATP6	Megaloglossus azagnyi	YP_009754768
ATP6	Megaloglossus woermanni	YP_009754781
ATP6	Micronycteris hirsuta	YP_010455561
ATP6	Micronycteris megalotis	YP_008578367
ATP6	Miniopterus fuliginosus	YP_009687832
ATP6	Molossus molossus	YP_010455613
ATP6	Murina leucogaster	YP_009112374
ATP6	Murina ussuriensis	YP_007890332
ATP6	Myonycteris angolensis	YP_009754807
ATP6	Myonycteris leptodon	YP_009754820
ATP6	Myonycteris relicta	YP_009754833
ATP6	Myonycteris torquata	YP_009754846
ATP6	Myotis albescens	YP_009442773
ATP6	Myotis atacamensis	YP_009442734
ATP6	Myotis auriculus	YP_009442682
ATP6	Myotis bechsteinii	YP_009351942
ATP6	Myotis bombinus	YP_009231344
ATP6	Myotis brandtii	YP_009092848
ATP6	Myotis davidii	YP_009107217
ATP6	Myotis dominicensis	YP_009442578
ATP6	Myotis evotis	YP_009442591
ATP6	Myotis formosus	YP_004734060
ATP6	Myotis frater	YP_009589340
ATP6	Myotis horsfieldii	YP_009442747
ATP6	Myotis ikonnikovi	YP_008757929
ATP6	Myotis keaysi	YP_009442604
ATP6	Myotis leibii	YP_009442695
ATP6	Myotis lucifugus	YP_009243538
ATP6	Myotis macrodactylus	YP_008757877
ATP6	Myotis martiniquensis	YP_009442786
ATP6	Myotis muricola	YP_009234305
ATP6	Myotis myotis	YP_009231396
ATP6	Myotis nigricans	YP_009442656
ATP6	Myotis oxyotus	YP_009442630
ATP6	Myotis petax	YP_010133425
ATP6	Myotis pilosus	YP_010117575
ATP6	Myotis riparius	YP_009442643
ATP6	Myotis ruber	YP_009442617
ATP6	Myotis septentrionalis	YP_009906150
ATP6	Myotis thysanodes	YP_009442721
ATP6	Myotis volans	YP_009442760
ATP6	Myotis yumanensis	YP_009442669
ATP6	Mystacina tuberculata	YP_220698
ATP6	Nanonycteris veldkampii	YP_009754859
ATP6	Noctilio leporinus	YP_009466944
ATP6	Nyctalus aviator	YP_010248097
ATP6	Nyctalus noctula	YP_009144144
ATP6	Nyctalus plancyi	YP_009564178
ATP6	Nyctimene cephalotes	YP_009754872
ATP6	Phyllostomus discolor	YP_010455626
ATP6	Pipistrellus abramus	NP_976131
ATP6	Pipistrellus coromandra	YP_009228274
ATP6	Pipistrellus pipistrellus	YP_011103419
ATP6	Platyrrhinus matapalensis	YP_010455574
ATP6	Plecotus auritus	YP_004425103
ATP6	Plecotus macrobullaris	YP_009167286
ATP6	Plerotes anchietae	YP_009754885
ATP6	Pteronotus parnellii	YP_009000404
ATP6	Pteronotus personatus	YP_009338723
ATP6	Pteronotus rubiginosus	YP_008578445
ATP6	Pteropus alecto	YP_008965259
ATP6	Pteropus dasymallus	NP_068787
ATP6	Pteropus ornatus	YP_009754898
ATP6	Pteropus scapulatus	NP_071647
ATP6	Pteropus vampyrus	YP_009122657
ATP6	Rhinolophus affinis	YP_010004059
ATP6	Rhinolophus ferrumequinum korai	YP_004935084
ATP6	Rhinolophus ferrumequinum quelpartis	YP_007474926
ATP6	Rhinolophus formosae	YP_002261370
ATP6	Rhinolophus francisi	YP_010926055
ATP6	Rhinolophus luctus	YP_006665738
ATP6	Rhinolophus macrotis	YP_009121503
ATP6	Rhinolophus marshalli	YP_010322035
ATP6	Rhinolophus monoceros	NP_976092
ATP6	Rhinolophus philippinensis	YP_010288432
ATP6	Rhinolophus pumilus	NP_976105
ATP6	Rhinolophus pusillus	YP_009731385
ATP6	Rhinolophus rex	YP_009183689
ATP6	Rhinolophus rex paradoxolophus	YP_010322048
ATP6	Rhinolophus siamensis	YP_010322022
ATP6	Rhinolophus thomasi	YP_009353900
ATP6	Rhinolophus yunanensis	YP_009445582
ATP6	Rhinophylla pumilio	YP_008578458
ATP6	Rhogeessa aenea	YP_010944643
ATP6	Rhogeessa genowaysi	YP_010965073
ATP6	Rhogeessa mira	YP_010965060
ATP6	Rhogeessa parvula	YP_010944630
ATP6	Rousettus aegyptiacus	YP_313610
ATP6	Rousettus amplexicaudatus	YP_009704950
ATP6	Rousettus leschenaultii	YP_009754911
ATP6	Rousettus madagascariensis	YP_009754924
ATP6	Rousettus obliviosus	YP_009754937
ATP6	Saccopteryx leptura	YP_009445608
ATP6	Scotonycteris bergmansi	YP_009754950
ATP6	Scotonycteris occidentalis	YP_009754963
ATP6	Scotonycteris zenkeri	YP_009754976
ATP6	Sphaerias blanfordi	YP_009754989
ATP6	Stenonycteris lanosa	YP_009755002
ATP6	Sturnira bakeri	YP_010455587
ATP6	Sturnira ludovici	YP_010455639
ATP6	Sturnira tildae	YP_008578471
ATP6	Submyotodon moupinensis	YP_010449633
ATP6	Tadarida latouchei	YP_009442825
ATP6	Tadarida teniotis	YP_009442812
ATP6	Tonatia saurophila	YP_008578484
ATP6	Trachops cirrhosus	YP_011058888
ATP6	Vampyrum spectrum	YP_008578497
ATP6	Vespertilio murinus	YP_009338575
ATP6	Vespertilio sinensis	YP_009048533
COX4I1	Artibeus jamaicensis	XP_036998282
COX4I1	Cnephaeus nilssonii	XP_079655871
COX4I1	Desmodus rotundus	XP_024411933
COX4I1	Eptesicus fuscus	XP_054566360
COX4I1	Hipposideros armiger	XP_019490740
COX4I1	Miniopterus natalensis	XP_016052713
COX4I1	Miniopterus schreibersii	XP_080974538
COX4I1	Molossus molossus	XP_036131804
COX4I1	Myotis brandtii	XP_005862594
COX4I1	Myotis daubentonii	XP_059523135
COX4I1	Myotis davidii	XP_006762280
COX4I1	Myotis lucifugus	XP_023608323
COX4I1	Myotis myotis	XP_036201267
COX4I1	Myotis nattereri	XP_080963769
COX4I1	Myotis yumanensis	XP_070254751
COX4I1	Phyllostomus discolor	XP_035868203
COX4I1	Phyllostomus hastatus	XP_045674920
COX4I1	Pipistrellus kuhlii	XP_045438585
COX4I1	Plecotus auritus	XP_080501909
COX4I1	Pteronotus mesoamericanus	XP_054444903
COX4I1	Pteropus alecto	XP_006926797
COX4I1	Pteropus medius	XP_039744675
COX4I1	Pteropus vampyrus	XP_011368565
COX4I1	Rhinolophus ferrumequinum	XP_032983720
COX4I1	Rhinolophus hipposideros	XP_080887495
COX4I1	Rhinolophus sinicus	XP_019602675
COX4I1	Rousettus aegyptiacus	XP_015984959
COX4I1	Saccopteryx bilineata	XP_066098610
COX4I1	Saccopteryx leptura	XP_066204505
COX4I1	Sturnira hondurensis	XP_036896142
COX7A1	Artibeus jamaicensis	XP_037001865
COX7A1	Eptesicus fuscus	XP_008138068
COX7A1	Hipposideros armiger	XP_019480490
COX7A1	Miniopterus natalensis	XP_016076474
COX7A1	Miniopterus schreibersii	XP_080974574
COX7A1	Molossus molossus	XP_036130640
COX7A1	Myotis brandtii	XP_005862459
COX7A1	Myotis daubentonii	XP_059522717
COX7A1	Myotis davidii	XP_006765108
COX7A1	Myotis lucifugus	XP_006098686
COX7A1	Myotis myotis	XP_036201523
COX7A1	Myotis yumanensis	XP_070254574
COX7A1	Phyllostomus discolor	XP_028385998
COX7A1	Phyllostomus hastatus	XP_045702666
COX7A1	Pipistrellus kuhlii	XP_036296257
COX7A1	Plecotus auritus	XP_080499829
COX7A1	Pteronotus mesoamericanus	XP_054450882
COX7A1	Pteropus medius	XP_039706154
COX7A1	Pteropus vampyrus	XP_011381845
COX7A1	Rhinolophus ferrumequinum	XP_032984457
COX7A1	Rhinolophus hipposideros	XP_080889244
COX7A1	Rhinolophus sinicus	XP_019605542
COX7A1	Rousettus aegyptiacus	XP_036088137
COX7A1	Saccopteryx bilineata	XP_066098697
COX7A1	Saccopteryx leptura	XP_066204722
COX7A1	Sturnira hondurensis	XP_036895982
CPT1A	Artibeus jamaicensis	XP_036991099
CPT1A	Cnephaeus nilssonii	XP_079643043
CPT1A	Desmodus rotundus	XP_053779888
CPT1A	Eptesicus fuscus	XP_054580699
CPT1A	Hipposideros armiger	XP_019510245
CPT1A	Miniopterus natalensis	XP_016068952
CPT1A	Miniopterus schreibersii	XP_081011117
CPT1A	Molossus molossus	XP_036114085
CPT1A	Myotis brandtii	XP_014393619
CPT1A	Myotis daubentonii	XP_059565826
CPT1A	Myotis davidii	XP_015424435
CPT1A	Myotis lucifugus	XP_023603602
CPT1A	Myotis myotis	XP_036182262
CPT1A	Myotis nattereri	XP_080955554
CPT1A	Phyllostomus discolor	XP_028371191
CPT1A	Phyllostomus hastatus	XP_045710814
CPT1A	Pipistrellus kuhlii	XP_036282966
CPT1A	Plecotus auritus	XP_080497801
CPT1A	Pteronotus mesoamericanus	XP_054426746
CPT1A	Pteropus alecto	XP_006911062
CPT1A	Pteropus vampyrus	XP_023381548
CPT1A	Rhinolophus ferrumequinum	XP_032975839
CPT1A	Rhinolophus hipposideros	XP_080919941
CPT1A	Rhinolophus sinicus	XP_074192948
CPT1A	Rousettus aegyptiacus	XP_015987244
CPT1A	Saccopteryx bilineata	XP_066108361
CPT1A	Saccopteryx leptura	XP_066239900
CPT1A	Sturnira hondurensis	XP_036918461
CPT1B	Artibeus jamaicensis	XP_037016644
CPT1B	Cnephaeus nilssonii	XP_079631937
CPT1B	Desmodus rotundus	XP_045043197
CPT1B	Eptesicus fuscus	XP_054575660
CPT1B	Hipposideros armiger	XP_019524163
CPT1B	Miniopterus natalensis	XP_016067165
CPT1B	Miniopterus schreibersii	XP_080983173
CPT1B	Molossus molossus	XP_036134134
CPT1B	Myotis brandtii	XP_005868291
CPT1B	Myotis daubentonii	XP_059537248
CPT1B	Myotis davidii	XP_006771154
CPT1B	Myotis lucifugus	XP_006106431
CPT1B	Myotis myotis	XP_036167238
CPT1B	Myotis nattereri	XP_080937137
CPT1B	Myotis yumanensis	XP_070267472
CPT1B	Phyllostomus discolor	XP_035875705
CPT1B	Phyllostomus hastatus	XP_045690807
CPT1B	Pipistrellus kuhlii	XP_036286038
CPT1B	Plecotus auritus	XP_080515566
CPT1B	Pteronotus mesoamericanus	XP_054426437
CPT1B	Pteropus alecto	XP_006917900
CPT1B	Pteropus medius	XP_039718980
CPT1B	Pteropus vampyrus	XP_011382436
CPT1B	Rhinolophus ferrumequinum	XP_032973441
CPT1B	Rhinolophus hipposideros	XP_080917486
CPT1B	Rhinolophus sinicus	XP_019573368
CPT1B	Rousettus aegyptiacus	XP_036093694
CPT1B	Saccopteryx bilineata	XP_066110663
CPT1B	Saccopteryx leptura	XP_066214893
CPT1B	Sturnira hondurensis	XP_036904549
CPT2	Artibeus jamaicensis	XP_037017800
CPT2	Cnephaeus nilssonii	XP_079633747
CPT2	Desmodus rotundus	XP_024427006
CPT2	Eptesicus fuscus	XP_008137514
CPT2	Hipposideros armiger	XP_019521932
CPT2	Miniopterus schreibersii	XP_081002074
CPT2	Molossus molossus	XP_036111276
CPT2	Myotis brandtii	XP_005878740
CPT2	Myotis daubentonii	XP_059545519
CPT2	Myotis davidii	XP_015422435
CPT2	Myotis lucifugus	XP_006087392
CPT2	Myotis myotis	XP_036205189
CPT2	Myotis nattereri	XP_080943232
CPT2	Myotis yumanensis	XP_070261255
CPT2	Phyllostomus discolor	XP_028368982
CPT2	Phyllostomus hastatus	XP_045713509
CPT2	Pipistrellus kuhlii	XP_036300949
CPT2	Plecotus auritus	XP_080513452
CPT2	Pteronotus mesoamericanus	XP_054429207
CPT2	Pteropus alecto	XP_006919275
CPT2	Pteropus medius	XP_039742491
CPT2	Pteropus vampyrus	XP_011368764
CPT2	Rhinolophus ferrumequinum	XP_032969885
CPT2	Rhinolophus hipposideros	XP_080912914
CPT2	Rhinolophus sinicus	XP_019598393
CPT2	Rousettus aegyptiacus	XP_015975920
CPT2	Saccopteryx bilineata	XP_066125254
CPT2	Saccopteryx leptura	XP_066232433
CPT2	Sturnira hondurensis	XP_036899138
CREB3L1	Artibeus jamaicensis	XP_037022156
CREB3L1	Cnephaeus nilssonii	XP_079645639
CREB3L1	Desmodus rotundus	XP_024414827
CREB3L1	Eptesicus fuscus	XP_008144991
CREB3L1	Hipposideros armiger	XP_019512023
CREB3L1	Miniopterus natalensis	XP_016059538
CREB3L1	Miniopterus schreibersii	XP_081008717
CREB3L1	Molossus molossus	XP_036114844
CREB3L1	Myotis brandtii	XP_014398829
CREB3L1	Myotis daubentonii	XP_059565511
CREB3L1	Myotis davidii	XP_015425013
CREB3L1	Myotis lucifugus	XP_023612425
CREB3L1	Myotis myotis	XP_036181966
CREB3L1	Myotis nattereri	XP_080955474
CREB3L1	Myotis yumanensis	XP_070283989
CREB3L1	Phyllostomus discolor	XP_028371918
CREB3L1	Phyllostomus hastatus	XP_045681351
CREB3L1	Pipistrellus kuhlii	XP_036283071
CREB3L1	Plecotus auritus	XP_080496938
CREB3L1	Pteronotus mesoamericanus	XP_054443161
CREB3L1	Pteropus alecto	XP_006908134
CREB3L1	Pteropus medius	XP_039724057
CREB3L1	Pteropus vampyrus	XP_011355334
CREB3L1	Rhinolophus ferrumequinum	XP_032977782
CREB3L1	Rhinolophus hipposideros	XP_080919234
CREB3L1	Rhinolophus sinicus	XP_019599098
CREB3L1	Rousettus aegyptiacus	XP_016002239
CREB3L1	Saccopteryx bilineata	XP_066107487
CREB3L1	Saccopteryx leptura	XP_066218612
CREB3L1	Sturnira hondurensis	XP_036883828
CREB3L4	Artibeus jamaicensis	XP_037018337
CREB3L4	Cnephaeus nilssonii	XP_079618035
CREB3L4	Desmodus rotundus	XP_024429027
CREB3L4	Eptesicus fuscus	XP_054567799
CREB3L4	Hipposideros armiger	XP_019482825
CREB3L4	Miniopterus natalensis	XP_016077070
CREB3L4	Miniopterus schreibersii	XP_080976511
CREB3L4	Molossus molossus	XP_036128900
CREB3L4	Myotis brandtii	XP_014396245
CREB3L4	Myotis daubentonii	XP_059530752
CREB3L4	Myotis davidii	XP_015427263
CREB3L4	Myotis lucifugus	XP_014316670
CREB3L4	Myotis myotis	XP_036199350
CREB3L4	Myotis nattereri	XP_080968607
CREB3L4	Myotis yumanensis	XP_070252439
CREB3L4	Phyllostomus discolor	XP_028358317
CREB3L4	Phyllostomus hastatus	XP_045673292
CREB3L4	Pipistrellus kuhlii	XP_036297628
CREB3L4	Plecotus auritus	XP_080503525
CREB3L4	Pteropus alecto	XP_024896670
CREB3L4	Pteropus medius	XP_039705652
CREB3L4	Rhinolophus ferrumequinum	XP_032949687
CREB3L4	Rhinolophus hipposideros	XP_080882967
CREB3L4	Rhinolophus sinicus	XP_074174773
CREB3L4	Sturnira hondurensis	XP_036906600
CREB5	Artibeus jamaicensis	XP_053519623
CREB5	Cnephaeus nilssonii	XP_079642014
CREB5	Desmodus rotundus	XP_024418758
CREB5	Eptesicus fuscus	XP_028010919
CREB5	Hipposideros armiger	XP_019495495
CREB5	Miniopterus natalensis	XP_016077753
CREB5	Miniopterus schreibersii	XP_081002917
CREB5	Molossus molossus	XP_036102954
CREB5	Myotis brandtii	XP_014392488
CREB5	Myotis daubentonii	XP_059568634
CREB5	Myotis davidii	XP_015413613
CREB5	Myotis lucifugus	XP_023609597
CREB5	Myotis myotis	XP_036183642
CREB5	Myotis nattereri	XP_080958880
CREB5	Myotis yumanensis	XP_070280592
CREB5	Phyllostomus discolor	XP_028382030
CREB5	Phyllostomus hastatus	XP_045684259
CREB5	Pipistrellus kuhlii	XP_036309612
CREB5	Plecotus auritus	XP_080520499
CREB5	Pteronotus mesoamericanus	XP_054420131
CREB5	Pteropus alecto	XP_024902639
CREB5	Pteropus medius	XP_039718556
CREB5	Rhinolophus ferrumequinum	XP_032944608
CREB5	Rhinolophus hipposideros	XP_080935602
CREB5	Rhinolophus sinicus	XP_074197024
CREB5	Rousettus aegyptiacus	XP_036086322
CREB5	Saccopteryx bilineata	XP_066095534
CREB5	Saccopteryx leptura	XP_066210249
CREB5	Sturnira hondurensis	XP_036897130
FGFR1	Artibeus jamaicensis	XP_037022860
FGFR1	Cnephaeus nilssonii	XP_079634940
FGFR1	Desmodus rotundus	XP_071076307
FGFR1	Eptesicus fuscus	XP_054576012
FGFR1	Hipposideros armiger	XP_019482354
FGFR1	Miniopterus natalensis	XP_016065875
FGFR1	Miniopterus schreibersii	XP_080983695
FGFR1	Molossus molossus	XP_036106031
FGFR1	Myotis brandtii	XP_014391823
FGFR1	Myotis daubentonii	XP_059541341
FGFR1	Myotis davidii	XP_015420703
FGFR1	Myotis lucifugus	XP_006086308
FGFR1	Myotis myotis	XP_036152655
FGFR1	Myotis nattereri	XP_080939083
FGFR1	Myotis yumanensis	XP_070264521
FGFR1	Phyllostomus discolor	XP_035867493
FGFR1	Phyllostomus hastatus	XP_045677281
FGFR1	Pipistrellus kuhlii	XP_036311108
FGFR1	Plecotus auritus	XP_080518363
FGFR1	Pteronotus mesoamericanus	XP_054421978
FGFR1	Pteropus alecto	XP_015448375
FGFR1	Pteropus medius	XP_039709835
FGFR1	Pteropus vampyrus	XP_023394347
FGFR1	Rhinolophus ferrumequinum	XP_032960078
FGFR1	Rhinolophus hipposideros	XP_080901583
FGFR1	Rhinolophus sinicus	XP_074185739
FGFR1	Rousettus aegyptiacus	XP_016010753
FGFR1	Saccopteryx bilineata	XP_066093307
FGFR1	Saccopteryx leptura	XP_066236462
FGFR1	Sturnira hondurensis	XP_036911287
ND3	Anoura caudifer	YP_008578382
ND3	Anoura cultrata	YP_010455433
ND3	Anoura geoffroyi	YP_010455446
ND3	Artibeus hartii	YP_010455511
ND3	Artibeus jamaicensis	NP_008491
ND3	Artibeus lituratus	YP_005255209
ND3	Baeodon alleni	YP_010960239
ND3	Balionycteris maculata	YP_010303508
ND3	Brachyphylla cavernarum	YP_008578395
ND3	Carollia brevicauda	YP_010471883
ND3	Carollia castanea	YP_010455459
ND3	Carollia perspicillata	YP_008578408
ND3	Casinycteris argynnis	YP_009754549
ND3	Casinycteris campomaanensis	YP_009754562
ND3	Casinycteris ophiodon	YP_009754575
ND3	Chalinolobus tuberculatus	NP_071691
ND3	Chiroderma salvini	YP_010455485
ND3	Choeroniscus minor	YP_010455537
ND3	Chrotopterus auritus	YP_009466881
ND3	Cnephaeus bottae	YP_010611013
ND3	Cnephaeus nilssonii	YP_010976676
ND3	Corynorhinus mexicanus	YP_011102445
ND3	Corynorhinus rafinesquii	YP_005255222
ND3	Cynopterus brachyotis	YP_009121640
ND3	Cynopterus sphinx	YP_009754588
ND3	Dermanura rava	YP_010455498
ND3	Desmodus rotundus	YP_008578421
ND3	Diaemus youngi	YP_009466894
ND3	Diphylla ecaudata	YP_009466959
ND3	Ectophylla alba	YP_009589355
ND3	Eidolon helvum	YP_009754601
ND3	Eonycteris spelaea	YP_009754614
ND3	Epomophorus crypturus	YP_009754627
ND3	Epomophorus dobsonii	YP_009754705
ND3	Epomophorus gambianus	YP_009232303
ND3	Epomophorus labiatus	YP_009754640
ND3	Epomophorus minor	YP_009754679
ND3	Epomophorus pusillus	YP_009754796
ND3	Epomophorus wahlbergi	YP_009754653
ND3	Epomops buettikoferi	YP_009754692
ND3	Epomops franqueti	YP_009754718
ND3	Eudiscopus denticulus	YP_010148069
ND3	Furipterus horrens	YP_009826333
ND3	Glossophaga soricina	YP_010455524
ND3	Glyphonycteris daviesi	YP_009466972
ND3	Hipposideros armiger	YP_006665753
ND3	Hipposideros caffer	YP_011102880
ND3	Hipposideros cervinus	YP_010305175
ND3	Hipposideros larvatus	YP_010305201
ND3	Hipposideros lylei	YP_010938283
ND3	Hipposideros pomona	YP_010321531
ND3	Histiotus macrotus	YP_010611026
ND3	Histiotus magellanicus	YP_010611052
ND3	Histiotus montanus	YP_010611039
ND3	Hsunycteris thomasi	YP_009466907
ND3	Hypsignathus monstrosus	YP_009754731
ND3	Hypsugo alaschanicus	YP_009246597
ND3	Kerivoula minuta	YP_010305188
ND3	Kerivoula papillosa	YP_010305162
ND3	Lasionycteris noctivagans	YP_009943236
ND3	Lasiurus borealis	YP_005255235
ND3	Leptonycteris curasoae	YP_010500248
ND3	Leptonycteris nivalis	YP_010500222
ND3	Leptonycteris yerbabuenae	YP_010500235
ND3	Lonchophylla concava	YP_010455602
ND3	Lonchophylla robusta	YP_010455550
ND3	Lonchorhina aurita	YP_009466920
ND3	Lophostoma brasiliense	YP_010455472
ND3	Lophostoma silvicola	YP_008578434
ND3	Macroderma gigas	YP_010172283
ND3	Macroglossus sobrinus	YP_009754744
ND3	Macrotus californicus	YP_009466933
ND3	Macrotus waterhousii	YP_010710551
ND3	Megaerops niphanae	YP_009754757
ND3	Megaloglossus azagnyi	YP_009754770
ND3	Megaloglossus woermanni	YP_009754783
ND3	Micronycteris hirsuta	YP_010455563
ND3	Micronycteris megalotis	YP_008578369
ND3	Miniopterus fuliginosus	YP_009687834
ND3	Molossus molossus	YP_010455615
ND3	Murina leucogaster	YP_009112376
ND3	Murina ussuriensis	YP_007890334
ND3	Myonycteris angolensis	YP_009754809
ND3	Myonycteris leptodon	YP_009754822
ND3	Myonycteris relicta	YP_009754835
ND3	Myonycteris torquata	YP_009754848
ND3	Myotis albescens	YP_009442775
ND3	Myotis atacamensis	YP_009442736
ND3	Myotis auriculus	YP_009442684
ND3	Myotis bechsteinii	YP_009351944
ND3	Myotis bombinus	YP_009231346
ND3	Myotis brandtii	YP_009092850
ND3	Myotis davidii	YP_010268949
ND3	Myotis dominicensis	YP_009442580
ND3	Myotis evotis	YP_009442593
ND3	Myotis formosus	YP_004734062
ND3	Myotis frater	YP_009589342
ND3	Myotis horsfieldii	YP_009442749
ND3	Myotis ikonnikovi	YP_008757931
ND3	Myotis keaysi	YP_009442606
ND3	Myotis leibii	YP_009442697
ND3	Myotis lucifugus	YP_009243540
ND3	Myotis macrodactylus	YP_008757879
ND3	Myotis martiniquensis	YP_009442788
ND3	Myotis muricola	YP_009234307
ND3	Myotis myotis	YP_009231398
ND3	Myotis nigricans	YP_009442658
ND3	Myotis oxyotus	YP_009442632
ND3	Myotis petax	YP_010133427
ND3	Myotis pilosus	YP_010117577
ND3	Myotis riparius	YP_009442645
ND3	Myotis ruber	YP_009442619
ND3	Myotis septentrionalis	YP_009906152
ND3	Myotis thysanodes	YP_009442723
ND3	Myotis volans	YP_009442762
ND3	Myotis yumanensis	YP_009442671
ND3	Mystacina tuberculata	YP_220700
ND3	Nanonycteris veldkampii	YP_009754861
ND3	Noctilio leporinus	YP_009466946
ND3	Nyctalus aviator	YP_010248099
ND3	Nyctalus noctula	YP_009144146
ND3	Nyctalus plancyi	YP_009564180
ND3	Nyctimene cephalotes	YP_009754874
ND3	Phyllostomus discolor	YP_010455628
ND3	Pipistrellus abramus	NP_976133
ND3	Pipistrellus coromandra	YP_009228276
ND3	Pipistrellus pipistrellus	YP_011103421
ND3	Platyrrhinus matapalensis	YP_010455576
ND3	Plecotus auritus	YP_004425105
ND3	Plecotus macrobullaris	YP_009167288
ND3	Plerotes anchietae	YP_009754887
ND3	Pteronotus parnellii	YP_009000406
ND3	Pteronotus personatus	YP_009338725
ND3	Pteronotus rubiginosus	YP_008578447
ND3	Pteropus alecto	YP_008965261
ND3	Pteropus dasymallus	NP_068789
ND3	Pteropus ornatus	YP_009754900
ND3	Pteropus scapulatus	NP_071649
ND3	Pteropus vampyrus	YP_009122659
ND3	Rhinolophus affinis	YP_010004061
ND3	Rhinolophus ferrumequinum korai	YP_004935086
ND3	Rhinolophus ferrumequinum quelpartis	YP_007474928
ND3	Rhinolophus formosae	YP_002261372
ND3	Rhinolophus francisi	YP_010926057
ND3	Rhinolophus luctus	YP_006665740
ND3	Rhinolophus macrotis	YP_009121505
ND3	Rhinolophus marshalli	YP_010322037
ND3	Rhinolophus monoceros	NP_976094
ND3	Rhinolophus philippinensis	YP_010288434
ND3	Rhinolophus pumilus	NP_976107
ND3	Rhinolophus pusillus	YP_009731387
ND3	Rhinolophus rex	YP_009183691
ND3	Rhinolophus rex paradoxolophus	YP_010322050
ND3	Rhinolophus siamensis	YP_010322024
ND3	Rhinolophus thomasi	YP_009353902
ND3	Rhinolophus yunanensis	YP_009445584
ND3	Rhinophylla pumilio	YP_008578460
ND3	Rhogeessa aenea	YP_010944645
ND3	Rhogeessa genowaysi	YP_010965075
ND3	Rhogeessa mira	YP_010965062
ND3	Rhogeessa parvula	YP_010944632
ND3	Rousettus aegyptiacus	YP_313612
ND3	Rousettus amplexicaudatus	YP_009704952
ND3	Rousettus leschenaultii	YP_009754913
ND3	Rousettus madagascariensis	YP_009754926
ND3	Rousettus obliviosus	YP_009754939
ND3	Saccopteryx leptura	YP_009445610
ND3	Scotonycteris bergmansi	YP_009754952
ND3	Scotonycteris occidentalis	YP_009754965
ND3	Scotonycteris zenkeri	YP_009754978
ND3	Sphaerias blanfordi	YP_009754991
ND3	Stenonycteris lanosa	YP_009755004
ND3	Sturnira bakeri	YP_010455589
ND3	Sturnira ludovici	YP_010455641
ND3	Sturnira tildae	YP_008578473
ND3	Submyotodon moupinensis	YP_010449635
ND3	Tadarida latouchei	YP_009442827
ND3	Tadarida teniotis	YP_009442814
ND3	Tonatia saurophila	YP_008578486
ND3	Trachops cirrhosus	YP_011058890
ND3	Vampyrum spectrum	YP_008578499
ND3	Vespertilio murinus	YP_009338577
ND3	Vespertilio sinensis	YP_009048535
ND4	Anoura caudifer	YP_008578384
ND4	Anoura cultrata	YP_010455435
ND4	Anoura geoffroyi	YP_010455448
ND4	Artibeus hartii	YP_010455513
ND4	Artibeus jamaicensis	NP_008493
ND4	Artibeus lituratus	YP_005255211
ND4	Baeodon alleni	YP_010960241
ND4	Balionycteris maculata	YP_010303510
ND4	Brachyphylla cavernarum	YP_008578397
ND4	Carollia brevicauda	YP_010471885
ND4	Carollia castanea	YP_010455461
ND4	Carollia perspicillata	YP_008578410
ND4	Casinycteris argynnis	YP_009754551
ND4	Casinycteris campomaanensis	YP_009754564
ND4	Casinycteris ophiodon	YP_009754577
ND4	Chalinolobus tuberculatus	NP_071693
ND4	Chiroderma salvini	YP_010455487
ND4	Choeroniscus minor	YP_010455539
ND4	Chrotopterus auritus	YP_009466883
ND4	Cnephaeus bottae	YP_010611015
ND4	Cnephaeus nilssonii	YP_010976678
ND4	Corynorhinus mexicanus	YP_011102447
ND4	Corynorhinus rafinesquii	YP_005255224
ND4	Cynopterus brachyotis	YP_009121642
ND4	Cynopterus sphinx	YP_009754590
ND4	Dermanura rava	YP_010455500
ND4	Desmodus rotundus	YP_008578423
ND4	Diaemus youngi	YP_009466896
ND4	Diphylla ecaudata	YP_009466961
ND4	Ectophylla alba	YP_009589357
ND4	Eidolon helvum	YP_009754603
ND4	Eonycteris spelaea	YP_009754616
ND4	Epomophorus crypturus	YP_009754629
ND4	Epomophorus dobsonii	YP_009754707
ND4	Epomophorus gambianus	YP_009232305
ND4	Epomophorus labiatus	YP_009754642
ND4	Epomophorus minor	YP_009754681
ND4	Epomophorus pusillus	YP_009754798
ND4	Epomophorus wahlbergi	YP_009754655
ND4	Epomops buettikoferi	YP_009754694
ND4	Epomops franqueti	YP_009754720
ND4	Eudiscopus denticulus	YP_010148071
ND4	Furipterus horrens	YP_009826335
ND4	Glossophaga soricina	YP_010455526
ND4	Glyphonycteris daviesi	YP_009466974
ND4	Hipposideros armiger	YP_006665755
ND4	Hipposideros caffer	YP_011102882
ND4	Hipposideros cervinus	YP_010305177
ND4	Hipposideros larvatus	YP_010305203
ND4	Hipposideros lylei	YP_010938285
ND4	Hipposideros pomona	YP_010321533
ND4	Histiotus macrotus	YP_010611028
ND4	Histiotus magellanicus	YP_010611054
ND4	Histiotus montanus	YP_010611041
ND4	Hsunycteris thomasi	YP_009466909
ND4	Hypsignathus monstrosus	YP_009754733
ND4	Hypsugo alaschanicus	YP_009246599
ND4	Kerivoula minuta	YP_010305190
ND4	Kerivoula papillosa	YP_010305164
ND4	Lasionycteris noctivagans	YP_009943238
ND4	Lasiurus borealis	YP_005255237
ND4	Leptonycteris curasoae	YP_010500250
ND4	Leptonycteris nivalis	YP_010500224
ND4	Leptonycteris yerbabuenae	YP_010500237
ND4	Lonchophylla concava	YP_010455604
ND4	Lonchophylla robusta	YP_010455552
ND4	Lonchorhina aurita	YP_009466922
ND4	Lophostoma brasiliense	YP_010455474
ND4	Lophostoma silvicola	YP_008578436
ND4	Macroderma gigas	YP_010172285
ND4	Macroglossus sobrinus	YP_009754746
ND4	Macrotus californicus	YP_009466935
ND4	Macrotus waterhousii	YP_010710553
ND4	Megaerops niphanae	YP_009754759
ND4	Megaloglossus azagnyi	YP_009754772
ND4	Megaloglossus woermanni	YP_009754785
ND4	Micronycteris hirsuta	YP_010455565
ND4	Micronycteris megalotis	YP_008578371
ND4	Miniopterus fuliginosus	YP_009687836
ND4	Molossus molossus	YP_010455617
ND4	Murina leucogaster	YP_009112378
ND4	Murina ussuriensis	YP_007890336
ND4	Myonycteris angolensis	YP_009754811
ND4	Myonycteris leptodon	YP_009754824
ND4	Myonycteris relicta	YP_009754837
ND4	Myonycteris torquata	YP_009754850
ND4	Myotis albescens	YP_009442777
ND4	Myotis atacamensis	YP_009442738
ND4	Myotis auriculus	YP_009442686
ND4	Myotis bechsteinii	YP_009351946
ND4	Myotis bombinus	YP_009231348
ND4	Myotis brandtii	YP_009092852
ND4	Myotis davidii	YP_010268951
ND4	Myotis dominicensis	YP_009442582
ND4	Myotis evotis	YP_009442595
ND4	Myotis formosus	YP_004734064
ND4	Myotis frater	YP_009589344
ND4	Myotis horsfieldii	YP_009442751
ND4	Myotis ikonnikovi	YP_008757933
ND4	Myotis keaysi	YP_009442608
ND4	Myotis leibii	YP_009442699
ND4	Myotis lucifugus	YP_009243542
ND4	Myotis macrodactylus	YP_008757881
ND4	Myotis martiniquensis	YP_009442790
ND4	Myotis muricola	YP_009234309
ND4	Myotis myotis	YP_009231400
ND4	Myotis nigricans	YP_009442660
ND4	Myotis oxyotus	YP_009442634
ND4	Myotis petax	YP_010133429
ND4	Myotis pilosus	YP_010117579
ND4	Myotis riparius	YP_009442647
ND4	Myotis ruber	YP_009442621
ND4	Myotis septentrionalis	YP_009906154
ND4	Myotis thysanodes	YP_009442725
ND4	Myotis volans	YP_009442764
ND4	Myotis yumanensis	YP_009442673
ND4	Mystacina tuberculata	YP_220702
ND4	Nanonycteris veldkampii	YP_009754863
ND4	Noctilio leporinus	YP_009466948
ND4	Nyctalus aviator	YP_010248101
ND4	Nyctalus noctula	YP_009144148
ND4	Nyctalus plancyi	YP_009564182
ND4	Nyctimene cephalotes	YP_009754876
ND4	Phyllostomus discolor	YP_010455630
ND4	Pipistrellus abramus	NP_976135
ND4	Pipistrellus coromandra	YP_009228278
ND4	Pipistrellus pipistrellus	YP_011103423
ND4	Platyrrhinus matapalensis	YP_010455578
ND4	Plecotus auritus	YP_004425107
ND4	Plecotus macrobullaris	YP_009167290
ND4	Plerotes anchietae	YP_009754889
ND4	Pteronotus parnellii	YP_009000408
ND4	Pteronotus personatus	YP_009338727
ND4	Pteronotus rubiginosus	YP_008578449
ND4	Pteropus alecto	YP_008965263
ND4	Pteropus dasymallus	NP_068791
ND4	Pteropus ornatus	YP_009754902
ND4	Pteropus scapulatus	NP_071651
ND4	Pteropus vampyrus	YP_009122661
ND4	Rhinolophus affinis	YP_010004063
ND4	Rhinolophus ferrumequinum korai	YP_004935088
ND4	Rhinolophus ferrumequinum quelpartis	YP_007474930
ND4	Rhinolophus formosae	YP_002261374
ND4	Rhinolophus francisi	YP_010926059
ND4	Rhinolophus luctus	YP_006665742
ND4	Rhinolophus macrotis	YP_009121507
ND4	Rhinolophus marshalli	YP_010322039
ND4	Rhinolophus monoceros	NP_976096
ND4	Rhinolophus philippinensis	YP_010288436
ND4	Rhinolophus pumilus	NP_976109
ND4	Rhinolophus pusillus	YP_009731389
ND4	Rhinolophus rex	YP_009183693
ND4	Rhinolophus rex paradoxolophus	YP_010322052
ND4	Rhinolophus siamensis	YP_010322026
ND4	Rhinolophus thomasi	YP_009353904
ND4	Rhinolophus yunanensis	YP_009445586
ND4	Rhinophylla pumilio	YP_008578462
ND4	Rhogeessa aenea	YP_010944647
ND4	Rhogeessa genowaysi	YP_010965077
ND4	Rhogeessa mira	YP_010965064
ND4	Rhogeessa parvula	YP_010944634
ND4	Rousettus aegyptiacus	YP_313614
ND4	Rousettus amplexicaudatus	YP_009704954
ND4	Rousettus leschenaultii	YP_009754915
ND4	Rousettus madagascariensis	YP_009754928
ND4	Rousettus obliviosus	YP_009754941
ND4	Saccopteryx leptura	YP_009445612
ND4	Scotonycteris bergmansi	YP_009754954
ND4	Scotonycteris occidentalis	YP_009754967
ND4	Scotonycteris zenkeri	YP_009754980
ND4	Sphaerias blanfordi	YP_009754993
ND4	Stenonycteris lanosa	YP_009755006
ND4	Sturnira bakeri	YP_010455591
ND4	Sturnira ludovici	YP_010455643
ND4	Sturnira tildae	YP_008578475
ND4	Submyotodon moupinensis	YP_010449637
ND4	Tadarida latouchei	YP_009442829
ND4	Tadarida teniotis	YP_009442816
ND4	Tonatia saurophila	YP_008578488
ND4	Trachops cirrhosus	YP_011058892
ND4	Vampyrum spectrum	YP_008578501
ND4	Vespertilio murinus	YP_009338579
ND4	Vespertilio sinensis	YP_009048537
NDUFA1	Artibeus jamaicensis	XP_037015867
NDUFA1	Cnephaeus nilssonii	XP_079620843
NDUFA1	Desmodus rotundus	XP_024422489
NDUFA1	Eptesicus fuscus	XP_054580108
NDUFA1	Hipposideros armiger	XP_019523408
NDUFA1	Miniopterus natalensis	XP_016077845
NDUFA1	Miniopterus schreibersii	XP_080982550
NDUFA1	Molossus molossus	XP_036127201
NDUFA1	Myotis brandtii	XP_005859486
NDUFA1	Myotis daubentonii	XP_059535697
NDUFA1	Myotis davidii	XP_006758001
NDUFA1	Myotis lucifugus	XP_006082225
NDUFA1	Myotis myotis	XP_036160566
NDUFA1	Myotis nattereri	XP_080937421
NDUFA1	Myotis yumanensis	XP_070265559
NDUFA1	Phyllostomus discolor	XP_028378809
NDUFA1	Phyllostomus hastatus	XP_045673673
NDUFA1	Pipistrellus kuhlii	XP_036299456
NDUFA1	Plecotus auritus	XP_080540355
NDUFA1	Pteronotus mesoamericanus	XP_054436282
NDUFA1	Pteropus alecto	XP_006904747
NDUFA1	Pteropus vampyrus	XP_011378517
NDUFA1	Rhinolophus ferrumequinum	XP_032958778
NDUFA1	Rhinolophus hipposideros	XP_080899986
NDUFA1	Rhinolophus sinicus	XP_019572591
NDUFA1	Rousettus aegyptiacus	XP_036082346
NDUFA1	Saccopteryx bilineata	XP_066104741
NDUFA1	Saccopteryx leptura	XP_066212232
NDUFA1	Sturnira hondurensis	XP_036925025
NDUFB8	Artibeus jamaicensis	XP_037015303
NDUFB8	Cnephaeus nilssonii	XP_079650275
NDUFB8	Desmodus rotundus	XP_024411505
NDUFB8	Eptesicus fuscus	XP_008142408
NDUFB8	Hipposideros armiger	XP_019491780
NDUFB8	Miniopterus natalensis	XP_016075455
NDUFB8	Miniopterus schreibersii	XP_081013503
NDUFB8	Molossus molossus	XP_036121804
NDUFB8	Myotis brandtii	XP_005885411
NDUFB8	Myotis daubentonii	XP_059517096
NDUFB8	Myotis davidii	XP_006756613
NDUFB8	Myotis lucifugus	XP_006101787
NDUFB8	Myotis myotis	XP_036192201
NDUFB8	Myotis nattereri	XP_080961550
NDUFB8	Myotis yumanensis	XP_070288605
NDUFB8	Phyllostomus discolor	XP_028367039
NDUFB8	Phyllostomus hastatus	XP_045710637
NDUFB8	Pipistrellus kuhlii	XP_036294761
NDUFB8	Plecotus auritus	XP_080497609
NDUFB8	Pteronotus mesoamericanus	XP_054437345
NDUFB8	Pteropus alecto	XP_006925941
NDUFB8	Pteropus medius	XP_039727438
NDUFB8	Pteropus vampyrus	XP_011377147
NDUFB8	Rhinolophus ferrumequinum	XP_032985995
NDUFB8	Rhinolophus hipposideros	XP_080930625
NDUFB8	Rhinolophus sinicus	XP_019580468
NDUFB8	Rousettus aegyptiacus	XP_015979743
NDUFB8	Saccopteryx bilineata	XP_066096174
NDUFB8	Saccopteryx leptura	XP_066211661
NDUFB8	Sturnira hondurensis	XP_036920049
NDUFS2	Artibeus jamaicensis	XP_037005747
NDUFS2	Cnephaeus nilssonii	XP_079618340
NDUFS2	Desmodus rotundus	XP_053771619
NDUFS2	Eptesicus fuscus	XP_008151296
NDUFS2	Hipposideros armiger	XP_019488635
NDUFS2	Miniopterus natalensis	XP_016065910
NDUFS2	Miniopterus schreibersii	XP_080976833
NDUFS2	Molossus molossus	XP_036128640
NDUFS2	Myotis brandtii	XP_014384001
NDUFS2	Myotis daubentonii	XP_059530574
NDUFS2	Myotis davidii	XP_015420075
NDUFS2	Myotis lucifugus	XP_023600362
NDUFS2	Myotis myotis	XP_036198775
NDUFS2	Myotis nattereri	XP_080968732
NDUFS2	Myotis yumanensis	XP_070253460
NDUFS2	Phyllostomus discolor	XP_028359219
NDUFS2	Phyllostomus hastatus	XP_045694375
NDUFS2	Pipistrellus kuhlii	XP_036290267
NDUFS2	Plecotus auritus	XP_080505549
NDUFS2	Pteronotus mesoamericanus	XP_054443835
NDUFS2	Pteropus alecto	XP_006907923
NDUFS2	Pteropus medius	XP_039695808
NDUFS2	Pteropus vampyrus	XP_011375311
NDUFS2	Rhinolophus ferrumequinum	XP_032948106
NDUFS2	Rhinolophus hipposideros	XP_080882844
NDUFS2	Rhinolophus sinicus	XP_019568479
NDUFS2	Rousettus aegyptiacus	XP_015989553
NDUFS2	Saccopteryx bilineata	XP_066117061
NDUFS2	Saccopteryx leptura	XP_066227411
NDUFS2	Sturnira hondurensis	XP_036890906
NDUFV2	Artibeus jamaicensis	XP_036999227
NDUFV2	Cnephaeus nilssonii	XP_079641369
NDUFV2	Desmodus rotundus	XP_024436017
NDUFV2	Eptesicus fuscus	XP_008158074
NDUFV2	Hipposideros armiger	XP_019505539
NDUFV2	Miniopterus schreibersii	XP_081005076
NDUFV2	Molossus molossus	XP_036101394
NDUFV2	Myotis brandtii	XP_005866953
NDUFV2	Myotis daubentonii	XP_059562592
NDUFV2	Myotis davidii	XP_006763342
NDUFV2	Myotis lucifugus	XP_006089342
NDUFV2	Myotis myotis	XP_036179135
NDUFV2	Myotis nattereri	XP_080952625
NDUFV2	Myotis yumanensis	XP_070276764
NDUFV2	Phyllostomus discolor	XP_028380500
NDUFV2	Phyllostomus hastatus	XP_045706097
NDUFV2	Pipistrellus kuhlii	XP_036274486
NDUFV2	Plecotus auritus	XP_080542077
NDUFV2	Pteronotus mesoamericanus	XP_054443344
NDUFV2	Pteropus alecto	XP_006920136
NDUFV2	Pteropus medius	XP_039701792
NDUFV2	Pteropus vampyrus	XP_011364466
NDUFV2	Rhinolophus ferrumequinum	XP_032943411
NDUFV2	Rhinolophus hipposideros	XP_080935150
NDUFV2	Rhinolophus sinicus	XP_019568154
NDUFV2	Rousettus aegyptiacus	XP_015976393
NDUFV2	Saccopteryx bilineata	XP_066102787
NDUFV2	Saccopteryx leptura	XP_066209039
NDUFV2	Sturnira hondurensis	XP_036906251
PLIN1	Artibeus jamaicensis	XP_037000913
PLIN1	Cnephaeus nilssonii	XP_079620123
PLIN1	Desmodus rotundus	XP_045052498
PLIN1	Eptesicus fuscus	XP_008159516
PLIN1	Hipposideros armiger	XP_019495573
PLIN1	Miniopterus natalensis	XP_016072656
PLIN1	Miniopterus schreibersii	XP_080980445
PLIN1	Molossus molossus	XP_036133957
PLIN1	Myotis daubentonii	XP_059534260
PLIN1	Myotis davidii	XP_015418718
PLIN1	Myotis myotis	XP_036211705
PLIN1	Myotis nattereri	XP_080970924
PLIN1	Myotis yumanensis	XP_070256670
PLIN1	Phyllostomus discolor	XP_035868238
PLIN1	Phyllostomus hastatus	XP_045680792
PLIN1	Pipistrellus kuhlii	XP_036271420
PLIN1	Plecotus auritus	XP_080507853
PLIN1	Pteronotus mesoamericanus	XP_054433540
PLIN1	Pteropus alecto	XP_024905542
PLIN1	Pteropus medius	XP_039714440
PLIN1	Pteropus vampyrus	XP_023378744
PLIN1	Rhinolophus ferrumequinum	XP_032956190
PLIN1	Rhinolophus hipposideros	XP_080897307
PLIN1	Rhinolophus sinicus	XP_074173928
PLIN1	Rousettus aegyptiacus	XP_016007074
PLIN1	Saccopteryx bilineata	XP_066096590
PLIN1	Saccopteryx leptura	XP_066211888
PLIN1	Sturnira hondurensis	XP_036909519
PPARG	Artibeus jamaicensis	XP_036995216
PPARG	Cnephaeus nilssonii	XP_079651119
PPARG	Desmodus rotundus	XP_024412179
PPARG	Eptesicus fuscus	XP_054585700
PPARG	Hipposideros armiger	XP_019501605
PPARG	Miniopterus natalensis	XP_016065453
PPARG	Miniopterus schreibersii	XP_081015193
PPARG	Molossus molossus	XP_036122468
PPARG	Myotis brandtii	XP_005870103
PPARG	Myotis daubentonii	XP_059519595
PPARG	Myotis davidii	XP_006758346
PPARG	Myotis lucifugus	XP_006083889
PPARG	Myotis myotis	XP_036188104
PPARG	Myotis nattereri	XP_080961772
PPARG	Myotis yumanensis	XP_070289713
PPARG	Phyllostomus discolor	XP_028374565
PPARG	Phyllostomus hastatus	XP_045688235
PPARG	Pipistrellus kuhlii	XP_036287043
PPARG	Plecotus auritus	XP_080531232
PPARG	Pteronotus mesoamericanus	XP_054451353
PPARG	Pteropus alecto	XP_006917693
PPARG	Pteropus medius	XP_039742700
PPARG	Pteropus vampyrus	XP_011368855
PPARG	Rhinolophus ferrumequinum	XP_032988588
PPARG	Rhinolophus hipposideros	XP_080928099
PPARG	Rhinolophus sinicus	XP_074169074
PPARG	Rousettus aegyptiacus	XP_016018186
PPARG	Saccopteryx bilineata	XP_066101223
PPARG	Saccopteryx leptura	XP_066207247
PPARG	Sturnira hondurensis	XP_036906701
PPARGC1A	Artibeus jamaicensis	XP_053528293
PPARGC1A	Cnephaeus nilssonii	XP_079625120
PPARGC1A	Desmodus rotundus	XP_024429715
PPARGC1A	Eptesicus fuscus	XP_008138413
PPARGC1A	Hipposideros armiger	XP_019497959
PPARGC1A	Miniopterus natalensis	XP_016073738
PPARGC1A	Miniopterus schreibersii	XP_080985206
PPARGC1A	Molossus molossus	XP_036137128
PPARGC1A	Myotis brandtii	XP_005877725
PPARGC1A	Myotis daubentonii	XP_059530320
PPARGC1A	Myotis davidii	XP_006771104
PPARGC1A	Myotis lucifugus	XP_006093335
PPARGC1A	Myotis myotis	XP_036186069
PPARGC1A	Myotis nattereri	XP_080939268
PPARGC1A	Myotis yumanensis	XP_070254720
PPARGC1A	Phyllostomus discolor	XP_028361428
PPARGC1A	Phyllostomus hastatus	XP_045689997
PPARGC1A	Pipistrellus kuhlii	XP_036275327
PPARGC1A	Plecotus auritus	XP_080496428
PPARGC1A	Pteronotus mesoamericanus	XP_054437968
PPARGC1A	Pteropus alecto	XP_006919020
PPARGC1A	Pteropus medius	XP_039694009
PPARGC1A	Pteropus vampyrus	XP_011363527
PPARGC1A	Rhinolophus ferrumequinum	XP_032962153
PPARGC1A	Rhinolophus hipposideros	XP_080904316
PPARGC1A	Rhinolophus sinicus	XP_019599437
PPARGC1A	Rousettus aegyptiacus	XP_016010316
PPARGC1A	Saccopteryx bilineata	XP_066134951
PPARGC1A	Saccopteryx leptura	XP_066240213
PPARGC1A	Sturnira hondurensis	XP_036900832
PRDM16	Artibeus jamaicensis	XP_053516251
PRDM16	Cnephaeus nilssonii	XP_079633446
PRDM16	Desmodus rotundus	XP_053776459
PRDM16	Eptesicus fuscus	XP_054576642
PRDM16	Hipposideros armiger	XP_019514108
PRDM16	Miniopterus natalensis	XP_016069012
PRDM16	Miniopterus schreibersii	XP_081001736
PRDM16	Molossus molossus	XP_036112120
PRDM16	Myotis daubentonii	XP_059547496
PRDM16	Myotis myotis	XP_036207702
PRDM16	Myotis nattereri	XP_080943494
PRDM16	Myotis yumanensis	XP_070260033
PRDM16	Phyllostomus discolor	XP_035881101
PRDM16	Phyllostomus hastatus	XP_045715362
PRDM16	Pipistrellus kuhlii	XP_036316777
PRDM16	Plecotus auritus	XP_080514323
PRDM16	Pteronotus mesoamericanus	XP_054439966
PRDM16	Pteropus alecto	XP_024904309
PRDM16	Pteropus medius	XP_039698345
PRDM16	Pteropus vampyrus	XP_023392759
PRDM16	Rhinolophus ferrumequinum	XP_032970739
PRDM16	Rhinolophus hipposideros	XP_080913255
PRDM16	Rhinolophus sinicus	XP_074190331
PRDM16	Rousettus aegyptiacus	XP_036083783
PRDM16	Saccopteryx bilineata	XP_066126740
PRDM16	Saccopteryx leptura	XP_066230958
PRDM16	Sturnira hondurensis	XP_036918022
PRKAA1	Artibeus jamaicensis	XP_053513274
PRKAA1	Cnephaeus nilssonii	XP_079643907
PRKAA1	Desmodus rotundus	XP_053770466
PRKAA1	Eptesicus fuscus	XP_054571271
PRKAA1	Hipposideros armiger	XP_019487515
PRKAA1	Miniopterus natalensis	XP_016079632
PRKAA1	Miniopterus schreibersii	XP_080988998
PRKAA1	Molossus molossus	XP_036135275
PRKAA1	Myotis brandtii	XP_005876046
PRKAA1	Myotis daubentonii	XP_059550853
PRKAA1	Myotis davidii	XP_015426495
PRKAA1	Myotis lucifugus	XP_023610804
PRKAA1	Myotis myotis	XP_036164932
PRKAA1	Myotis nattereri	XP_080945717
PRKAA1	Myotis yumanensis	XP_070267888
PRKAA1	Phyllostomus discolor	XP_028373174
PRKAA1	Phyllostomus hastatus	XP_045703790
PRKAA1	Pipistrellus kuhlii	XP_036267059
PRKAA1	Plecotus auritus	XP_080536131
PRKAA1	Pteronotus mesoamericanus	XP_054439945
PRKAA1	Pteropus alecto	XP_006919570
PRKAA1	Pteropus medius	XP_039698531
PRKAA1	Pteropus vampyrus	XP_011368987
PRKAA1	Rhinolophus ferrumequinum	XP_032965703
PRKAA1	Rhinolophus hipposideros	XP_080909364
PRKAA1	Rhinolophus sinicus	XP_019592772
PRKAA1	Rousettus aegyptiacus	XP_016003448
PRKAA1	Saccopteryx bilineata	XP_066096378
PRKAA1	Saccopteryx leptura	XP_066234578
PRKAA1	Sturnira hondurensis	XP_036919120
SDHA1	Artibeus jamaicensis	XP_036993213
SDHA1	Cnephaeus nilssonii	XP_079637219
SDHA1	Desmodus rotundus	XP_024434208
SDHA1	Eptesicus fuscus	XP_008160056
SDHA1	Hipposideros armiger	XP_019479916
SDHA1	Miniopterus natalensis	XP_016067811
SDHA1	Miniopterus schreibersii	XP_080989322
SDHA1	Molossus molossus	XP_036135197
SDHA1	Myotis brandtii	XP_014404189
SDHA1	Myotis daubentonii	XP_059550580
SDHA1	Myotis davidii	XP_006762508
SDHA1	Myotis lucifugus	XP_006081495
SDHA1	Myotis myotis	XP_036164388
SDHA1	Myotis nattereri	XP_080946280
SDHA1	Myotis yumanensis	XP_070268104
SDHA1	Phyllostomus discolor	XP_028366975
SDHA1	Phyllostomus hastatus	XP_045703819
SDHA1	Pipistrellus kuhlii	XP_036265508
SDHA1	Plecotus auritus	XP_080533721
SDHA1	Pteronotus mesoamericanus	XP_054434347
SDHA1	Pteropus alecto	XP_024906279
SDHA1	Pteropus medius	XP_039698811
SDHA1	Pteropus vampyrus	XP_023375518
SDHA1	Rhinolophus ferrumequinum	XP_032966375
SDHA1	Rhinolophus hipposideros	XP_080910354
SDHA1	Rhinolophus sinicus	XP_019600148
SDHA1	Rousettus aegyptiacus	XP_015980152
SDHA1	Saccopteryx bilineata	XP_066099133
SDHA1	Saccopteryx leptura	XP_066231366
SDHA1	Sturnira hondurensis	XP_036918814
SDHB	Artibeus jamaicensis	XP_037001962
SDHB	Cnephaeus nilssonii	XP_079633417
SDHB	Desmodus rotundus	XP_024410043
SDHB	Eptesicus fuscus	XP_008146388
SDHB	Hipposideros armiger	XP_019510454
SDHB	Miniopterus natalensis	XP_016071594
SDHB	Miniopterus schreibersii	XP_081002056
SDHB	Molossus molossus	XP_036112794
SDHB	Myotis brandtii	XP_005857511
SDHB	Myotis daubentonii	XP_059547076
SDHB	Myotis davidii	XP_015413151
SDHB	Myotis myotis	XP_036205876
SDHB	Myotis nattereri	XP_080942599
SDHB	Myotis yumanensis	XP_070260295
SDHB	Phyllostomus discolor	XP_028367875
SDHB	Phyllostomus hastatus	XP_045715500
SDHB	Pipistrellus kuhlii	XP_036301172
SDHB	Plecotus auritus	XP_080512980
SDHB	Pteronotus mesoamericanus	XP_054435649
SDHB	Pteropus alecto	XP_006914375
SDHB	Pteropus medius	XP_039698027
SDHB	Pteropus vampyrus	XP_011361783
SDHB	Rhinolophus ferrumequinum	XP_032970242
SDHB	Rhinolophus hipposideros	XP_080912674
SDHB	Rousettus aegyptiacus	XP_015983868
SDHB	Saccopteryx bilineata	XP_066126416
SDHB	Saccopteryx leptura	XP_066231297
SDHB	Sturnira hondurensis	XP_036901000
SIRT6	Artibeus jamaicensis	XP_037021172
SIRT6	Cnephaeus nilssonii	XP_079629457
SIRT6	Desmodus rotundus	XP_024425005
SIRT6	Eptesicus fuscus	XP_008148833
SIRT6	Hipposideros armiger	XP_019509075
SIRT6	Miniopterus natalensis	XP_016053328
SIRT6	Miniopterus schreibersii	XP_080992951
SIRT6	Molossus molossus	XP_036096274
SIRT6	Myotis daubentonii	XP_059553132
SIRT6	Myotis davidii	XP_006754176
SIRT6	Myotis lucifugus	XP_023602582
SIRT6	Myotis myotis	XP_036170477
SIRT6	Myotis nattereri	XP_080947033
SIRT6	Myotis yumanensis	XP_070271923
SIRT6	Phyllostomus discolor	XP_028375951
SIRT6	Phyllostomus hastatus	XP_045687792
SIRT6	Pipistrellus kuhlii	XP_036315848
SIRT6	Plecotus auritus	XP_080533163
SIRT6	Pteronotus mesoamericanus	XP_054438808
SIRT6	Pteropus alecto	XP_006904170
SIRT6	Pteropus medius	XP_039734482
SIRT6	Pteropus vampyrus	XP_011380230
SIRT6	Rhinolophus ferrumequinum	XP_032990314
SIRT6	Rhinolophus hipposideros	XP_080932921
SIRT6	Rhinolophus sinicus	XP_019599845
SIRT6	Rousettus aegyptiacus	XP_015999880
SIRT6	Saccopteryx bilineata	XP_066131970
SIRT6	Saccopteryx leptura	XP_066200567
SIRT6	Sturnira hondurensis	XP_036898464
SLC25A20	Artibeus jamaicensis	XP_036984365
SLC25A20	Cnephaeus nilssonii	XP_079651077
SLC25A20	Desmodus rotundus	XP_024421920
SLC25A20	Eptesicus fuscus	XP_008154062
SLC25A20	Hipposideros armiger	XP_019490042
SLC25A20	Miniopterus natalensis	XP_016058316
SLC25A20	Miniopterus schreibersii	XP_081016794
SLC25A20	Molossus molossus	XP_036123197
SLC25A20	Myotis brandtii	XP_014394433
SLC25A20	Myotis daubentonii	XP_059520793
SLC25A20	Myotis davidii	XP_006770643
SLC25A20	Myotis lucifugus	XP_006106178
SLC25A20	Myotis myotis	XP_036189517
SLC25A20	Myotis nattereri	XP_080962716
SLC25A20	Myotis yumanensis	XP_070247322
SLC25A20	Phyllostomus discolor	XP_028374688
SLC25A20	Phyllostomus hastatus	XP_045712887
SLC25A20	Pipistrellus kuhlii	XP_036288247
SLC25A20	Plecotus auritus	XP_080529683
SLC25A20	Pteronotus mesoamericanus	XP_054450481
SLC25A20	Pteropus alecto	XP_006909126
SLC25A20	Pteropus medius	XP_039693620
SLC25A20	Pteropus vampyrus	XP_011373687
SLC25A20	Rhinolophus ferrumequinum	XP_032987988
SLC25A20	Rhinolophus hipposideros	XP_080928162
SLC25A20	Rhinolophus sinicus	XP_019579475
SLC25A20	Rousettus aegyptiacus	XP_016005364
SLC25A20	Saccopteryx bilineata	XP_066101425
SLC25A20	Saccopteryx leptura	XP_066207387
SLC25A20	Sturnira hondurensis	XP_036905683
SOS1	Artibeus jamaicensis	XP_053522831
SOS1	Cnephaeus nilssonii	XP_079648379
SOS1	Desmodus rotundus	XP_024408671
SOS1	Eptesicus fuscus	XP_054584431
SOS1	Hipposideros armiger	XP_019503342
SOS1	Miniopterus natalensis	XP_016074427
SOS1	Miniopterus schreibersii	XP_081013220
SOS1	Molossus molossus	XP_036119131
SOS1	Myotis brandtii	XP_014393919
SOS1	Myotis daubentonii	XP_059516032
SOS1	Myotis davidii	XP_015414361
SOS1	Myotis lucifugus	XP_023601950
SOS1	Myotis myotis	XP_036190675
SOS1	Myotis nattereri	XP_080956891
SOS1	Myotis yumanensis	XP_070285156
SOS1	Phyllostomus discolor	XP_028371033
SOS1	Phyllostomus hastatus	XP_045683035
SOS1	Pipistrellus kuhlii	XP_036290966
SOS1	Plecotus auritus	XP_080539218
SOS1	Pteronotus mesoamericanus	XP_054423545
SOS1	Pteropus alecto	XP_006909715
SOS1	Pteropus medius	XP_039743294
SOS1	Pteropus vampyrus	XP_011359678
SOS1	Rhinolophus ferrumequinum	XP_032980400
SOS1	Rhinolophus hipposideros	XP_080924805
SOS1	Rhinolophus sinicus	XP_019597952
SOS1	Rousettus aegyptiacus	XP_016017653
SOS1	Saccopteryx bilineata	XP_066123060
SOS1	Saccopteryx leptura	XP_066234535
SOS1	Sturnira hondurensis	XP_036922803
SOS2	Artibeus jamaicensis	XP_037011493
SOS2	Cnephaeus nilssonii	XP_079624539
SOS2	Desmodus rotundus	XP_053783591
SOS2	Eptesicus fuscus	XP_054572060
SOS2	Hipposideros armiger	XP_019486008
SOS2	Miniopterus natalensis	XP_016053574
SOS2	Miniopterus schreibersii	XP_080975774
SOS2	Molossus molossus	XP_036098075
SOS2	Myotis daubentonii	XP_059552650
SOS2	Myotis davidii	XP_015425975
SOS2	Myotis lucifugus	XP_023619632
SOS2	Myotis myotis	XP_036162055
SOS2	Myotis nattereri	XP_080951006
SOS2	Myotis yumanensis	XP_070276206
SOS2	Phyllostomus hastatus	XP_045678086
SOS2	Pipistrellus kuhlii	XP_036293277
SOS2	Plecotus auritus	XP_080525553
SOS2	Pteronotus mesoamericanus	XP_054421185
SOS2	Pteropus alecto	XP_006920269
SOS2	Pteropus medius	XP_039721103
SOS2	Pteropus vampyrus	XP_011384025
SOS2	Rhinolophus ferrumequinum	XP_032963085
SOS2	Rhinolophus hipposideros	XP_080906577
SOS2	Rhinolophus sinicus	XP_019581209
SOS2	Rousettus aegyptiacus	XP_016001254
SOS2	Saccopteryx bilineata	XP_066128304
SOS2	Saccopteryx leptura	XP_066200433
SOS2	Sturnira hondurensis	XP_036910146
UCP1	Cnephaeus nilssonii	XP_079629434
UCP1	Eptesicus fuscus	XP_054572950
UCP1	Hipposideros armiger	XP_019516588
UCP1	Miniopterus natalensis	XP_016062362
UCP1	Miniopterus schreibersii	XP_080991545
UCP1	Molossus molossus	XP_036097118
UCP1	Myotis brandtii	XP_005877832
UCP1	Myotis daubentonii	XP_059553958
UCP1	Myotis davidii	XP_006766147
UCP1	Myotis lucifugus	XP_006082035
UCP1	Myotis myotis	XP_036170639
UCP1	Myotis nattereri	XP_080948808
UCP1	Myotis yumanensis	XP_070273312
UCP1	Pipistrellus kuhlii	XP_036279895
UCP1	Plecotus auritus	XP_080530094
UCP1	Pteropus alecto	XP_006906290
UCP1	Pteropus medius	XP_039731761
UCP1	Pteropus vampyrus	XP_011372612
UCP1	Rhinolophus ferrumequinum	XP_032990429
UCP1	Rhinolophus hipposideros	XP_080933954
UCP1	Rhinolophus sinicus	XP_019586280
UCP1	Rousettus aegyptiacus	XP_016009570
UCP1	Saccopteryx bilineata	XP_066109563
UCP1	Saccopteryx leptura	XP_066217010
UQCRB	Artibeus jamaicensis	XP_036987003
UQCRB	Cnephaeus nilssonii	XP_079652620
UQCRB	Desmodus rotundus	XP_024428092
UQCRB	Eptesicus fuscus	XP_008146747
UQCRB	Miniopterus natalensis	XP_016054006
UQCRB	Miniopterus schreibersii	XP_080972573
UQCRB	Molossus molossus	XP_036120004
UQCRB	Myotis brandtii	XP_005879308
UQCRB	Myotis daubentonii	XP_059528163
UQCRB	Myotis davidii	XP_006753252
UQCRB	Myotis lucifugus	XP_006102244
UQCRB	Myotis myotis	XP_036193678
UQCRB	Myotis nattereri	XP_080967363
UQCRB	Myotis yumanensis	XP_070248280
UQCRB	Phyllostomus discolor	XP_028389753
UQCRB	Phyllostomus hastatus	XP_045717047
UQCRB	Pipistrellus kuhlii	XP_036292472
UQCRB	Plecotus auritus	XP_080503184
UQCRB	Pteronotus mesoamericanus	XP_054446266
UQCRB	Pteropus alecto	XP_006916732
UQCRB	Pteropus medius	XP_039722284
UQCRB	Pteropus vampyrus	XP_011371193
UQCRB	Rhinolophus ferrumequinum	XP_032981564
UQCRB	Rhinolophus hipposideros	XP_080927077
UQCRB	Rhinolophus sinicus	XP_019573963
UQCRB	Rousettus aegyptiacus	XP_015980955
UQCRB	Saccopteryx bilineata	XP_066122108
UQCRB	Saccopteryx leptura	XP_066235275
UQCRB	Sturnira hondurensis	XP_036904130
