XP_036196966.1	XP_036196966	100.000	149	149	149	100	1.08e-103	297	ATP synthase F(0) complex subunit C1, mitochondrial isoform X1 [Myotis myotis]	51298
XP_036196966.1	XP_054564937	97.163	141	149	151	95	4.69e-94	273	ATP synthase F(0) complex subunit C1, mitochondrial isoform X1 [Eptesicus fuscus]	29078
XP_036196966.1	XP_036196968	100.000	136	149	136	91	6.36e-93	269	ATP synthase F(0) complex subunit C1, mitochondrial isoform X2 [Myotis myotis]	51298
XP_036196966.1	XP_036196967	100.000	136	149	136	91	6.36e-93	269	ATP synthase F(0) complex subunit C1, mitochondrial isoform X2 [Myotis myotis]	51298
XP_036196966.1	XP_080965422	100.000	136	149	136	91	6.36e-93	269	ATP synthase F(0) complex subunit C1, mitochondrial isoform 1 [Myotis nattereri]	109481
XP_036196966.1	XP_080965421	100.000	136	149	136	91	6.36e-93	269	ATP synthase F(0) complex subunit C1, mitochondrial isoform 1 [Myotis nattereri]	109481
XP_036196966.1	XP_070250287	99.265	136	149	136	91	1.37e-92	268	ATP synthase F(0) complex subunit C1, mitochondrial [Myotis yumanensis]	159337
XP_036196966.1	XP_070250285	99.265	136	149	136	91	1.37e-92	268	ATP synthase F(0) complex subunit C1, mitochondrial [Myotis yumanensis]	159337
XP_036196966.1	XP_059526684	99.265	136	149	136	91	1.37e-92	268	ATP synthase F(0) complex subunit C1, mitochondrial [Myotis daubentonii]	98922
XP_036196966.1	XP_059526683	99.265	136	149	136	91	1.37e-92	268	ATP synthase F(0) complex subunit C1, mitochondrial [Myotis daubentonii]	98922
XP_036196966.1	XP_008151966	99.265	136	149	136	91	1.37e-92	268	ATP synthase F(0) complex subunit C1, mitochondrial isoform X2 [Eptesicus fuscus]	29078
XP_036196966.1	XP_008151965	99.265	136	149	136	91	1.37e-92	268	ATP synthase F(0) complex subunit C1, mitochondrial isoform X2 [Eptesicus fuscus]	29078
XP_036196966.1	XP_005868199	99.265	136	149	136	91	1.37e-92	268	PREDICTED: ATP synthase F(0) complex subunit C1, mitochondrial [Myotis brandtii]	109478
XP_036196966.1	XP_005868198	99.265	136	149	136	91	1.37e-92	268	PREDICTED: ATP synthase F(0) complex subunit C1, mitochondrial [Myotis brandtii]	109478
XP_036196966.1	XP_080536660	99.265	136	149	136	91	1.37e-92	268	ATP synthase F(0) complex subunit C1, mitochondrial isoform 1 [Plecotus auritus]	61862
XP_036196966.1	XP_080536659	99.265	136	149	136	91	1.37e-92	268	ATP synthase F(0) complex subunit C1, mitochondrial isoform 1 [Plecotus auritus]	61862
XP_036196966.1	XP_079655260	99.265	136	149	136	91	1.37e-92	268	ATP synthase F(0) complex subunit C1, mitochondrial isoform 1 [Cnephaeus nilssonii]	3371016
XP_036196966.1	XP_079655259	99.265	136	149	136	91	1.37e-92	268	ATP synthase F(0) complex subunit C1, mitochondrial isoform 1 [Cnephaeus nilssonii]	3371016
XP_036196966.1	XP_036124514	99.265	136	149	136	91	1.75e-92	268	ATP synthase F(0) complex subunit C1, mitochondrial [Molossus molossus]	27622
XP_036196966.1	XP_036124513	99.265	136	149	136	91	1.75e-92	268	ATP synthase F(0) complex subunit C1, mitochondrial [Molossus molossus]	27622
XP_036196966.1	XP_006098993	98.529	136	149	136	91	4.39e-92	267	ATP synthase F(0) complex subunit C1, mitochondrial [Myotis lucifugus]	59463
XP_036196966.1	XP_006098992	98.529	136	149	136	91	4.39e-92	267	ATP synthase F(0) complex subunit C1, mitochondrial [Myotis lucifugus]	59463
XP_036196966.1	XP_032944956	98.529	136	149	136	91	4.95e-92	267	ATP synthase F(0) complex subunit C1, mitochondrial [Rhinolophus ferrumequinum]	59479
XP_036196966.1	XP_032944955	98.529	136	149	136	91	4.95e-92	267	ATP synthase F(0) complex subunit C1, mitochondrial [Rhinolophus ferrumequinum]	59479
XP_036196966.1	XP_032944954	98.529	136	149	136	91	4.95e-92	267	ATP synthase F(0) complex subunit C1, mitochondrial [Rhinolophus ferrumequinum]	59479
XP_036196966.1	XP_006774314	98.529	136	149	136	91	5.90e-92	267	PREDICTED: ATP synthase F(0) complex subunit C1, mitochondrial [Myotis davidii]	225400
XP_036196966.1	XP_006774313	98.529	136	149	136	91	5.90e-92	267	PREDICTED: ATP synthase F(0) complex subunit C1, mitochondrial [Myotis davidii]	225400
XP_036196966.1	XP_016077543	98.529	136	149	136	91	1.22e-91	266	PREDICTED: ATP synthase F(0) complex subunit C1, mitochondrial [Miniopterus natalensis]	291302
XP_036196966.1	XP_016077542	98.529	136	149	136	91	1.22e-91	266	PREDICTED: ATP synthase F(0) complex subunit C1, mitochondrial [Miniopterus natalensis]	291302
XP_036196966.1	XP_081018278	98.529	136	149	136	91	1.22e-91	266	ATP synthase F(0) complex subunit C1, mitochondrial isoform 1 [Miniopterus schreibersii]	9433
XP_036196966.1	XP_081018277	98.529	136	149	136	91	1.22e-91	266	ATP synthase F(0) complex subunit C1, mitochondrial isoform 1 [Miniopterus schreibersii]	9433
XP_036196966.1	XP_019596253	98.529	136	149	136	91	1.48e-91	266	ATP synthase F(0) complex subunit C1, mitochondrial [Rhinolophus sinicus]	89399
XP_036196966.1	XP_019596252	98.529	136	149	136	91	1.48e-91	266	ATP synthase F(0) complex subunit C1, mitochondrial [Rhinolophus sinicus]	89399
XP_036196966.1	XP_019596251	98.529	136	149	136	91	1.48e-91	266	ATP synthase F(0) complex subunit C1, mitochondrial [Rhinolophus sinicus]	89399
XP_036196966.1	XP_019494029	98.529	136	149	136	91	1.55e-91	266	PREDICTED: ATP synthase F(0) complex subunit C1, mitochondrial [Hipposideros armiger]	186990
XP_036196966.1	XP_036078287	98.529	136	149	136	91	1.55e-91	266	ATP synthase F(0) complex subunit C1, mitochondrial [Rousettus aegyptiacus]	9407
XP_036196966.1	XP_036078286	98.529	136	149	136	91	1.55e-91	266	ATP synthase F(0) complex subunit C1, mitochondrial [Rousettus aegyptiacus]	9407
XP_036196966.1	XP_036179008	98.529	136	149	136	91	2.35e-91	265	ATP synthase F(0) complex subunit C1, mitochondrial-like [Myotis myotis]	51298
XP_036196966.1	XP_036307336	97.059	136	149	136	91	3.85e-91	265	ATP synthase F(0) complex subunit C1, mitochondrial [Pipistrellus kuhlii]	59472
XP_036196966.1	XP_036307335	97.059	136	149	136	91	3.85e-91	265	ATP synthase F(0) complex subunit C1, mitochondrial [Pipistrellus kuhlii]	59472
XP_036196966.1	XP_045692742	95.714	140	149	175	94	4.43e-91	266	ATP synthase F(0) complex subunit C1, mitochondrial isoform X1 [Phyllostomus hastatus]	9423
XP_036196966.1	XP_066220563	93.617	141	149	160	95	4.81e-91	265	ATP synthase F(0) complex subunit C1, mitochondrial isoform X1 [Saccopteryx leptura]	249018
XP_036196966.1	XP_080884328	97.794	136	149	136	91	7.20e-91	264	ATP synthase F(0) complex subunit C1, mitochondrial isoform 1 [Rhinolophus hipposideros]	77218
XP_036196966.1	XP_080884327	97.794	136	149	136	91	7.20e-91	264	ATP synthase F(0) complex subunit C1, mitochondrial isoform 1 [Rhinolophus hipposideros]	77218
XP_036196966.1	XP_080884326	97.794	136	149	136	91	7.20e-91	264	ATP synthase F(0) complex subunit C1, mitochondrial isoform 1 [Rhinolophus hipposideros]	77218
XP_036196966.1	XP_066119966	92.958	142	149	160	95	1.36e-90	264	ATP synthase F(0) complex subunit C1, mitochondrial isoform X1 [Saccopteryx bilineata]	59482
XP_036196966.1	XP_066220565	96.324	136	149	136	91	6.39e-90	262	ATP synthase F(0) complex subunit C1, mitochondrial isoform X3 [Saccopteryx leptura]	249018
XP_036196966.1	XP_053529181	97.059	136	149	136	91	7.88e-90	261	ATP synthase F(0) complex subunit C1, mitochondrial isoform X2 [Artibeus jamaicensis]	9417
XP_036196966.1	XP_037005911	97.059	136	149	136	91	7.88e-90	261	ATP synthase F(0) complex subunit C1, mitochondrial isoform X2 [Artibeus jamaicensis]	9417
XP_036196966.1	XP_045692744	97.059	136	149	136	91	7.88e-90	261	ATP synthase F(0) complex subunit C1, mitochondrial isoform X2 [Phyllostomus hastatus]	9423
XP_036196966.1	XP_036889366	97.059	136	149	136	91	7.88e-90	261	ATP synthase F(0) complex subunit C1, mitochondrial [Sturnira hondurensis]	192404
XP_036196966.1	XP_036889364	97.059	136	149	136	91	7.88e-90	261	ATP synthase F(0) complex subunit C1, mitochondrial [Sturnira hondurensis]	192404
XP_036196966.1	XP_066119968	96.324	136	149	136	91	1.47e-89	261	ATP synthase F(0) complex subunit C1, mitochondrial isoform X3 [Saccopteryx bilineata]	59482
XP_036196966.1	XP_045038510	96.324	136	149	136	91	1.70e-89	261	ATP synthase F(0) complex subunit C1, mitochondrial [Desmodus rotundus]	9430
XP_036196966.1	XP_024428859	96.324	136	149	136	91	1.70e-89	261	ATP synthase F(0) complex subunit C1, mitochondrial [Desmodus rotundus]	9430
XP_036196966.1	XP_024428858	96.324	136	149	136	91	1.70e-89	261	ATP synthase F(0) complex subunit C1, mitochondrial [Desmodus rotundus]	9430
XP_036196966.1	XP_037005909	94.326	141	149	155	95	2.01e-89	261	ATP synthase F(0) complex subunit C1, mitochondrial isoform X1 [Artibeus jamaicensis]	9417
XP_036196966.1	XP_035889700	96.324	136	149	136	91	5.14e-89	259	ATP synthase F(0) complex subunit C1, mitochondrial [Phyllostomus discolor]	89673
XP_036196966.1	XP_028377553	96.324	136	149	136	91	5.14e-89	259	ATP synthase F(0) complex subunit C1, mitochondrial [Phyllostomus discolor]	89673
XP_036196966.1	XP_054441338	95.588	136	149	136	91	6.20e-89	259	ATP synthase F(0) complex subunit C1, mitochondrial [Pteronotus mesoamericanus]	1884717
XP_036196966.1	XP_015454624	96.324	136	149	135	91	8.26e-87	254	ATP synthase F(0) complex subunit C1, mitochondrial [Pteropus alecto]	9402
XP_036196966.1	XP_006924828	96.324	136	149	135	91	8.26e-87	254	ATP synthase F(0) complex subunit C1, mitochondrial [Pteropus alecto]	9402
XP_036196966.1	XP_006924827	96.324	136	149	135	91	8.26e-87	254	ATP synthase F(0) complex subunit C1, mitochondrial [Pteropus alecto]	9402
XP_036196966.1	XP_011380952	96.324	136	149	135	91	8.26e-87	254	ATP synthase F(0) complex subunit C1, mitochondrial [Pteropus vampyrus]	132908
XP_036196966.1	XP_011380951	96.324	136	149	135	91	8.26e-87	254	ATP synthase F(0) complex subunit C1, mitochondrial [Pteropus vampyrus]	132908
XP_036196966.1	XP_011380950	96.324	136	149	135	91	8.26e-87	254	ATP synthase F(0) complex subunit C1, mitochondrial [Pteropus vampyrus]	132908
XP_036196966.1	XP_039729687	96.324	136	149	135	91	8.26e-87	254	ATP synthase F(0) complex subunit C1, mitochondrial [Pteropus medius]	143291
XP_036196966.1	XP_039729686	96.324	136	149	135	91	8.26e-87	254	ATP synthase F(0) complex subunit C1, mitochondrial [Pteropus medius]	143291
XP_036196966.1	XP_039729684	96.324	136	149	135	91	8.26e-87	254	ATP synthase F(0) complex subunit C1, mitochondrial [Pteropus medius]	143291
XP_036196966.1	XP_036103207	88.971	136	149	134	91	2.88e-78	232	ATP synthase F(0) complex subunit C1, mitochondrial-like [Molossus molossus]	27622
XP_036196966.1	XP_006765979	75.524	143	149	143	89	1.29e-63	196	PREDICTED: ATP synthase F(0) complex subunit C1, mitochondrial [Myotis davidii]	225400
XP_036196966.1	XP_066220564	90.476	105	149	137	70	5.51e-63	194	ATP synthase F(0) complex subunit C1, mitochondrial isoform X2 [Saccopteryx leptura]	249018
XP_036196966.1	XP_066119967	90.476	105	149	137	70	1.37e-62	192	ATP synthase F(0) complex subunit C1, mitochondrial isoform X2 [Saccopteryx bilineata]	59482
XP_036196966.1	XP_045687516	77.037	135	149	141	87	7.97e-62	191	ATP synthase F(0) complex subunit C3, mitochondrial [Phyllostomus hastatus]	9423
XP_036196966.1	XP_019583038	76.296	135	149	140	87	2.07e-61	190	ATP synthase F(0) complex subunit C3, mitochondrial [Rhinolophus sinicus]	89399
XP_036196966.1	XP_035879158	76.296	135	149	141	87	2.60e-61	189	ATP synthase F(0) complex subunit C3, mitochondrial [Phyllostomus discolor]	89673
XP_036196966.1	XP_037011761	76.296	135	149	141	87	3.24e-61	189	ATP synthase F(0) complex subunit C3, mitochondrial [Artibeus jamaicensis]	9417
XP_036196966.1	XP_032968875	73.050	141	149	141	91	4.91e-61	189	ATP synthase F(0) complex subunit C3, mitochondrial [Rhinolophus ferrumequinum]	59479
XP_036196966.1	XP_080907515	73.050	141	149	141	91	4.91e-61	189	ATP synthase F(0) complex subunit C3, mitochondrial [Rhinolophus hipposideros]	77218
XP_036196966.1	XP_024417341	75.556	135	149	141	87	5.13e-61	189	ATP synthase F(0) complex subunit C3, mitochondrial [Desmodus rotundus]	9430
XP_036196966.1	XP_066202133	75.556	135	149	141	87	6.60e-61	189	ATP synthase F(0) complex subunit C3, mitochondrial [Saccopteryx leptura]	249018
XP_036196966.1	XP_066089355	75.556	135	149	141	87	6.60e-61	189	ATP synthase F(0) complex subunit C3, mitochondrial [Saccopteryx bilineata]	59482
XP_036196966.1	XP_054418757	75.556	135	149	141	87	7.36e-61	188	ATP synthase F(0) complex subunit C3, mitochondrial [Pteronotus mesoamericanus]	1884717
XP_036196966.1	XP_036110885	77.099	131	149	141	85	7.60e-61	188	ATP synthase F(0) complex subunit C3, mitochondrial [Molossus molossus]	27622
XP_036196966.1	XP_036900305	76.296	135	149	141	87	1.31e-60	188	ATP synthase F(0) complex subunit C3, mitochondrial [Sturnira hondurensis]	192404
XP_036196966.1	XP_070278814	75.556	135	149	141	87	1.91e-60	187	ATP synthase F(0) complex subunit C3, mitochondrial [Myotis yumanensis]	159337
XP_036196966.1	XP_059560001	75.556	135	149	141	87	1.91e-60	187	ATP synthase F(0) complex subunit C3, mitochondrial [Myotis daubentonii]	98922
XP_036196966.1	XP_008136757	75.556	135	149	141	87	1.91e-60	187	ATP synthase F(0) complex subunit C3, mitochondrial isoform X2 [Eptesicus fuscus]	29078
XP_036196966.1	XP_036176306	75.556	135	149	141	87	1.91e-60	187	ATP synthase F(0) complex subunit C3, mitochondrial [Myotis myotis]	51298
XP_036196966.1	XP_006083155	75.556	135	149	141	87	1.91e-60	187	ATP synthase F(0) complex subunit C3, mitochondrial isoform X2 [Myotis lucifugus]	59463
XP_036196966.1	XP_080951255	75.556	135	149	141	87	1.91e-60	187	ATP synthase F(0) complex subunit C3, mitochondrial [Myotis nattereri]	109481
XP_036196966.1	XP_080527068	75.556	135	149	141	87	1.91e-60	187	ATP synthase F(0) complex subunit C3, mitochondrial [Plecotus auritus]	61862
XP_036196966.1	XP_079638255	75.556	135	149	141	87	1.91e-60	187	ATP synthase F(0) complex subunit C3, mitochondrial isoform 1 [Cnephaeus nilssonii]	3371016
XP_036196966.1	XP_079638254	75.556	135	149	141	87	1.91e-60	187	ATP synthase F(0) complex subunit C3, mitochondrial isoform 1 [Cnephaeus nilssonii]	3371016
XP_036196966.1	XP_036278230	75.556	135	149	141	87	1.97e-60	187	ATP synthase F(0) complex subunit C3, mitochondrial isoform X2 [Pipistrellus kuhlii]	59472
XP_036196966.1	XP_019509279	77.099	131	149	140	85	2.11e-60	187	PREDICTED: ATP synthase F(0) complex subunit C3, mitochondrial [Hipposideros armiger]	186990
XP_036196966.1	XP_016062621	77.099	131	149	141	85	2.65e-60	187	PREDICTED: ATP synthase F(0) complex subunit C3, mitochondrial [Miniopterus natalensis]	291302
XP_036196966.1	XP_080999509	77.099	131	149	141	85	2.65e-60	187	ATP synthase F(0) complex subunit C3, mitochondrial [Miniopterus schreibersii]	9433
XP_036196966.1	XP_006760658	74.815	135	149	141	87	2.86e-60	187	PREDICTED: ATP synthase F(0) complex subunit C3, mitochondrial [Myotis davidii]	225400
XP_036196966.1	XP_006921286	76.515	132	149	141	84	4.24e-60	186	ATP synthase F(0) complex subunit C3, mitochondrial [Pteropus alecto]	9402
XP_036196966.1	XP_011355506	76.515	132	149	141	84	4.24e-60	186	ATP synthase F(0) complex subunit C3, mitochondrial [Pteropus vampyrus]	132908
XP_036196966.1	XP_039711233	76.515	132	149	141	84	4.24e-60	186	ATP synthase F(0) complex subunit C3, mitochondrial [Pteropus medius]	143291
XP_036196966.1	XP_015990171	76.154	130	149	141	84	5.17e-60	186	ATP synthase F(0) complex subunit C3, mitochondrial [Rousettus aegyptiacus]	9407
XP_036196966.1	XP_014394822	73.050	141	149	141	91	6.80e-60	186	PREDICTED: ATP synthase F(0) complex subunit C3, mitochondrial [Myotis brandtii]	109478
XP_036196966.1	XP_054447021	69.231	143	149	141	91	3.50e-58	182	ATP synthase F(0) complex subunit C2, mitochondrial [Pteronotus mesoamericanus]	1884717
XP_036196966.1	XP_066109980	73.282	131	149	141	85	7.79e-58	181	ATP synthase F(0) complex subunit C2, mitochondrial [Saccopteryx bilineata]	59482
XP_036196966.1	XP_066114651	73.282	131	149	141	85	7.79e-58	181	ATP synthase F(0) complex subunit C2, mitochondrial [Saccopteryx bilineata]	59482
XP_036196966.1	XP_066114650	73.282	131	149	141	85	7.79e-58	181	ATP synthase F(0) complex subunit C2, mitochondrial [Saccopteryx bilineata]	59482
XP_036196966.1	XP_066114649	73.282	131	149	141	85	7.79e-58	181	ATP synthase F(0) complex subunit C2, mitochondrial [Saccopteryx bilineata]	59482
XP_036196966.1	XP_005857789	76.562	128	149	190	83	1.25e-57	182	PREDICTED: ATP synthase F(0) complex subunit C3, mitochondrial [Myotis brandtii]	109478
XP_036196966.1	XP_019511439	73.282	131	149	141	85	1.95e-57	180	PREDICTED: ATP synthase F(0) complex subunit C2, mitochondrial [Hipposideros armiger]	186990
XP_036196966.1	XP_032974422	72.519	131	149	141	85	3.41e-57	179	ATP synthase F(0) complex subunit C2, mitochondrial [Rhinolophus ferrumequinum]	59479
XP_036196966.1	XP_032974421	72.519	131	149	141	85	3.41e-57	179	ATP synthase F(0) complex subunit C2, mitochondrial [Rhinolophus ferrumequinum]	59479
XP_036196966.1	XP_032981856	72.519	131	149	141	85	3.41e-57	179	ATP synthase F(0) complex subunit C2, mitochondrial [Rhinolophus ferrumequinum]	59479
XP_036196966.1	XP_014397521	75.194	129	149	138	85	3.58e-57	179	PREDICTED: ATP synthase F(0) complex subunit C2, mitochondrial isoform X2 [Myotis brandtii]	109478
XP_036196966.1	XP_066225705	72.519	131	149	141	85	3.85e-57	179	ATP synthase F(0) complex subunit C2, mitochondrial [Saccopteryx leptura]	249018
XP_036196966.1	XP_066225704	72.519	131	149	141	85	3.85e-57	179	ATP synthase F(0) complex subunit C2, mitochondrial [Saccopteryx leptura]	249018
XP_036196966.1	XP_080914331	72.519	131	149	141	85	5.47e-57	179	ATP synthase F(0) complex subunit C2, mitochondrial isoform 1 [Rhinolophus hipposideros]	77218
XP_036196966.1	XP_080914330	72.519	131	149	141	85	5.47e-57	179	ATP synthase F(0) complex subunit C2, mitochondrial isoform 1 [Rhinolophus hipposideros]	77218
XP_036196966.1	XP_080914329	72.519	131	149	141	85	5.47e-57	179	ATP synthase F(0) complex subunit C2, mitochondrial isoform 1 [Rhinolophus hipposideros]	77218
XP_036196966.1	XP_045443989	74.809	131	149	140	85	2.10e-56	177	ATP synthase F(0) complex subunit C2, mitochondrial isoform X2 [Pipistrellus kuhlii]	59472
XP_036196966.1	XP_036311222	74.809	131	149	140	85	2.10e-56	177	ATP synthase F(0) complex subunit C2, mitochondrial isoform X2 [Pipistrellus kuhlii]	59472
XP_036196966.1	XP_070266197	75.000	132	149	140	85	5.95e-56	176	ATP synthase F(0) complex subunit C2, mitochondrial isoform X2 [Myotis yumanensis]	159337
XP_036196966.1	XP_023615493	75.000	132	149	140	85	5.95e-56	176	ATP synthase F(0) complex subunit C2, mitochondrial [Myotis lucifugus]	59463
XP_036196966.1	XP_023615492	75.000	132	149	140	85	5.95e-56	176	ATP synthase F(0) complex subunit C2, mitochondrial [Myotis lucifugus]	59463
XP_036196966.1	XP_006081717	75.000	132	149	140	85	5.95e-56	176	ATP synthase F(0) complex subunit C2, mitochondrial [Myotis lucifugus]	59463
XP_036196966.1	XP_059539086	75.000	132	149	140	85	6.08e-56	176	ATP synthase F(0) complex subunit C2, mitochondrial isoform X3 [Myotis daubentonii]	98922
XP_036196966.1	XP_059539085	75.000	132	149	140	85	6.08e-56	176	ATP synthase F(0) complex subunit C2, mitochondrial isoform X3 [Myotis daubentonii]	98922
XP_036196966.1	XP_036156117	75.000	132	149	140	85	6.08e-56	176	ATP synthase F(0) complex subunit C2, mitochondrial isoform X2 [Myotis myotis]	51298
XP_036196966.1	XP_036156116	75.000	132	149	140	85	6.08e-56	176	ATP synthase F(0) complex subunit C2, mitochondrial isoform X2 [Myotis myotis]	51298
XP_036196966.1	XP_036194075	75.000	132	149	140	85	6.08e-56	176	ATP synthase F(0) complex subunit C2, mitochondrial [Myotis myotis]	51298
XP_036196966.1	XP_080940459	75.000	132	149	140	85	6.08e-56	176	ATP synthase F(0) complex subunit C2, mitochondrial isoform 2 [Myotis nattereri]	109481
XP_036196966.1	XP_080516101	74.242	132	149	140	85	6.64e-56	176	ATP synthase F(0) complex subunit C2, mitochondrial isoform 2 [Plecotus auritus]	61862
XP_036196966.1	XP_080516100	74.242	132	149	140	85	6.64e-56	176	ATP synthase F(0) complex subunit C2, mitochondrial isoform 2 [Plecotus auritus]	61862
XP_036196966.1	XP_080515389	74.242	132	149	140	85	6.64e-56	176	ATP synthase F(0) complex subunit C2, mitochondrial [Plecotus auritus]	61862
XP_036196966.1	XP_015415063	75.000	132	149	140	85	7.17e-56	176	PREDICTED: ATP synthase F(0) complex subunit C2, mitochondrial isoform X2 [Myotis davidii]	225400
XP_036196966.1	XP_036092500	74.603	126	149	141	83	8.26e-56	176	ATP synthase F(0) complex subunit C2, mitochondrial isoform X3 [Rousettus aegyptiacus]	9407
XP_036196966.1	XP_019579983	72.519	131	149	208	85	1.95e-55	177	LOW QUALITY PROTEIN: ATP synthase F(0) complex subunit C2, mitochondrial [Rhinolophus sinicus]	89399
XP_036196966.1	XP_019515347	71.533	137	149	208	85	2.37e-55	177	PREDICTED: LOW QUALITY PROTEIN: ATP synthase F(0) complex subunit C2, mitochondrial [Hipposideros armiger]	186990
XP_036196966.1	XP_005869212	75.194	129	149	201	85	3.68e-55	176	PREDICTED: ATP synthase F(0) complex subunit C2, mitochondrial isoform X1 [Myotis brandtii]	109478
XP_036196966.1	XP_080516103	73.846	130	149	128	83	8.71e-55	172	ATP synthase F(0) complex subunit C2, mitochondrial isoform 4 [Plecotus auritus]	61862
XP_036196966.1	XP_006904573	74.242	132	149	255	85	1.19e-54	177	ATP synthase F(0) complex subunit C2, mitochondrial [Pteropus alecto]	9402
XP_036196966.1	XP_036311221	74.809	131	149	203	85	1.20e-54	175	ATP synthase F(0) complex subunit C2, mitochondrial isoform X1 [Pipistrellus kuhlii]	59472
XP_036196966.1	XP_016056860	72.519	131	149	140	85	1.25e-54	172	PREDICTED: ATP synthase F(0) complex subunit C2, mitochondrial [Miniopterus natalensis]	291302
XP_036196966.1	XP_080986046	72.519	131	149	140	85	1.25e-54	172	ATP synthase F(0) complex subunit C2, mitochondrial isoform 1 [Miniopterus schreibersii]	9433
XP_036196966.1	XP_080986045	72.519	131	149	140	85	1.25e-54	172	ATP synthase F(0) complex subunit C2, mitochondrial isoform 1 [Miniopterus schreibersii]	9433
XP_036196966.1	XP_059523834	74.242	132	149	140	85	1.44e-54	172	ATP synthase F(0) complex subunit C2, mitochondrial-like [Myotis daubentonii]	98922
XP_036196966.1	XP_011374087	74.242	132	149	255	85	1.78e-54	176	ATP synthase F(0) complex subunit C2, mitochondrial [Pteropus vampyrus]	132908
XP_036196966.1	XP_039718135	74.242	132	149	255	85	1.78e-54	176	ATP synthase F(0) complex subunit C2, mitochondrial [Pteropus medius]	143291
XP_036196966.1	XP_080516102	77.869	122	149	137	78	2.12e-54	172	ATP synthase F(0) complex subunit C2, mitochondrial isoform 3 [Plecotus auritus]	61862
XP_036196966.1	XP_059539084	76.800	125	149	150	80	2.38e-54	172	ATP synthase F(0) complex subunit C2, mitochondrial isoform X2 [Myotis daubentonii]	98922
XP_036196966.1	XP_080512964	72.727	132	149	140	85	2.46e-54	172	ATP synthase F(0) complex subunit C2, mitochondrial-like [Plecotus auritus]	61862
XP_036196966.1	XP_059539083	75.000	132	149	203	85	2.56e-54	174	ATP synthase F(0) complex subunit C2, mitochondrial isoform X1 [Myotis daubentonii]	98922
XP_036196966.1	XP_036156115	75.000	132	149	203	85	2.56e-54	174	ATP synthase F(0) complex subunit C2, mitochondrial isoform X1 [Myotis myotis]	51298
XP_036196966.1	XP_070266196	75.000	132	149	204	85	2.61e-54	174	ATP synthase F(0) complex subunit C2, mitochondrial isoform X1 [Myotis yumanensis]	159337
XP_036196966.1	XP_006757024	75.000	132	149	203	85	3.40e-54	174	PREDICTED: ATP synthase F(0) complex subunit C2, mitochondrial isoform X1 [Myotis davidii]	225400
XP_036196966.1	XP_080516099	74.242	132	149	203	85	4.13e-54	174	ATP synthase F(0) complex subunit C2, mitochondrial isoform 1 [Plecotus auritus]	61862
XP_036196966.1	XP_080516098	74.242	132	149	203	85	4.13e-54	174	ATP synthase F(0) complex subunit C2, mitochondrial isoform 1 [Plecotus auritus]	61862
XP_036196966.1	XP_028000316	74.242	132	149	203	85	5.74e-54	173	ATP synthase F(0) complex subunit C2, mitochondrial [Eptesicus fuscus]	29078
XP_036196966.1	XP_079630826	74.242	132	149	203	85	6.26e-54	173	ATP synthase F(0) complex subunit C2, mitochondrial [Cnephaeus nilssonii]	3371016
XP_036196966.1	XP_036107510	72.519	131	149	140	85	6.59e-54	171	ATP synthase F(0) complex subunit C2, mitochondrial isoform X2 [Molossus molossus]	27622
XP_036196966.1	XP_079655217	72.308	130	149	140	84	7.51e-54	171	ATP synthase F(0) complex subunit C2, mitochondrial-like [Cnephaeus nilssonii]	3371016
XP_036196966.1	XP_054565647	71.538	130	149	140	84	1.60e-53	170	ATP synthase F(0) complex subunit C2, mitochondrial-like [Eptesicus fuscus]	29078
XP_036196966.1	XP_080940458	75.000	132	149	256	85	1.66e-53	174	ATP synthase F(0) complex subunit C2, mitochondrial isoform 1 [Myotis nattereri]	109481
XP_036196966.1	XP_080501013	71.212	132	149	140	85	3.12e-53	169	ATP synthase F(0) complex subunit C2, mitochondrial-like [Plecotus auritus]	61862
XP_036196966.1	XP_036092499	67.391	138	149	153	83	3.20e-53	169	ATP synthase F(0) complex subunit C2, mitochondrial isoform X2 [Rousettus aegyptiacus]	9407
XP_036196966.1	XP_036291003	71.756	131	149	140	85	3.75e-53	169	ATP synthase F(0) complex subunit C2, mitochondrial-like [Pipistrellus kuhlii]	59472
XP_036196966.1	XP_036092501	67.391	138	149	150	83	6.41e-53	169	ATP synthase F(0) complex subunit C2, mitochondrial isoform X4 [Rousettus aegyptiacus]	9407
XP_036196966.1	XP_036107509	72.093	129	149	145	83	7.85e-53	168	ATP synthase F(0) complex subunit C2, mitochondrial isoform X1 [Molossus molossus]	27622
XP_036196966.1	XP_024421402	66.901	142	149	141	91	1.47e-52	167	LOW QUALITY PROTEIN: ATP synthase F(0) complex subunit C2, mitochondrial [Desmodus rotundus]	9430
XP_036196966.1	XP_024431214	69.014	142	149	141	91	1.87e-52	167	ATP synthase F(0) complex subunit C2, mitochondrial [Desmodus rotundus]	9430
XP_036196966.1	XP_080527469	71.970	132	149	176	85	2.45e-52	168	ATP synthase F(0) complex subunit C2, mitochondrial-like [Plecotus auritus]	61862
XP_036196966.1	XP_080505981	71.970	132	149	140	85	2.46e-52	167	ATP synthase F(0) complex subunit C2, mitochondrial-like [Plecotus auritus]	61862
XP_036196966.1	XP_080930897	69.466	131	149	141	85	2.52e-52	167	ATP synthase F(0) complex subunit C2, mitochondrial-like [Rhinolophus hipposideros]	77218
XP_036196966.1	XP_070259832	93.182	88	149	141	59	3.06e-52	167	ATP synthase F(0) complex subunit C2, mitochondrial-like [Myotis yumanensis]	159337
XP_036196966.1	XP_070263711	77.119	118	149	117	75	4.02e-52	166	ATP synthase F(0) complex subunit C2, mitochondrial [Myotis yumanensis]	159337
XP_036196966.1	XP_045685444	69.930	143	149	226	92	2.42e-51	167	ATP synthase F(0) complex subunit C2, mitochondrial [Phyllostomus hastatus]	9423
XP_036196966.1	XP_015998244	67.391	138	149	195	83	2.90e-51	166	ATP synthase F(0) complex subunit C2, mitochondrial isoform X1 [Rousettus aegyptiacus]	9407
XP_036196966.1	XP_036993478	93.182	88	149	174	59	5.06e-51	165	ATP synthase F(0) complex subunit C2, mitochondrial [Artibeus jamaicensis]	9417
XP_036196966.1	XP_028388407	93.182	88	149	208	59	9.02e-51	165	LOW QUALITY PROTEIN: ATP synthase F(0) complex subunit C2, mitochondrial [Phyllostomus discolor]	89673
XP_036196966.1	XP_005870615	89.773	88	149	136	59	1.27e-49	160	PREDICTED: ATP synthase F(0) complex subunit C2, mitochondrial [Myotis brandtii]	109478
XP_036196966.1	XP_037003335	90.476	84	149	141	56	4.72e-46	151	LOW QUALITY PROTEIN: ATP synthase F(0) complex subunit C2, mitochondrial-like [Artibeus jamaicensis]	9417
XP_036196966.1	XP_036168422	85.227	88	149	151	59	9.74e-46	150	ATP synthase F(0) complex subunit C2, mitochondrial-like [Myotis myotis]	51298
XP_036196966.1	XP_014389798	97.403	77	149	147	52	3.13e-45	149	PREDICTED: ATP synthase lipid-binding protein, mitochondrial [Myotis brandtii]	109478
XP_036196966.1	XP_070285671	93.421	76	149	146	51	1.30e-42	142	ATP synthase lipid-binding protein, mitochondrial-like [Myotis yumanensis]	159337
XP_036196966.1	XP_036287191	72.519	131	149	148	85	1.68e-40	137	ATP synthase F(0) complex subunit C2, mitochondrial-like [Pipistrellus kuhlii]	59472
XP_036196966.1	XP_079623404	66.923	130	149	169	84	2.18e-34	122	ATP synthase F(0) complex subunit C2, mitochondrial-like [Cnephaeus nilssonii]	3371016
XP_036196966.1	XP_036300745	67.939	131	149	139	85	5.42e-34	120	ATP synthase F(0) complex subunit C2, mitochondrial-like [Pipistrellus kuhlii]	59472
XP_036196966.1	XP_036921197	73.494	83	149	193	56	1.72e-33	120	ATP synthase F(0) complex subunit C2, mitochondrial-like [Sturnira hondurensis]	192404
XP_036196966.1	XP_059545488	64.815	108	149	129	68	1.72e-33	119	ATP synthase F(0) complex subunit C2, mitochondrial-like [Myotis daubentonii]	98922
XP_036196966.1	XP_045431369	60.360	111	149	145	71	2.15e-32	116	ATP synthase F(0) complex subunit C3, mitochondrial isoform X1 [Pipistrellus kuhlii]	59472
XP_036196966.1	XP_054579153	66.327	98	149	104	62	3.19e-32	115	ATP synthase F(0) complex subunit C3, mitochondrial-like [Eptesicus fuscus]	29078
XP_036196966.1	XP_023600450	63.107	103	149	145	66	1.03e-31	115	ATP synthase F(0) complex subunit C3, mitochondrial isoform X1 [Myotis lucifugus]	59463
XP_036196966.1	XP_054578920	63.107	103	149	145	66	1.13e-31	115	ATP synthase F(0) complex subunit C3, mitochondrial isoform X1 [Eptesicus fuscus]	29078
XP_036196966.1	XP_032966593	64.356	101	149	107	64	4.66e-30	109	ATP synthase F(0) complex subunit C3, mitochondrial-like [Rhinolophus ferrumequinum]	59479
XP_036196966.1	XP_070259809	67.778	90	149	107	60	1.94e-29	108	ATP synthase F(0) complex subunit C2, mitochondrial-like [Myotis yumanensis]	159337
XP_036196966.1	XP_028374333	47.552	143	149	276	92	1.40e-27	108	LOW QUALITY PROTEIN: uncharacterized protein LOC114501788 [Phyllostomus discolor]	89673
XP_036196966.1	XP_054451903	57.955	88	149	112	59	9.15e-23	91.3	LOW QUALITY PROTEIN: ATP synthase F(0) complex subunit C2, mitochondrial-like [Pteronotus mesoamericanus]	1884717
XP_036196966.1	XP_032975594	54.000	100	149	114	64	3.96e-22	89.7	ATP synthase F(0) complex subunit C2, mitochondrial-like [Rhinolophus ferrumequinum]	59479
