XP_036178116.1	XP_036178116	100.000	553	553	553	100	0.0	1117	ATP synthase subunit alpha, mitochondrial [Myotis myotis]	51298
XP_036178116.1	XP_080952642	100.000	553	553	553	100	0.0	1117	ATP synthase F(1) complex subunit alpha, mitochondrial [Myotis nattereri]	109481
XP_036178116.1	XP_059563198	99.819	553	553	553	100	0.0	1116	ATP synthase subunit alpha, mitochondrial isoform X2 [Myotis daubentonii]	98922
XP_036178116.1	XP_070277191	99.638	553	553	553	100	0.0	1114	ATP synthase subunit alpha, mitochondrial [Myotis yumanensis]	159337
XP_036178116.1	XP_006085199	99.819	553	553	553	100	0.0	1114	ATP synthase subunit alpha, mitochondrial isoform X1 [Myotis lucifugus]	59463
XP_036178116.1	XP_059563197	98.221	562	553	562	100	0.0	1108	ATP synthase subunit alpha, mitochondrial isoform X1 [Myotis daubentonii]	98922
XP_036178116.1	XP_006920000	98.734	553	553	553	100	0.0	1105	ATP synthase subunit alpha, mitochondrial [Pteropus alecto]	9402
XP_036178116.1	XP_036101158	98.915	553	553	553	100	0.0	1105	ATP synthase subunit alpha, mitochondrial [Molossus molossus]	27622
XP_036178116.1	XP_011359493	98.734	553	553	553	100	0.0	1105	ATP synthase subunit alpha, mitochondrial [Pteropus vampyrus]	132908
XP_036178116.1	XP_079640605	98.734	553	553	553	100	0.0	1105	ATP synthase F(1) complex subunit alpha, mitochondrial [Cnephaeus nilssonii]	3371016
XP_036178116.1	XP_039698428	98.734	553	553	553	100	0.0	1105	ATP synthase F(1) complex subunit alpha, mitochondrial [Pteropus medius]	143291
XP_036178116.1	XP_008156231	98.915	553	553	553	100	0.0	1103	ATP synthase subunit alpha, mitochondrial isoform X1 [Eptesicus fuscus]	29078
XP_036178116.1	XP_036273984	98.734	553	553	553	100	0.0	1103	ATP synthase subunit alpha, mitochondrial isoform X1 [Pipistrellus kuhlii]	59472
XP_036178116.1	XP_016003275	98.553	553	553	553	100	0.0	1103	ATP synthase subunit alpha, mitochondrial [Rousettus aegyptiacus]	9407
XP_036178116.1	XP_080541388	98.734	553	553	553	100	0.0	1103	ATP synthase F(1) complex subunit alpha, mitochondrial [Plecotus auritus]	61862
XP_036178116.1	XP_016080530	98.553	553	553	553	100	0.0	1102	PREDICTED: ATP synthase subunit alpha, mitochondrial [Miniopterus natalensis]	291302
XP_036178116.1	XP_081004294	98.553	553	553	553	100	0.0	1102	ATP synthase F(1) complex subunit alpha, mitochondrial [Miniopterus schreibersii]	9433
XP_036178116.1	XP_024436162	98.553	553	553	553	100	0.0	1101	ATP synthase subunit alpha, mitochondrial [Desmodus rotundus]	9430
XP_036178116.1	XP_037020991	98.553	553	553	553	100	0.0	1101	ATP synthase subunit alpha, mitochondrial [Artibeus jamaicensis]	9417
XP_036178116.1	XP_036889604	98.373	553	553	553	100	0.0	1101	ATP synthase F(1) complex subunit alpha, mitochondrial [Sturnira hondurensis]	192404
XP_036178116.1	XP_045706104	98.373	553	553	553	100	0.0	1100	ATP synthase subunit alpha, mitochondrial [Phyllostomus hastatus]	9423
XP_036178116.1	XP_028379714	98.373	553	553	553	100	0.0	1100	ATP synthase subunit alpha, mitochondrial [Phyllostomus discolor]	89673
XP_036178116.1	XP_054439565	98.192	553	553	553	100	0.0	1100	ATP synthase subunit alpha, mitochondrial [Pteronotus mesoamericanus]	1884717
XP_036178116.1	XP_019595246	98.373	553	553	553	100	0.0	1100	ATP synthase F(1) complex subunit alpha, mitochondrial [Rhinolophus sinicus]	89399
XP_036178116.1	XP_032943501	98.373	553	553	553	100	0.0	1100	ATP synthase subunit alpha, mitochondrial [Rhinolophus ferrumequinum]	59479
XP_036178116.1	XP_080934999	98.192	553	553	553	100	0.0	1098	ATP synthase F(1) complex subunit alpha, mitochondrial isoform 1 [Rhinolophus hipposideros]	77218
XP_036178116.1	XP_066208285	98.192	553	553	553	100	0.0	1098	ATP synthase subunit alpha, mitochondrial [Saccopteryx leptura]	249018
XP_036178116.1	XP_066102392	98.192	553	553	553	100	0.0	1098	ATP synthase subunit alpha, mitochondrial [Saccopteryx bilineata]	59482
XP_036178116.1	XP_036097811	98.192	553	553	553	100	0.0	1097	ATP synthase subunit alpha, mitochondrial-like [Molossus molossus]	27622
XP_036178116.1	XP_019489042	92.266	556	553	553	100	0.0	1026	PREDICTED: LOW QUALITY PROTEIN: ATP synthase subunit alpha, mitochondrial-like [Hipposideros armiger]	186990
XP_036178116.1	XP_036131365	94.033	553	553	553	100	0.0	1021	LOW QUALITY PROTEIN: ATP synthase subunit alpha, mitochondrial-like [Molossus molossus]	27622
XP_036178116.1	XP_023606635	100.000	503	553	503	91	0.0	1018	ATP synthase subunit alpha, mitochondrial isoform X3 [Myotis lucifugus]	59463
XP_036178116.1	XP_015416963	99.602	503	553	503	91	0.0	1015	PREDICTED: ATP synthase subunit alpha, mitochondrial [Myotis davidii]	225400
XP_036178116.1	XP_014394759	99.404	503	553	521	91	0.0	1011	PREDICTED: LOW QUALITY PROTEIN: ATP synthase subunit alpha, mitochondrial [Myotis brandtii]	109478
XP_036178116.1	XP_054580075	99.205	503	553	503	91	0.0	1010	ATP synthase subunit alpha, mitochondrial isoform X2 [Eptesicus fuscus]	29078
XP_036178116.1	XP_023606634	93.309	553	553	517	100	0.0	990	ATP synthase subunit alpha, mitochondrial isoform X2 [Myotis lucifugus]	59463
XP_036178116.1	XP_045430177	92.224	553	553	517	100	0.0	980	ATP synthase subunit alpha, mitochondrial isoform X2 [Pipistrellus kuhlii]	59472
XP_036178116.1	XP_054428655	93.832	535	553	536	97	0.0	975	ATP synthase subunit alpha, mitochondrial-like [Pteronotus mesoamericanus]	1884717
XP_036178116.1	XP_019522727	93.837	503	553	503	91	0.0	952	PREDICTED: LOW QUALITY PROTEIN: ATP synthase subunit alpha, mitochondrial-like [Hipposideros armiger]	186990
XP_036178116.1	XP_016079610	84.964	552	553	551	99	0.0	929	PREDICTED: LOW QUALITY PROTEIN: ATP synthase subunit alpha, mitochondrial-like [Miniopterus natalensis]	291302
XP_036178116.1	XP_080935000	99.129	459	553	459	83	0.0	926	ATP synthase F(1) complex subunit alpha, mitochondrial isoform 2 [Rhinolophus hipposideros]	77218
XP_036178116.1	XP_032958155	85.194	412	553	468	75	0.0	706	LOW QUALITY PROTEIN: ATP synthase subunit alpha, mitochondrial-like [Rhinolophus ferrumequinum]	59479
XP_036178116.1	XP_015413021	87.195	328	553	425	86	0.0	573	PREDICTED: LOW QUALITY PROTEIN: ATP synthase subunit alpha, mitochondrial-like [Myotis davidii]	225400
XP_036178116.1	XP_015413021	68.966	145	553	425	86	1.02e-50	184	PREDICTED: LOW QUALITY PROTEIN: ATP synthase subunit alpha, mitochondrial-like [Myotis davidii]	225400
XP_036178116.1	XP_019508260	97.902	143	553	143	26	1.18e-93	286	PREDICTED: ATP synthase subunit alpha, mitochondrial [Hipposideros armiger]	186990
XP_036178116.1	XP_015987951	29.392	296	553	511	52	1.01e-21	103	V-type proton ATPase subunit B, brain isoform [Rousettus aegyptiacus]	9407
XP_036178116.1	XP_074188245	27.978	361	553	513	63	5.12e-21	102	V-type proton ATPase subunit B, kidney isoform [Rhinolophus sinicus]	89399
XP_036178116.1	XP_023600274	29.054	296	553	469	52	5.32e-21	101	V-type proton ATPase subunit B, brain isoform isoform X2 [Myotis lucifugus]	59463
XP_036178116.1	XP_023600275	29.054	296	553	468	52	5.33e-21	101	V-type proton ATPase subunit B, brain isoform isoform X3 [Myotis lucifugus]	59463
XP_036178116.1	XP_066207141	29.054	296	553	511	52	5.45e-21	102	V-type proton ATPase subunit B, brain isoform [Saccopteryx leptura]	249018
XP_036178116.1	XP_066124219	29.054	296	553	511	52	5.45e-21	102	V-type proton ATPase subunit B, brain isoform [Saccopteryx bilineata]	59482
XP_036178116.1	XP_045441837	28.713	303	553	508	53	5.60e-21	101	V-type proton ATPase subunit B, brain isoform isoform X2 [Pipistrellus kuhlii]	59472
XP_036178116.1	XP_006778370	29.054	296	553	479	52	6.09e-21	101	PREDICTED: V-type proton ATPase subunit B, brain isoform [Myotis davidii]	225400
XP_036178116.1	XP_032980827	27.701	361	553	513	63	7.09e-21	101	V-type proton ATPase subunit B, kidney isoform [Rhinolophus ferrumequinum]	59479
XP_036178116.1	XP_016066371	29.054	296	553	492	52	7.39e-21	101	PREDICTED: V-type proton ATPase subunit B, brain isoform isoform X2 [Miniopterus natalensis]	291302
XP_036178116.1	XP_036306393	29.054	296	553	513	52	7.42e-21	101	V-type proton ATPase subunit B, brain isoform isoform X1 [Pipistrellus kuhlii]	59472
XP_036178116.1	XP_008154564	29.054	296	553	513	52	7.56e-21	101	V-type proton ATPase subunit B, brain isoform [Eptesicus fuscus]	29078
XP_036178116.1	XP_079627713	29.054	296	553	513	52	7.56e-21	101	V-type proton ATPase subunit B, brain isoform [Cnephaeus nilssonii]	3371016
XP_036178116.1	XP_036168710	29.054	296	553	511	52	7.68e-21	101	V-type proton ATPase subunit B, brain isoform [Myotis myotis]	51298
XP_036178116.1	XP_006103249	29.054	296	553	511	52	7.68e-21	101	V-type proton ATPase subunit B, brain isoform isoform X1 [Myotis lucifugus]	59463
XP_036178116.1	XP_080949230	29.054	296	553	511	52	7.68e-21	101	V-type proton ATPase subunit B, brain isoform [Myotis nattereri]	109481
XP_036178116.1	XP_019600218	29.054	296	553	511	52	7.75e-21	101	V-type proton ATPase subunit B, brain isoform [Rhinolophus sinicus]	89399
XP_036178116.1	XP_070272640	29.054	296	553	511	52	8.04e-21	101	V-type proton ATPase subunit B, brain isoform [Myotis yumanensis]	159337
XP_036178116.1	XP_059552037	29.054	296	553	511	52	8.04e-21	101	V-type proton ATPase subunit B, brain isoform [Myotis daubentonii]	98922
XP_036178116.1	XP_005873857	29.054	296	553	511	52	8.04e-21	101	PREDICTED: V-type proton ATPase subunit B, brain isoform [Myotis brandtii]	109478
XP_036178116.1	XP_080529227	29.054	296	553	511	52	8.04e-21	101	V-type proton ATPase subunit B, brain isoform [Plecotus auritus]	61862
XP_036178116.1	XP_016066370	29.054	296	553	511	52	8.11e-21	101	PREDICTED: V-type proton ATPase subunit B, brain isoform isoform X1 [Miniopterus natalensis]	291302
XP_036178116.1	XP_080990515	29.054	296	553	511	52	8.11e-21	101	V-type proton ATPase subunit B, brain isoform [Miniopterus schreibersii]	9433
XP_036178116.1	XP_080932906	29.054	296	553	511	52	8.11e-21	101	V-type proton ATPase subunit B, brain isoform [Rhinolophus hipposideros]	77218
XP_036178116.1	XP_036096184	29.054	296	553	511	52	9.29e-21	101	V-type proton ATPase subunit B, brain isoform [Molossus molossus]	27622
XP_036178116.1	XP_032990504	29.054	296	553	511	52	9.37e-21	101	LOW QUALITY PROTEIN: V-type proton ATPase subunit B, brain isoform [Rhinolophus ferrumequinum]	59479
XP_036178116.1	XP_011364995	29.054	296	553	511	52	9.72e-21	101	V-type proton ATPase subunit B, brain isoform [Pteropus vampyrus]	132908
XP_036178116.1	XP_039723944	29.054	296	553	511	52	9.72e-21	101	V-type proton ATPase subunit B, brain isoform [Pteropus medius]	143291
XP_036178116.1	XP_054434926	29.054	296	553	511	52	1.42e-20	100	V-type proton ATPase subunit B, brain isoform [Pteronotus mesoamericanus]	1884717
XP_036178116.1	XP_019503152	27.701	361	553	513	63	1.45e-20	100	PREDICTED: V-type proton ATPase subunit B, kidney isoform [Hipposideros armiger]	186990
XP_036178116.1	XP_080924185	27.424	361	553	513	63	1.48e-20	100	V-type proton ATPase subunit B, kidney isoform 1 [Rhinolophus hipposideros]	77218
XP_036178116.1	XP_024416520	29.054	296	553	511	52	1.95e-20	100	V-type proton ATPase subunit B, brain isoform [Desmodus rotundus]	9430
XP_036178116.1	XP_037008589	29.054	296	553	511	52	1.95e-20	100	V-type proton ATPase subunit B, brain isoform [Artibeus jamaicensis]	9417
XP_036178116.1	XP_036884575	29.054	296	553	511	52	1.95e-20	100	V-type proton ATPase subunit B, brain isoform [Sturnira hondurensis]	192404
XP_036178116.1	XP_045709099	29.054	296	553	511	52	2.00e-20	100	V-type proton ATPase subunit B, brain isoform [Phyllostomus hastatus]	9423
XP_036178116.1	XP_028375719	29.054	296	553	511	52	2.00e-20	100	V-type proton ATPase subunit B, brain isoform [Phyllostomus discolor]	89673
XP_036178116.1	XP_006904420	28.571	301	553	511	53	2.08e-20	100	V-type proton ATPase subunit B, brain isoform [Pteropus alecto]	9402
XP_036178116.1	XP_016011267	29.392	296	553	513	52	2.54e-20	99.8	V-type proton ATPase subunit B, kidney isoform [Rousettus aegyptiacus]	9407
XP_036178116.1	XP_011363859	29.392	296	553	513	52	2.56e-20	99.8	V-type proton ATPase subunit B, kidney isoform [Pteropus vampyrus]	132908
XP_036178116.1	XP_039708473	29.392	296	553	513	52	2.56e-20	99.8	V-type proton ATPase subunit B, kidney isoform [Pteropus medius]	143291
XP_036178116.1	XP_079648946	27.701	361	553	513	63	2.63e-20	99.8	V-type proton ATPase subunit B, kidney isoform [Cnephaeus nilssonii]	3371016
XP_036178116.1	XP_006909734	29.392	296	553	513	52	2.80e-20	99.8	V-type proton ATPase subunit B, kidney isoform [Pteropus alecto]	9402
XP_036178116.1	XP_008145708	27.701	361	553	513	63	2.83e-20	99.8	V-type proton ATPase subunit B, kidney isoform [Eptesicus fuscus]	29078
XP_036178116.1	XP_036291553	27.424	361	553	513	63	5.98e-20	98.6	V-type proton ATPase subunit B, kidney isoform isoform X2 [Pipistrellus kuhlii]	59472
XP_036178116.1	XP_053779733	28.451	355	553	525	62	6.51e-20	98.6	V-type proton ATPase subunit B, kidney isoform isoform X1 [Desmodus rotundus]	9430
XP_036178116.1	XP_053779734	27.612	402	553	513	70	7.63e-20	98.2	V-type proton ATPase subunit B, kidney isoform isoform X2 [Desmodus rotundus]	9430
XP_036178116.1	XP_059515472	27.424	361	553	513	63	8.81e-20	98.2	V-type proton ATPase subunit B, kidney isoform [Myotis daubentonii]	98922
XP_036178116.1	XP_054442913	27.978	361	553	513	63	9.38e-20	98.2	V-type proton ATPase subunit B, kidney isoform [Pteronotus mesoamericanus]	1884717
XP_036178116.1	XP_005867843	29.392	296	553	513	52	9.47e-20	98.2	PREDICTED: V-type proton ATPase subunit B, kidney isoform isoform X2 [Myotis brandtii]	109478
XP_036178116.1	XP_036904027	27.222	360	553	513	63	9.82e-20	98.2	V-type proton ATPase subunit B, kidney isoform [Sturnira hondurensis]	192404
XP_036178116.1	XP_070285532	29.392	296	553	513	52	1.10e-19	97.8	V-type proton ATPase subunit B, kidney isoform [Myotis yumanensis]	159337
XP_036178116.1	XP_080957425	27.424	361	553	513	63	1.14e-19	97.8	V-type proton ATPase subunit B, kidney isoform [Myotis nattereri]	109481
XP_036178116.1	XP_036190084	27.424	361	553	513	63	1.19e-19	97.8	V-type proton ATPase subunit B, kidney isoform [Myotis myotis]	51298
XP_036178116.1	XP_066234112	27.624	362	553	513	63	1.43e-19	97.4	V-type proton ATPase subunit B, kidney isoform [Saccopteryx leptura]	249018
XP_036178116.1	XP_066123442	27.624	362	553	513	63	1.49e-19	97.4	V-type proton ATPase subunit B, kidney isoform [Saccopteryx bilineata]	59482
XP_036178116.1	XP_036983128	27.500	360	553	513	63	1.72e-19	97.4	V-type proton ATPase subunit B, kidney isoform [Artibeus jamaicensis]	9417
XP_036178116.1	XP_080540962	28.231	294	553	513	52	1.95e-19	97.1	V-type proton ATPase subunit B, kidney isoform [Plecotus auritus]	61862
XP_036178116.1	XP_036118956	29.630	297	553	513	52	2.21e-19	97.1	V-type proton ATPase subunit B, kidney isoform [Molossus molossus]	27622
XP_036178116.1	XP_028373220	27.978	361	553	513	63	2.71e-19	96.7	V-type proton ATPase subunit B, kidney isoform isoform X1 [Phyllostomus discolor]	89673
XP_036178116.1	XP_081013108	29.276	304	553	513	53	5.32e-19	95.9	V-type proton ATPase subunit B, kidney isoform [Miniopterus schreibersii]	9433
XP_036178116.1	XP_035883989	29.392	296	553	476	52	6.40e-19	95.1	V-type proton ATPase subunit B, kidney isoform isoform X2 [Phyllostomus discolor]	89673
XP_036178116.1	XP_032973962	26.230	305	553	528	54	7.31e-19	95.5	ATP synthase subunit beta, mitochondrial [Rhinolophus ferrumequinum]	59479
XP_036178116.1	XP_016080054	26.230	305	553	528	54	7.51e-19	95.5	PREDICTED: ATP synthase subunit beta, mitochondrial [Miniopterus natalensis]	291302
XP_036178116.1	XP_080984261	26.230	305	553	528	54	7.51e-19	95.5	ATP synthase F(1) complex subunit beta, mitochondrial [Miniopterus schreibersii]	9433
XP_036178116.1	XP_036108150	26.230	305	553	528	54	8.14e-19	95.1	ATP synthase subunit beta, mitochondrial [Molossus molossus]	27622
XP_036178116.1	XP_080518451	26.230	305	553	545	54	1.00e-18	95.1	ATP synthase F(1) complex subunit beta, mitochondrial [Plecotus auritus]	61862
XP_036178116.1	XP_080915968	25.902	305	553	528	54	1.09e-18	94.7	ATP synthase F(1) complex subunit beta, mitochondrial [Rhinolophus hipposideros]	77218
XP_036178116.1	XP_079631759	26.230	305	553	528	54	1.13e-18	94.7	ATP synthase F(1) complex subunit beta, mitochondrial [Cnephaeus nilssonii]	3371016
XP_036178116.1	XP_036313244	26.230	305	553	545	54	1.25e-18	94.7	ATP synthase subunit beta, mitochondrial [Pipistrellus kuhlii]	59472
XP_036178116.1	XP_015426961	29.054	296	553	513	52	1.31e-18	94.7	PREDICTED: V-type proton ATPase subunit B, kidney isoform [Myotis davidii]	225400
XP_036178116.1	XP_080940514	25.902	305	553	528	54	1.54e-18	94.4	ATP synthase F(1) complex subunit beta, mitochondrial [Myotis nattereri]	109481
XP_036178116.1	XP_019597981	25.902	305	553	528	54	1.58e-18	94.4	ATP synthase F(1) complex subunit beta, mitochondrial [Rhinolophus sinicus]	89399
XP_036178116.1	XP_059539271	25.902	305	553	528	54	1.59e-18	94.4	ATP synthase subunit beta, mitochondrial [Myotis daubentonii]	98922
XP_036178116.1	XP_008146880	26.230	305	553	528	54	1.59e-18	94.4	ATP synthase subunit beta, mitochondrial [Eptesicus fuscus]	29078
XP_036178116.1	XP_036155331	25.902	305	553	528	54	1.59e-18	94.4	ATP synthase subunit beta, mitochondrial [Myotis myotis]	51298
XP_036178116.1	XP_036989161	25.902	305	553	528	54	1.66e-18	94.4	ATP synthase subunit beta, mitochondrial [Artibeus jamaicensis]	9417
XP_036178116.1	XP_036886030	25.902	305	553	528	54	1.66e-18	94.4	ATP synthase F(1) complex subunit beta, mitochondrial [Sturnira hondurensis]	192404
XP_036178116.1	XP_036291552	27.446	368	553	520	63	1.67e-18	94.4	V-type proton ATPase subunit B, kidney isoform isoform X1 [Pipistrellus kuhlii]	59472
XP_036178116.1	XP_006908981	25.902	305	553	528	54	1.68e-18	94.4	ATP synthase subunit beta, mitochondrial [Pteropus alecto]	9402
XP_036178116.1	XP_011373944	25.902	305	553	528	54	1.68e-18	94.4	ATP synthase subunit beta, mitochondrial [Pteropus vampyrus]	132908
XP_036178116.1	XP_039721660	25.902	305	553	528	54	1.68e-18	94.4	ATP synthase F(1) complex subunit beta, mitochondrial [Pteropus medius]	143291
XP_036178116.1	XP_019524568	25.902	305	553	528	54	1.69e-18	94.4	PREDICTED: ATP synthase subunit beta, mitochondrial [Hipposideros armiger]	186990
XP_036178116.1	XP_016021188	25.902	305	553	528	54	1.71e-18	94.4	ATP synthase subunit beta, mitochondrial [Rousettus aegyptiacus]	9407
XP_036178116.1	XP_070266060	25.902	305	553	528	54	1.77e-18	94.4	ATP synthase subunit beta, mitochondrial [Myotis yumanensis]	159337
XP_036178116.1	XP_066225913	25.902	305	553	528	54	1.84e-18	94.4	ATP synthase subunit beta, mitochondrial [Saccopteryx leptura]	249018
XP_036178116.1	XP_066114477	25.902	305	553	528	54	1.84e-18	94.4	ATP synthase subunit beta, mitochondrial [Saccopteryx bilineata]	59482
XP_036178116.1	XP_054435903	25.902	305	553	528	54	1.90e-18	94.4	ATP synthase subunit beta, mitochondrial [Pteronotus mesoamericanus]	1884717
XP_036178116.1	XP_045685767	25.902	305	553	528	54	2.12e-18	94.0	ATP synthase subunit beta, mitochondrial [Phyllostomus hastatus]	9423
XP_036178116.1	XP_028387599	25.902	305	553	528	54	2.12e-18	94.0	ATP synthase subunit beta, mitochondrial [Phyllostomus discolor]	89673
XP_036178116.1	XP_024432142	25.902	305	553	528	54	2.24e-18	94.0	ATP synthase subunit beta, mitochondrial [Desmodus rotundus]	9430
XP_036178116.1	XP_005872132	25.902	305	553	545	54	2.30e-18	94.0	PREDICTED: ATP synthase subunit beta, mitochondrial [Myotis brandtii]	109478
XP_036178116.1	XP_006093683	25.902	305	553	545	54	2.30e-18	94.0	ATP synthase subunit beta, mitochondrial [Myotis lucifugus]	59463
XP_036178116.1	XP_045684756	27.701	361	553	513	63	2.56e-18	93.6	V-type proton ATPase subunit B, kidney isoform [Phyllostomus hastatus]	9423
XP_036178116.1	XP_015412899	25.902	305	553	474	54	2.91e-18	93.2	PREDICTED: ATP synthase subunit beta, mitochondrial [Myotis davidii]	225400
XP_036178116.1	XP_014396420	27.446	368	553	520	63	2.96e-18	93.6	PREDICTED: V-type proton ATPase subunit B, kidney isoform isoform X1 [Myotis brandtii]	109478
XP_036178116.1	XP_016058008	28.344	314	553	527	52	3.87e-17	90.1	PREDICTED: V-type proton ATPase subunit B, kidney isoform [Miniopterus natalensis]	291302
XP_036178116.1	XP_080924186	25.348	359	553	487	63	1.50e-15	85.1	V-type proton ATPase subunit B, kidney isoform 2 [Rhinolophus hipposideros]	77218
XP_036178116.1	XP_053779735	26.346	353	553	499	62	4.04e-15	83.6	V-type proton ATPase subunit B, kidney isoform isoform X3 [Desmodus rotundus]	9430
XP_036178116.1	XP_015420154	23.607	305	553	528	54	1.38e-11	72.8	PREDICTED: LOW QUALITY PROTEIN: ATP synthase subunit beta, mitochondrial-like [Myotis davidii]	225400
