YP_009231396.1	YP_009231396	100.000	226	226	226	100	5.52e-157	438	ATP synthase F0 subunit 6 (mitochondrion) [Myotis myotis]	51298
YP_009231396.1	YP_009589340	97.788	226	226	226	100	7.13e-154	430	ATP synthase F0 subunit 6 (mitochondrion) [Myotis frater]	187012
YP_009231396.1	YP_009351942	97.345	226	226	226	100	9.28e-154	430	ATP synthase F0 subunit 6 (mitochondrion) [Myotis bechsteinii]	59462
YP_009231396.1	YP_009442578	96.889	225	226	226	99	3.10e-153	429	ATP synthase F0 subunit 6 (mitochondrion) [Myotis dominicensis]	159325
YP_009231396.1	YP_010449633	96.889	225	226	226	99	3.24e-153	429	ATP synthase F0 subunit 6 (mitochondrion) [Submyotodon moupinensis]	2783555
YP_009231396.1	YP_009107217	96.444	225	226	226	99	6.61e-153	428	ATP synthase F0 subunit 6 (mitochondrion) [Myotis davidii]	225400
YP_009231396.1	YP_009442747	96.889	225	226	226	99	1.04e-152	427	ATP synthase F0 subunit 6 (mitochondrion) [Myotis horsfieldii]	138977
YP_009231396.1	YP_008757929	96.889	225	226	226	99	1.20e-152	427	ATP synthase F0 subunit 6 (mitochondrion) [Myotis ikonnikovi]	155915
YP_009231396.1	YP_009243538	96.444	225	226	226	99	1.24e-152	427	ATP synthase F0 subunit 6 (mitochondrion) [Myotis lucifugus]	59463
YP_009231396.1	YP_009442721	96.444	225	226	226	99	1.24e-152	427	ATP synthase F0 subunit 6 (mitochondrion) [Myotis thysanodes]	153287
YP_009231396.1	YP_009442617	96.444	225	226	226	99	1.24e-152	427	ATP synthase F0 subunit 6 (mitochondrion) [Myotis ruber]	159333
YP_009231396.1	YP_010133425	96.444	225	226	226	99	1.26e-152	427	ATP synthase F0 subunit 6 (mitochondrion) [Myotis petax]	526407
YP_009231396.1	YP_009442630	96.000	225	226	226	99	1.87e-152	427	ATP synthase F0 subunit 6 (mitochondrion) [Myotis oxyotus]	159332
YP_009231396.1	YP_009234305	96.889	225	226	226	99	2.00e-152	427	ATP synthase F0 subunit 6 (mitochondrion) [Myotis muricola]	159330
YP_009231396.1	YP_009442734	96.889	225	226	226	99	2.00e-152	427	ATP synthase F0 subunit 6 (mitochondrion) [Myotis atacamensis]	384633
YP_009231396.1	YP_008757877	96.444	225	226	226	99	2.19e-152	426	ATP synthase F0 subunit 6 (mitochondrion) [Myotis macrodactylus]	187014
YP_009231396.1	YP_010268947	96.444	225	226	226	99	2.58e-152	426	ATP synthase F0 subunit 6 (mitochondrion) [Myotis davidii]	225400
YP_009231396.1	YP_009442656	96.000	225	226	226	99	2.94e-152	426	ATP synthase F0 subunit 6 (mitochondrion) [Myotis nigricans]	153286
YP_009231396.1	YP_009442669	96.000	225	226	226	99	3.46e-152	426	ATP synthase F0 subunit 6 (mitochondrion) [Myotis yumanensis]	159337
YP_009231396.1	YP_009442643	96.444	225	226	226	99	4.56e-152	426	ATP synthase F0 subunit 6 (mitochondrion) [Myotis riparius]	124752
YP_009231396.1	YP_009442591	96.000	225	226	226	99	6.13e-152	425	ATP synthase F0 subunit 6 (mitochondrion) [Myotis evotis]	257883
YP_009231396.1	YP_009442695	95.556	225	226	226	99	7.55e-152	425	ATP synthase F0 subunit 6 (mitochondrion) [Myotis leibii]	27668
YP_009231396.1	YP_009442604	95.556	225	226	226	99	8.52e-152	425	ATP synthase F0 subunit 6 (mitochondrion) [Myotis keaysi]	159327
YP_009231396.1	YP_009442760	95.556	225	226	226	99	1.26e-151	424	ATP synthase F0 subunit 6 (mitochondrion) [Myotis volans]	159335
YP_009231396.1	YP_010960237	95.111	225	226	226	99	1.44e-151	424	ATP synthase F0 subunit 6 (mitochondrion) [Baeodon alleni]	153295
YP_009231396.1	YP_009092848	95.556	225	226	226	99	1.92e-151	424	ATP synthase F0 subunit 6 (mitochondrion) [Myotis brandtii]	109478
YP_009231396.1	YP_009906150	94.248	226	226	226	100	2.97e-151	424	ATP synthase F0 subunit 6 (mitochondrion) [Myotis septentrionalis]	258941
YP_009231396.1	YP_010117575	95.556	225	226	226	99	6.34e-151	423	ATP synthase F0 subunit 6 (mitochondrion) [Myotis pilosus]	203696
YP_009231396.1	YP_010148067	95.111	225	226	226	99	6.62e-151	423	ATP synthase F0 subunit 6 (mitochondrion) [Eudiscopus denticulus]	633651
YP_009231396.1	YP_009442682	93.805	226	226	226	100	8.34e-151	422	ATP synthase F0 subunit 6 (mitochondrion) [Myotis auriculus]	321263
YP_009231396.1	YP_004734060	94.667	225	226	226	99	9.10e-151	422	ATP synthase F0 subunit 6 (mitochondrion) [Myotis formosus]	225401
YP_009231396.1	YP_009442773	95.111	225	226	226	99	1.10e-150	422	ATP synthase F0 subunit 6 (mitochondrion) [Myotis albescens]	159322
YP_009231396.1	YP_010305160	94.222	225	226	226	99	1.17e-150	422	ATP synthase F0 subunit 6 (mitochondrion) [Kerivoula papillosa]	59455
YP_009231396.1	YP_009231344	95.556	225	226	226	99	2.53e-150	421	ATPase subunit 6 (mitochondrion) [Myotis bombinus]	392318
YP_009231396.1	YP_010305186	92.889	225	226	226	99	4.38e-148	416	ATP synthase F0 subunit 6 (mitochondrion) [Kerivoula minuta]	685729
YP_009231396.1	YP_010944630	91.593	226	226	226	100	1.60e-147	414	ATP synthase F0 subunit 6 (mitochondrion) [Rhogeessa parvula]	153298
YP_009231396.1	YP_010965060	91.150	226	226	226	100	3.80e-147	413	ATP synthase F0 subunit 6 (mitochondrion) [Rhogeessa mira]	258949
YP_009231396.1	YP_006665738	92.035	226	226	226	100	3.84e-147	413	ATP synthase F0 subunit 6 (mitochondrion) [Rhinolophus luctus]	337453
YP_009231396.1	YP_010455613	92.444	225	226	226	99	4.89e-147	413	ATP synthase F0 subunit 6 (mitochondrion) [Molossus molossus]	27622
YP_009231396.1	YP_010248097	91.556	225	226	226	99	5.82e-147	413	ATP synthase F0 subunit 6 (mitochondrion) [Nyctalus aviator]	187010
YP_009231396.1	YP_010965073	91.150	226	226	226	100	9.03e-147	412	ATP synthase F0 subunit 6 (mitochondrion) [Rhogeessa genowaysi]	433358
YP_009231396.1	YP_009338575	92.000	225	226	226	99	1.01e-146	412	ATP synthase F0 subunit 6 (mitochondrion) [Vespertilio murinus]	59485
YP_009231396.1	YP_010944643	90.708	226	226	226	100	1.65e-146	412	ATP synthase F0 subunit 6 (mitochondrion) [Rhogeessa aenea]	2933650
YP_009231396.1	YP_010938281	92.035	226	226	226	100	3.68e-146	410	ATP synthase F0 subunit 6 (mitochondrion) [Hipposideros lylei]	867829
YP_009231396.1	YP_009943234	90.708	226	226	226	100	3.97e-146	410	ATP synthase F0 subunit 6 (mitochondrion) [Lasionycteris noctivagans]	27667
YP_009231396.1	YP_011102878	91.593	226	226	226	100	4.01e-146	410	ATP synthase F0 subunit 6 (mitochondrion) [Hipposideros caffer]	302402
YP_009231396.1	YP_005255233	90.265	226	226	226	100	5.96e-146	410	ATP synthase F0 subunit 6 (mitochondrion) [Lasiurus borealis]	258930
YP_009231396.1	YP_010926055	91.593	226	226	226	100	6.95e-146	410	ATP synthase F0 subunit 6 (mitochondrion) [Rhinolophus francisi]	3007093
YP_009231396.1	YP_010322035	91.593	226	226	226	100	7.84e-146	410	ATP synthase F0 subunit 6 (mitochondrion) [Rhinolophus marshalli]	476588
YP_009231396.1	YP_010500246	90.667	225	226	226	99	8.28e-146	410	ATP synthase F0 subunit 6 (mitochondrion) [Leptonycteris curasoae]	55054
YP_009231396.1	YP_010305173	91.593	226	226	226	100	9.14e-146	410	ATP synthase F0 subunit 6 (mitochondrion) [Hipposideros cervinus]	170233
YP_009231396.1	YP_009442786	90.708	226	226	226	100	1.08e-145	409	ATP synthase F0 subunit 6 (mitochondrion) [Myotis martiniquensis]	385035
YP_009231396.1	YP_010976674	91.111	225	226	226	99	1.36e-145	409	ATP synthase F0 subunit 6 (mitochondrion) [Cnephaeus nilssonii]	3371016
YP_009231396.1	YP_010611011	91.111	225	226	226	99	1.36e-145	409	ATP synthase F0 subunit 6 (mitochondrion) [Cnephaeus bottae]	3371009
YP_009231396.1	YP_009112374	90.708	226	226	226	100	3.26e-145	408	ATP synthase F0 subunit 6 (mitochondrion) [Murina leucogaster]	187017
YP_009231396.1	YP_010500233	90.667	225	226	226	99	3.72e-145	408	ATP synthase F0 subunit 6 (mitochondrion) [Leptonycteris yerbabuenae]	700936
YP_009231396.1	YP_010322022	90.708	226	226	226	100	4.39e-145	408	ATP synthase F0 subunit 6 (mitochondrion) [Rhinolophus siamensis]	867892
YP_009231396.1	YP_010305199	91.150	226	226	226	100	4.39e-145	408	ATP synthase F0 subunit 6 (mitochondrion) [Hipposideros larvatus]	175524
YP_009231396.1	YP_010455626	90.667	225	226	226	99	4.48e-145	408	ATP synthase F0 subunit 6 (mitochondrion) [Phyllostomus discolor]	89673
YP_009231396.1	YP_010004059	91.150	226	226	226	100	5.17e-145	408	ATP synthase F0 subunit 6 (mitochondrion) [Rhinolophus affinis]	59477
YP_009231396.1	YP_009731385	91.150	226	226	226	100	5.17e-145	408	ATP synthase F0 subunit 6 (mitochondrion) [Rhinolophus pusillus]	159858
YP_009231396.1	YP_009121503	91.150	226	226	226	100	5.17e-145	408	ATP synthase F0 subunit 6 (mitochondrion) [Rhinolophus macrotis]	196889
YP_009231396.1	YP_009353900	91.150	226	226	226	100	5.17e-145	408	ATP synthase F0 subunit 6 (mitochondrion) [Rhinolophus thomasi]	476589
YP_009231396.1	YP_005255220	91.593	226	226	226	100	7.10e-145	407	ATP synthase F0 subunit 6 (mitochondrion) [Corynorhinus rafinesquii]	27674
YP_009231396.1	YP_010455522	90.222	225	226	226	99	1.08e-144	407	ATP synthase F0 subunit 6 (mitochondrion) [Glossophaga soricina]	27638
YP_009231396.1	YP_007890332	90.265	226	226	226	100	1.27e-144	407	ATP synthase F0 subunit 6 (mitochondrion) [Murina ussuriensis]	187021
YP_009231396.1	YP_010500220	90.222	225	226	226	99	1.42e-144	407	ATP synthase F0 subunit 6 (mitochondrion) [Leptonycteris nivalis]	59456
YP_009231396.1	NP_976105	90.708	226	226	226	100	1.47e-144	407	ATP synthase F0 subunit 6 (mitochondrion) [Rhinolophus pumilus]	159859
YP_009231396.1	YP_009048533	90.222	225	226	226	99	1.73e-144	406	ATP synthase F0 subunit 6 (mitochondrion) [Vespertilio sinensis]	105273
YP_009231396.1	YP_010321529	89.823	226	226	226	100	1.80e-144	406	ATP synthase F0 subunit 6 (mitochondrion) [Hipposideros pomona]	334201
YP_009231396.1	YP_010322048	90.708	226	226	226	100	2.22e-144	406	ATP synthase F0 subunit 6 (mitochondrion) [Rhinolophus rex paradoxolophus]	479477
YP_009231396.1	YP_009183689	90.708	226	226	226	100	2.22e-144	406	ATP synthase F0 subunit 6 (mitochondrion) [Rhinolophus rex]	188572
YP_009231396.1	YP_009687832	90.222	225	226	226	99	3.12e-144	406	ATP synthase F0 subunit 6 (mitochondrion) [Miniopterus fuliginosus]	187007
YP_009231396.1	YP_009228274	88.889	225	226	226	99	3.41e-144	406	ATP synthase F0 subunit 6 (mitochondrion) [Pipistrellus coromandra]	258946
YP_009231396.1	YP_008578458	89.333	225	226	226	99	4.02e-144	405	ATP synthase F0 subunit 6 (mitochondrion) [Rhinophylla pumilio]	138707
YP_009231396.1	YP_011058888	89.823	226	226	226	100	4.25e-144	405	ATP synthase F0 subunit 6 (mitochondrion) [Trachops cirrhosus]	148073
YP_009231396.1	YP_010288432	89.823	226	226	226	100	5.46e-144	405	ATP synthase F0 subunit 6 (mitochondrion) [Rhinolophus philippinensis]	76837
YP_009231396.1	YP_008578380	90.667	225	226	226	99	5.58e-144	405	ATP synthase F0 subunit 6 (mitochondrion) [Anoura caudifer]	27642
YP_009231396.1	YP_010455509	89.333	225	226	226	99	5.96e-144	405	ATP synthase F0 subunit 6 (mitochondrion) [Artibeus hartii]	27654
YP_009231396.1	YP_010455431	90.667	225	226	226	99	6.51e-144	405	ATP synthase F0 subunit 6 (mitochondrion) [Anoura cultrata]	999941
YP_009231396.1	YP_010455535	89.381	226	226	226	100	7.51e-144	405	ATP synthase F0 subunit 6 (mitochondrion) [Choeroniscus minor]	249003
YP_009231396.1	YP_010455587	90.222	225	226	226	99	8.29e-144	405	ATP synthase F0 subunit 6 (mitochondrion) [Sturnira bakeri]	2019462
YP_009231396.1	YP_006665751	89.823	226	226	226	100	9.56e-144	405	ATP synthase F0 subunit 6 (mitochondrion) [Hipposideros armiger]	186990
YP_009231396.1	YP_004425103	91.593	226	226	226	100	1.19e-143	404	ATP synthase F0 subunit 6 (mitochondrion) [Plecotus auritus]	61862
YP_009231396.1	NP_976131	89.778	225	226	226	99	1.57e-143	404	ATP synthase F0 subunit 6 (mitochondrion) [Pipistrellus abramus]	105295
YP_009231396.1	YP_010455496	89.778	225	226	226	99	1.93e-143	404	ATP synthase F0 subunit 6 (mitochondrion) [Dermanura rava]	563994
YP_009231396.1	YP_009144144	89.333	225	226	226	99	1.95e-143	404	ATP synthase F0 subunit 6 (mitochondrion) [Nyctalus noctula]	51300
YP_009231396.1	YP_009564178	89.333	225	226	226	99	1.95e-143	404	ATP synthase F0 subunit 6 (mitochondrion) [Nyctalus plancyi]	375553
YP_009231396.1	YP_011103419	88.938	226	226	226	100	2.77e-143	404	ATP synthase F0 subunit 6 (mitochondrion) [Pipistrellus pipistrellus]	59474
YP_009231396.1	YP_010455639	89.333	225	226	226	99	5.53e-143	403	ATP synthase F0 subunit 6 (mitochondrion) [Sturnira ludovici]	192405
YP_009231396.1	YP_010471881	89.333	225	226	226	99	6.66e-143	402	ATP synthase F0 subunit 6 (mitochondrion) [Carollia brevicauda]	138695
YP_009231396.1	YP_010455457	90.222	225	226	226	99	8.02e-143	402	ATP synthase F0 subunit 6 (mitochondrion) [Carollia castanea]	138696
YP_009231396.1	YP_008578432	89.778	225	226	226	99	8.29e-143	402	ATP synthase F0 subunit 6 (mitochondrion) [Lophostoma silvicola]	3370180
YP_009231396.1	YP_008578484	89.381	226	226	226	100	8.57e-143	402	ATP synthase F0 subunit 6 (mitochondrion) [Tonatia saurophila]	171122
YP_009231396.1	YP_010455574	88.444	225	226	226	99	8.95e-143	402	ATP synthase F0 subunit 6 (mitochondrion) [Platyrrhinus matapalensis]	574081
YP_009231396.1	YP_220698	88.053	226	226	226	100	9.88e-143	402	ATP synthase F0 subunit 6 (mitochondrion) [Mystacina tuberculata]	94961
YP_009231396.1	YP_010455483	88.889	225	226	226	99	1.53e-142	402	ATP synthase F0 subunit 6 (mitochondrion) [Chiroderma salvini]	27646
YP_009231396.1	YP_005255207	88.889	225	226	226	99	1.55e-142	402	ATP synthase F0 subunit 6 (mitochondrion) [Artibeus lituratus]	27634
YP_009231396.1	NP_008489	88.889	225	226	226	99	1.55e-142	402	ATP synthase F0 subunit 6 (mitochondrion) [Artibeus jamaicensis]	9417
YP_009231396.1	YP_008578471	89.333	225	226	226	99	1.55e-142	402	ATP synthase F0 subunit 6 (mitochondrion) [Sturnira tildae]	27661
YP_009231396.1	YP_009442812	89.333	225	226	226	99	1.71e-142	401	ATP synthase F0 subunit 6 (mitochondrion) [Tadarida teniotis]	59483
YP_009231396.1	YP_010455444	88.889	225	226	226	99	1.75e-142	401	ATP synthase F0 subunit 6 (mitochondrion) [Anoura geoffroyi]	148021
YP_009231396.1	YP_008578393	89.333	225	226	226	99	1.91e-142	401	ATP synthase F0 subunit 6 (mitochondrion) [Brachyphylla cavernarum]	9421
YP_009231396.1	YP_008578406	88.889	225	226	226	99	2.08e-142	401	ATP synthase F0 subunit 6 (mitochondrion) [Carollia perspicillata]	40233
YP_009231396.1	YP_010611050	88.444	225	226	226	99	2.46e-142	401	ATP synthase F0 subunit 6 (mitochondrion) [Histiotus magellanicus]	909363
YP_009231396.1	YP_010710549	88.889	225	226	226	99	3.02e-142	401	ATP synthase F0 subunit 6 (mitochondrion) [Macrotus waterhousii]	124750
YP_009231396.1	YP_010611037	88.000	225	226	226	99	4.16e-142	400	ATP synthase F0 subunit 6 (mitochondrion) [Histiotus montanus]	1161940
YP_009231396.1	YP_009754911	87.611	226	226	226	100	4.30e-142	400	ATP synthase F0 subunit 6 (mitochondrion) [Rousettus leschenaultii]	9408
YP_009231396.1	YP_009246595	88.496	226	226	226	100	5.01e-142	400	ATP synthase F0 subunit 6 (mitochondrion) [Hypsugo alaschanicus]	999321
YP_009231396.1	YP_010455561	88.000	225	226	226	99	5.29e-142	400	ATP synthase F0 subunit 6 (mitochondrion) [Micronycteris hirsuta]	148065
YP_009231396.1	YP_009167286	88.938	226	226	226	100	9.15e-142	400	ATP synthase F0 subunit 6 (mitochondrion) [Plecotus macrobullaris]	242915
YP_009231396.1	YP_009466918	88.053	226	226	226	100	1.58e-141	399	ATP synthase F0 subunit 6 (mitochondrion) [Lonchorhina aurita]	148061
YP_009231396.1	YP_008578367	88.000	225	226	226	99	1.67e-141	399	ATP synthase F0 subunit 6 (mitochondrion) [Micronycteris megalotis]	148066
YP_009231396.1	YP_011102443	88.053	226	226	226	100	2.62e-141	399	ATP synthase F0 subunit 6 (mitochondrion) [Corynorhinus mexicanus]	712049
YP_009231396.1	YP_010611024	88.000	225	226	226	99	4.44e-141	398	ATP synthase F0 subunit 6 (mitochondrion) [Histiotus macrotus]	258919
YP_009231396.1	NP_071689	88.000	225	226	226	99	8.30e-141	397	ATP synthase F0 subunit 6 (mitochondrion) [Chalinolobus tuberculatus]	143942
YP_009231396.1	YP_009466944	87.611	226	226	226	100	8.76e-141	397	ATP synthase F0 subunit 6 (mitochondrion) [Noctilio leporinus]	94963
YP_009231396.1	YP_010455548	87.611	226	226	226	100	1.39e-140	397	ATP synthase F0 subunit 6 (mitochondrion) [Lonchophylla robusta]	190509
YP_009231396.1	YP_010455600	88.444	225	226	226	99	1.40e-140	397	ATP synthase F0 subunit 6 (mitochondrion) [Lonchophylla concava]	1303335
YP_009231396.1	YP_008578497	86.283	226	226	226	100	2.83e-140	396	ATP synthase F0 subunit 6 (mitochondrion) [Vampyrum spectrum]	148074
YP_009231396.1	NP_976092	88.496	226	226	226	100	3.85e-140	395	ATP synthase F0 subunit 6 (mitochondrion) [Rhinolophus monoceros]	169756
YP_009231396.1	YP_009466905	87.556	225	226	226	99	3.98e-140	395	ATP synthase F0 subunit 6 (mitochondrion) [Hsunycteris thomasi]	138705
YP_009231396.1	YP_009754937	87.168	226	226	226	100	5.72e-140	395	ATP synthase F0 subunit 6 (mitochondrion) [Rousettus obliviosus]	705079
YP_009231396.1	YP_009445582	88.053	226	226	226	100	6.45e-140	395	ATP synthase F0 subunit 6 (mitochondrion) [Rhinolophus yunanensis]	3370733
YP_009231396.1	YP_009754872	87.611	226	226	226	100	2.02e-139	394	ATP synthase F0 subunit 6 (mitochondrion) [Nyctimene cephalotes]	170209
YP_009231396.1	YP_313610	86.283	226	226	226	100	2.23e-139	394	ATP synthase F0 subunit 6 (mitochondrion) [Rousettus aegyptiacus]	9407
YP_009231396.1	YP_009466970	87.168	226	226	226	100	3.41e-139	393	ATP synthase F0 subunit 6 (mitochondrion) [Glyphonycteris daviesi]	148064
YP_009231396.1	YP_009754755	86.726	226	226	226	100	2.62e-138	391	ATP synthase F0 subunit 6 (mitochondrion) [Megaerops niphanae]	77233
YP_009231396.1	YP_008578419	85.398	226	226	226	100	1.02e-136	387	ATP synthase F0 subunit 6 (mitochondrion) [Desmodus rotundus]	9430
YP_009231396.1	YP_009466879	85.841	226	226	226	100	2.46e-136	386	ATP synthase F0 subunit 6 (mitochondrion) [Chrotopterus auritus]	148086
YP_009231396.1	YP_009445608	89.333	225	226	226	99	4.35e-136	385	ATP synthase F0 subunit 6 (mitochondrion) [Saccopteryx leptura]	249018
YP_009231396.1	YP_010455470	88.889	225	226	226	99	8.48e-136	384	ATP synthase F0 subunit 6 (mitochondrion) [Lophostoma brasiliense]	409031
YP_009231396.1	YP_004935084	90.708	226	226	226	100	1.27e-135	384	ATP synthase F0 subunit 6 (mitochondrion) [Rhinolophus ferrumequinum korai]	1077283
YP_009231396.1	YP_007474926	90.708	226	226	226	100	1.27e-135	384	ATP synthase F0 subunit 6 (mitochondrion) [Rhinolophus ferrumequinum quelpartis]	1203030
YP_009231396.1	YP_009442825	90.667	225	226	226	99	1.45e-135	384	ATP synthase F0 subunit 6 (mitochondrion) [Tadarida latouchei]	2049285
YP_009231396.1	YP_009338723	90.222	225	226	226	99	2.60e-135	383	ATP synthase F0 subunit 6 (mitochondrion) [Pteronotus personatus]	118856
YP_009231396.1	YP_008578445	90.667	225	226	226	99	2.71e-135	383	ATP synthase F0 subunit 6 (mitochondrion) [Pteronotus rubiginosus]	280976
YP_009231396.1	YP_009000404	90.222	225	226	226	99	3.69e-135	383	ATP synthase F0 subunit 6 (mitochondrion) [Pteronotus parnellii]	59476
YP_009231396.1	YP_009754885	84.513	226	226	226	100	4.16e-134	380	ATP synthase F0 subunit 6 (mitochondrion) [Plerotes anchietae]	1812310
YP_009231396.1	YP_009466892	84.071	226	226	226	100	8.12e-134	379	ATP synthase F0 subunit 6 (mitochondrion) [Diaemus youngi]	148087
YP_009231396.1	YP_009122657	89.381	226	226	226	100	3.73e-133	378	ATP synthase F0 subunit 6 (mitochondrion) [Pteropus vampyrus]	132908
YP_009231396.1	YP_008965259	88.938	226	226	226	100	8.29e-133	377	ATP synthase F0 subunit 6 (mitochondrion) [Pteropus alecto]	9402
YP_009231396.1	YP_009466931	88.444	225	226	226	99	2.40e-132	376	ATP synthase F0 subunit 6 (mitochondrion) [Macrotus californicus]	9419
YP_009231396.1	NP_068787	88.938	226	226	226	100	2.43e-132	376	ATP synthase F0 subunit 6 (mitochondrion) [Pteropus dasymallus]	126282
YP_009231396.1	YP_009754742	88.938	226	226	226	100	3.98e-132	375	ATP synthase F0 subunit 6 (mitochondrion) [Macroglossus sobrinus]	326083
YP_009231396.1	YP_009589353	88.000	225	226	226	99	5.71e-132	375	ATP synthase F0 subunit 6 (mitochondrion) [Ectophylla alba]	148036
YP_009231396.1	YP_002261370	83.186	226	226	226	100	4.06e-131	373	ATP synthase F0 subunit 6 (mitochondrion) [Rhinolophus formosae]	472238
YP_009231396.1	YP_009826331	87.556	225	226	226	99	5.90e-131	372	ATP synthase F0 subunit 6 (mitochondrion) [Furipterus horrens]	148082
YP_009231396.1	YP_009754547	87.168	226	226	226	100	1.02e-130	372	ATP synthase F0 subunit 6 (mitochondrion) [Casinycteris argynnis]	1091509
YP_009231396.1	YP_009121638	87.168	226	226	226	100	2.54e-130	371	ATP synthase F0 subunit 6 (mitochondrion) [Cynopterus brachyotis]	58060
YP_009231396.1	YP_009754989	87.168	226	226	226	100	3.72e-130	370	ATP synthase F0 subunit 6 (mitochondrion) [Sphaerias blanfordi]	662898
YP_009231396.1	YP_009754586	86.726	226	226	226	100	5.00e-130	370	ATP synthase F0 subunit 6 (mitochondrion) [Cynopterus sphinx]	9400
YP_009231396.1	YP_009754924	87.611	226	226	226	100	5.46e-130	370	ATP synthase F0 subunit 6 (mitochondrion) [Rousettus madagascariensis]	77223
YP_009231396.1	YP_009754560	86.726	226	226	226	100	7.59e-130	369	ATP synthase F0 subunit 6 (mitochondrion) [Casinycteris campomaanensis]	1497437
YP_009231396.1	YP_009466957	79.646	226	226	226	100	2.29e-127	363	ATP synthase F0 subunit 6 (mitochondrion) [Diphylla ecaudata]	148089
YP_009231396.1	NP_071647	89.381	226	226	226	100	3.84e-127	363	ATP synthase F0 subunit 6 (mitochondrion) [Pteropus scapulatus]	94117
YP_009231396.1	YP_009754781	87.168	226	226	226	100	3.75e-125	358	ATP synthase F0 subunit 6 (mitochondrion) [Megaloglossus woermanni]	58073
YP_009231396.1	YP_009754716	88.496	226	226	226	100	1.92e-124	356	ATP synthase F0 subunit 6 (mitochondrion) [Epomops franqueti]	77231
YP_009231396.1	YP_009755002	88.053	226	226	226	100	3.47e-124	355	ATP synthase F0 subunit 6 (mitochondrion) [Stenonycteris lanosa]	3370833
YP_009231396.1	YP_009754898	89.381	226	226	226	100	3.87e-124	355	ATP synthase F0 subunit 6 (mitochondrion) [Pteropus ornatus]	170227
YP_009231396.1	YP_009754729	87.611	226	226	226	100	2.55e-123	353	ATP synthase F0 subunit 6 (mitochondrion) [Hypsignathus monstrosus]	448084
YP_009231396.1	YP_009754859	88.053	226	226	226	100	3.54e-123	353	ATP synthase F0 subunit 6 (mitochondrion) [Nanonycteris veldkampii]	498220
YP_009231396.1	YP_009754690	88.053	226	226	226	100	3.54e-123	353	ATP synthase F0 subunit 6 (mitochondrion) [Epomops buettikoferi]	1410044
YP_009231396.1	YP_009754768	88.053	226	226	226	100	3.78e-123	352	ATP synthase F0 subunit 6 (mitochondrion) [Megaloglossus azagnyi]	1245032
YP_009231396.1	YP_009232301	88.053	226	226	226	100	5.37e-123	352	ATP synthase F0 subunit 6 (mitochondrion) [Epomophorus gambianus]	372077
YP_009231396.1	YP_009754677	88.053	226	226	226	100	5.37e-123	352	ATP synthase F0 subunit 6 (mitochondrion) [Epomophorus minor]	302407
YP_009231396.1	YP_009754664	87.611	226	226	226	100	5.37e-123	352	ATP synthase F0 subunit 6 (mitochondrion) [Epomophorus minor]	302407
YP_009231396.1	YP_009754794	88.053	226	226	226	100	5.37e-123	352	ATP synthase F0 subunit 6 (mitochondrion) [Epomophorus pusillus]	2853157
YP_009231396.1	YP_009754638	88.053	226	226	226	100	5.37e-123	352	ATP synthase F0 subunit 6 (mitochondrion) [Epomophorus labiatus]	903567
YP_009231396.1	YP_009754625	88.053	226	226	226	100	5.37e-123	352	ATP synthase F0 subunit 6 (mitochondrion) [Epomophorus crypturus]	59450
YP_009231396.1	YP_009754651	88.053	226	226	226	100	6.68e-123	352	ATP synthase F0 subunit 6 (mitochondrion) [Epomophorus wahlbergi]	58067
YP_009231396.1	YP_009754703	87.168	226	226	226	100	6.91e-123	352	ATP synthase F0 subunit 6 (mitochondrion) [Epomophorus dobsonii]	3369967
YP_009231396.1	YP_009754612	88.053	226	226	226	100	6.98e-123	352	ATP synthase F0 subunit 6 (mitochondrion) [Eonycteris spelaea]	58065
YP_009231396.1	YP_009704950	88.496	226	226	226	100	1.93e-122	351	ATP synthase F0 subunit 6 (mitochondrion) [Rousettus amplexicaudatus]	58083
YP_009231396.1	YP_009754833	87.611	226	226	226	100	2.16e-122	350	ATP synthase F0 subunit 6 (mitochondrion) [Myonycteris relicta]	77242
YP_009231396.1	YP_010303506	88.496	226	226	226	100	2.90e-122	350	ATP synthase F0 subunit 6 (mitochondrion) [Balionycteris maculata]	77229
YP_009231396.1	YP_009754846	87.168	226	226	226	100	7.78e-122	349	ATP synthase F0 subunit 6 (mitochondrion) [Myonycteris torquata]	77243
YP_009231396.1	YP_009754820	87.168	226	226	226	100	9.58e-122	349	ATP synthase F0 subunit 6 (mitochondrion) [Myonycteris leptodon]	1245035
YP_009231396.1	YP_010172281	80.531	226	226	226	100	1.85e-121	348	ATP synthase F0 subunit 6 (mitochondrion) [Macroderma gigas]	9411
YP_009231396.1	YP_009754963	87.611	226	226	226	100	3.42e-121	348	ATP synthase F0 subunit 6 (mitochondrion) [Scotonycteris occidentalis]	1609904
YP_009231396.1	YP_009754599	88.053	226	226	226	100	5.91e-121	347	ATP synthase F0 subunit 6 (mitochondrion) [Eidolon helvum]	77214
YP_009231396.1	YP_009754976	87.168	226	226	226	100	1.37e-119	343	ATP synthase F0 subunit 6 (mitochondrion) [Scotonycteris zenkeri]	1001563
YP_009231396.1	YP_009754573	86.726	226	226	226	100	1.45e-119	343	ATP synthase F0 subunit 6 (mitochondrion) [Casinycteris ophiodon]	1497438
YP_009231396.1	YP_009754950	86.726	226	226	226	100	3.05e-119	343	ATP synthase F0 subunit 6 (mitochondrion) [Scotonycteris bergmansi]	1609901
YP_009231396.1	YP_009754807	87.611	226	226	226	100	8.18e-119	342	ATP synthase F0 subunit 6 (mitochondrion) [Myonycteris angolensis]	58071
