XP_036201267.1	XP_059523135	100.000	169	169	169	100	3.82e-124	350	cytochrome c oxidase subunit 4 isoform 1, mitochondrial [Myotis daubentonii]	98922
XP_036201267.1	XP_036201267	100.000	169	169	169	100	3.82e-124	350	cytochrome c oxidase subunit 4 isoform 1, mitochondrial [Myotis myotis]	51298
XP_036201267.1	XP_080963769	100.000	169	169	169	100	3.82e-124	350	cytochrome c oxidase subunit 4 isoform 1, mitochondrial [Myotis nattereri]	109481
XP_036201267.1	XP_006762280	99.408	169	169	169	100	1.79e-123	348	PREDICTED: cytochrome c oxidase subunit 4 isoform 1, mitochondrial [Myotis davidii]	225400
XP_036201267.1	XP_005862594	98.817	169	169	169	100	1.05e-122	347	PREDICTED: cytochrome c oxidase subunit 4 isoform 1, mitochondrial [Myotis brandtii]	109478
XP_036201267.1	XP_023608323	98.817	169	169	169	100	1.05e-122	347	cytochrome c oxidase subunit 4 isoform 1, mitochondrial [Myotis lucifugus]	59463
XP_036201267.1	XP_006087068	98.817	169	169	169	100	1.05e-122	347	cytochrome c oxidase subunit 4 isoform 1, mitochondrial [Myotis lucifugus]	59463
XP_036201267.1	XP_070254751	98.225	169	169	169	100	1.53e-122	346	cytochrome c oxidase subunit 4 isoform 1, mitochondrial [Myotis yumanensis]	159337
XP_036201267.1	XP_080501909	97.633	169	169	169	100	4.73e-122	345	cytochrome c oxidase subunit 4 isoform 1, mitochondrial [Plecotus auritus]	61862
XP_036201267.1	XP_045438585	97.041	169	169	169	100	1.17e-121	344	cytochrome c oxidase subunit 4 isoform 1, mitochondrial isoform X1 [Pipistrellus kuhlii]	59472
XP_036201267.1	XP_036297300	97.041	169	169	169	100	1.17e-121	344	cytochrome c oxidase subunit 4 isoform 1, mitochondrial isoform X1 [Pipistrellus kuhlii]	59472
XP_036201267.1	XP_045438584	97.041	169	169	169	100	1.17e-121	344	cytochrome c oxidase subunit 4 isoform 1, mitochondrial isoform X1 [Pipistrellus kuhlii]	59472
XP_036201267.1	XP_036297299	97.041	169	169	169	100	1.17e-121	344	cytochrome c oxidase subunit 4 isoform 1, mitochondrial isoform X1 [Pipistrellus kuhlii]	59472
XP_036201267.1	XP_054566360	96.450	169	169	169	100	2.68e-121	343	cytochrome c oxidase subunit 4 isoform 1, mitochondrial [Eptesicus fuscus]	29078
XP_036201267.1	XP_054566359	96.450	169	169	169	100	2.68e-121	343	cytochrome c oxidase subunit 4 isoform 1, mitochondrial [Eptesicus fuscus]	29078
XP_036201267.1	XP_008137952	96.450	169	169	169	100	2.68e-121	343	cytochrome c oxidase subunit 4 isoform 1, mitochondrial [Eptesicus fuscus]	29078
XP_036201267.1	XP_079655871	96.450	169	169	169	100	2.68e-121	343	cytochrome c oxidase subunit 4 isoform 1, mitochondrial [Cnephaeus nilssonii]	3371016
XP_036201267.1	XP_016052713	95.858	169	169	169	100	9.35e-121	342	PREDICTED: cytochrome c oxidase subunit 4 isoform 1, mitochondrial [Miniopterus natalensis]	291302
XP_036201267.1	XP_080974538	95.266	169	169	169	100	3.89e-120	340	cytochrome c oxidase subunit 4 isoform 1, mitochondrial [Miniopterus schreibersii]	9433
XP_036201267.1	XP_036896142	94.675	169	169	169	100	1.23e-119	339	cytochrome c oxidase subunit 4 isoform 1, mitochondrial [Sturnira hondurensis]	192404
XP_036201267.1	XP_054444903	94.675	169	169	169	100	5.08e-119	337	cytochrome c oxidase subunit 4 isoform 1, mitochondrial [Pteronotus mesoamericanus]	1884717
XP_036201267.1	XP_054444902	94.675	169	169	169	100	5.08e-119	337	cytochrome c oxidase subunit 4 isoform 1, mitochondrial [Pteronotus mesoamericanus]	1884717
XP_036201267.1	XP_036131804	94.675	169	169	169	100	1.16e-118	337	cytochrome c oxidase subunit 4 isoform 1, mitochondrial [Molossus molossus]	27622
XP_036201267.1	XP_036131803	94.675	169	169	169	100	1.16e-118	337	cytochrome c oxidase subunit 4 isoform 1, mitochondrial [Molossus molossus]	27622
XP_036201267.1	XP_036998282	93.491	169	169	169	100	2.28e-118	336	cytochrome c oxidase subunit 4 isoform 1, mitochondrial [Artibeus jamaicensis]	9417
XP_036201267.1	XP_019490740	94.083	169	169	169	100	3.74e-118	335	PREDICTED: cytochrome c oxidase subunit 4 isoform 1, mitochondrial [Hipposideros armiger]	186990
XP_036201267.1	XP_045674920	93.491	169	169	169	100	4.76e-118	335	cytochrome c oxidase subunit 4 isoform 1, mitochondrial [Phyllostomus hastatus]	9423
XP_036201267.1	XP_035868203	93.491	169	169	169	100	4.76e-118	335	cytochrome c oxidase subunit 4 isoform 1, mitochondrial [Phyllostomus discolor]	89673
XP_036201267.1	XP_035868202	93.491	169	169	169	100	4.76e-118	335	cytochrome c oxidase subunit 4 isoform 1, mitochondrial [Phyllostomus discolor]	89673
XP_036201267.1	XP_028357573	93.491	169	169	169	100	4.76e-118	335	cytochrome c oxidase subunit 4 isoform 1, mitochondrial [Phyllostomus discolor]	89673
XP_036201267.1	XP_066098610	92.308	169	169	169	100	1.96e-117	333	cytochrome c oxidase subunit 4 isoform 1, mitochondrial [Saccopteryx bilineata]	59482
XP_036201267.1	XP_024411933	92.308	169	169	169	100	2.10e-117	333	cytochrome c oxidase subunit 4 isoform 1, mitochondrial [Desmodus rotundus]	9430
XP_036201267.1	XP_066204505	91.124	169	169	169	100	1.51e-116	331	cytochrome c oxidase subunit 4 isoform 1, mitochondrial [Saccopteryx leptura]	249018
XP_036201267.1	XP_006926797	92.308	169	169	169	100	3.29e-116	330	cytochrome c oxidase subunit 4 isoform 1, mitochondrial [Pteropus alecto]	9402
XP_036201267.1	XP_015984959	91.716	169	169	169	100	4.53e-116	330	cytochrome c oxidase subunit 4 isoform 1, mitochondrial [Rousettus aegyptiacus]	9407
XP_036201267.1	XP_011368565	91.716	169	169	169	100	6.22e-116	330	cytochrome c oxidase subunit 4 isoform 1, mitochondrial [Pteropus vampyrus]	132908
XP_036201267.1	XP_011368564	91.716	169	169	169	100	6.22e-116	330	cytochrome c oxidase subunit 4 isoform 1, mitochondrial [Pteropus vampyrus]	132908
XP_036201267.1	XP_039744675	91.716	169	169	169	100	6.22e-116	330	cytochrome c oxidase subunit 4 isoform 1, mitochondrial [Pteropus medius]	143291
XP_036201267.1	XP_039744674	91.716	169	169	169	100	6.22e-116	330	cytochrome c oxidase subunit 4 isoform 1, mitochondrial [Pteropus medius]	143291
XP_036201267.1	XP_039744673	91.716	169	169	169	100	6.22e-116	330	cytochrome c oxidase subunit 4 isoform 1, mitochondrial [Pteropus medius]	143291
XP_036201267.1	XP_019602675	91.716	169	169	169	100	7.10e-116	329	cytochrome c oxidase subunit 4 isoform 1, mitochondrial [Rhinolophus sinicus]	89399
XP_036201267.1	XP_080887495	91.124	169	169	169	100	8.74e-116	329	cytochrome c oxidase subunit 4 isoform 1, mitochondrial [Rhinolophus hipposideros]	77218
XP_036201267.1	XP_032983720	90.533	169	169	169	100	4.02e-115	328	cytochrome c oxidase subunit 4 isoform 1, mitochondrial [Rhinolophus ferrumequinum]	59479
XP_036201267.1	XP_036297304	97.222	144	169	167	85	3.24e-102	295	cytochrome c oxidase subunit 4 isoform 1, mitochondrial isoform X2 [Pipistrellus kuhlii]	59472
XP_036201267.1	XP_036274634	49.080	163	169	171	95	2.97e-51	166	cytochrome c oxidase subunit 4 isoform 2, mitochondrial [Pipistrellus kuhlii]	59472
XP_036201267.1	XP_045430542	49.080	163	169	171	95	2.97e-51	166	cytochrome c oxidase subunit 4 isoform 2, mitochondrial [Pipistrellus kuhlii]	59472
XP_036201267.1	XP_066240235	46.784	171	169	171	100	1.88e-50	164	cytochrome c oxidase subunit 4 isoform 2, mitochondrial isoform X2 [Saccopteryx leptura]	249018
XP_036201267.1	XP_066093142	46.784	171	169	171	100	3.17e-50	163	cytochrome c oxidase subunit 4 isoform 2, mitochondrial isoform X2 [Saccopteryx bilineata]	59482
XP_036201267.1	XP_008139193	50.000	160	169	171	95	6.38e-50	162	cytochrome c oxidase subunit 4 isoform 2, mitochondrial [Eptesicus fuscus]	29078
XP_036201267.1	XP_035865574	53.623	138	169	173	80	1.02e-49	162	cytochrome c oxidase subunit 4 isoform 2, mitochondrial [Phyllostomus discolor]	89673
XP_036201267.1	XP_024415624	52.899	138	169	171	80	1.10e-49	162	cytochrome c oxidase subunit 4 isoform 2, mitochondrial [Desmodus rotundus]	9430
XP_036201267.1	XP_036899700	47.561	164	169	171	95	1.21e-49	162	cytochrome c oxidase subunit 4 isoform 2, mitochondrial [Sturnira hondurensis]	192404
XP_036201267.1	XP_045689337	54.015	137	169	173	79	1.32e-49	162	cytochrome c oxidase subunit 4 isoform 2, mitochondrial [Phyllostomus hastatus]	9423
XP_036201267.1	XP_045689336	54.015	137	169	173	79	1.32e-49	162	cytochrome c oxidase subunit 4 isoform 2, mitochondrial [Phyllostomus hastatus]	9423
XP_036201267.1	XP_080954145	54.545	132	169	138	78	2.21e-49	160	cytochrome c oxidase subunit 4 isoform 2, mitochondrial isoform 2 [Myotis nattereri]	109481
XP_036201267.1	XP_036999070	45.665	173	169	173	100	2.54e-49	161	cytochrome c oxidase subunit 4 isoform 2, mitochondrial [Artibeus jamaicensis]	9417
XP_036201267.1	XP_080954144	54.545	132	169	171	78	3.99e-49	160	cytochrome c oxidase subunit 4 isoform 2, mitochondrial isoform 1 [Myotis nattereri]	109481
XP_036201267.1	XP_006767919	51.020	147	169	171	86	4.35e-49	160	PREDICTED: cytochrome c oxidase subunit 4 isoform 2, mitochondrial isoform X2 [Myotis davidii]	225400
XP_036201267.1	XP_006767918	51.020	147	169	171	86	4.35e-49	160	PREDICTED: cytochrome c oxidase subunit 4 isoform 2, mitochondrial isoform X2 [Myotis davidii]	225400
XP_036201267.1	XP_079640256	54.545	132	169	171	78	4.75e-49	160	cytochrome c oxidase subunit 4 isoform 2, mitochondrial isoform 1 [Cnephaeus nilssonii]	3371016
XP_036201267.1	XP_079640255	54.545	132	169	171	78	4.75e-49	160	cytochrome c oxidase subunit 4 isoform 2, mitochondrial isoform 1 [Cnephaeus nilssonii]	3371016
XP_036201267.1	XP_079640254	54.545	132	169	171	78	4.75e-49	160	cytochrome c oxidase subunit 4 isoform 2, mitochondrial isoform 1 [Cnephaeus nilssonii]	3371016
XP_036201267.1	XP_079640253	54.545	132	169	171	78	4.75e-49	160	cytochrome c oxidase subunit 4 isoform 2, mitochondrial isoform 1 [Cnephaeus nilssonii]	3371016
XP_036201267.1	XP_005879903	54.545	132	169	171	78	4.91e-49	160	PREDICTED: cytochrome c oxidase subunit 4 isoform 2, mitochondrial [Myotis brandtii]	109478
XP_036201267.1	XP_070277588	54.545	132	169	171	78	5.18e-49	160	cytochrome c oxidase subunit 4 isoform 2, mitochondrial [Myotis yumanensis]	159337
XP_036201267.1	XP_006089452	54.545	132	169	171	78	5.18e-49	160	cytochrome c oxidase subunit 4 isoform 2, mitochondrial [Myotis lucifugus]	59463
XP_036201267.1	XP_006089453	54.545	132	169	171	78	5.18e-49	160	cytochrome c oxidase subunit 4 isoform 2, mitochondrial [Myotis lucifugus]	59463
XP_036201267.1	XP_006921757	52.174	138	169	171	80	5.36e-49	160	cytochrome c oxidase subunit 4 isoform 2, mitochondrial [Pteropus alecto]	9402
XP_036201267.1	XP_015422120	54.545	132	169	176	78	7.27e-49	160	PREDICTED: cytochrome c oxidase subunit 4 isoform 2, mitochondrial isoform X1 [Myotis davidii]	225400
XP_036201267.1	XP_080540055	54.545	132	169	171	78	7.35e-49	160	cytochrome c oxidase subunit 4 isoform 2, mitochondrial [Plecotus auritus]	61862
XP_036201267.1	XP_036085436	52.174	138	169	171	80	9.55e-49	160	cytochrome c oxidase subunit 4 isoform 2, mitochondrial isoform X1 [Rousettus aegyptiacus]	9407
XP_036201267.1	XP_016004339	52.174	138	169	171	80	9.55e-49	160	cytochrome c oxidase subunit 4 isoform 2, mitochondrial isoform X1 [Rousettus aegyptiacus]	9407
XP_036201267.1	XP_016004338	52.174	138	169	171	80	9.55e-49	160	cytochrome c oxidase subunit 4 isoform 2, mitochondrial isoform X1 [Rousettus aegyptiacus]	9407
XP_036201267.1	XP_039719946	51.449	138	169	171	80	1.98e-48	159	cytochrome c oxidase subunit 4 isoform 2, mitochondrial [Pteropus medius]	143291
XP_036201267.1	XP_011378439	51.449	138	169	171	80	2.03e-48	159	cytochrome c oxidase subunit 4 isoform 2, mitochondrial [Pteropus vampyrus]	132908
XP_036201267.1	XP_036179382	50.340	147	169	171	86	2.47e-48	159	cytochrome c oxidase subunit 4 isoform 2, mitochondrial [Myotis myotis]	51298
XP_036201267.1	XP_016056069	48.148	162	169	171	95	2.60e-48	159	PREDICTED: cytochrome c oxidase subunit 4 isoform 2, mitochondrial [Miniopterus natalensis]	291302
XP_036201267.1	XP_081006050	48.148	162	169	171	95	2.60e-48	159	cytochrome c oxidase subunit 4 isoform 2, mitochondrial isoform 1 [Miniopterus schreibersii]	9433
XP_036201267.1	XP_081006049	48.148	162	169	171	95	2.60e-48	159	cytochrome c oxidase subunit 4 isoform 2, mitochondrial isoform 1 [Miniopterus schreibersii]	9433
XP_036201267.1	XP_054429424	51.449	138	169	171	80	3.24e-48	158	cytochrome c oxidase subunit 4 isoform 2, mitochondrial [Pteronotus mesoamericanus]	1884717
XP_036201267.1	XP_054429422	51.449	138	169	171	80	3.24e-48	158	cytochrome c oxidase subunit 4 isoform 2, mitochondrial [Pteronotus mesoamericanus]	1884717
XP_036201267.1	XP_074173741	51.449	138	169	138	80	5.03e-48	157	cytochrome c oxidase subunit 4 isoform 2, mitochondrial isoform X2 [Rhinolophus sinicus]	89399
XP_036201267.1	XP_059561815	53.788	132	169	171	78	5.07e-48	158	cytochrome c oxidase subunit 4 isoform 2, mitochondrial [Myotis daubentonii]	98922
XP_036201267.1	XP_019501378	46.626	163	169	171	95	8.46e-48	157	PREDICTED: cytochrome c oxidase subunit 4 isoform 2, mitochondrial isoform X2 [Hipposideros armiger]	186990
XP_036201267.1	XP_080889828	51.449	138	169	171	80	1.15e-47	157	cytochrome c oxidase subunit 4 isoform 2, mitochondrial [Rhinolophus hipposideros]	77218
XP_036201267.1	XP_074173740	51.449	138	169	171	80	1.15e-47	157	cytochrome c oxidase subunit 4 isoform 2, mitochondrial isoform X1 [Rhinolophus sinicus]	89399
XP_036201267.1	XP_019501377	51.449	138	169	226	80	1.38e-47	159	PREDICTED: cytochrome c oxidase subunit 4 isoform 2, mitochondrial isoform X1 [Hipposideros armiger]	186990
XP_036201267.1	XP_032950989	50.725	138	169	171	80	2.69e-47	156	cytochrome c oxidase subunit 4 isoform 2, mitochondrial [Rhinolophus ferrumequinum]	59479
XP_036201267.1	XP_036101234	47.205	161	169	171	95	1.20e-46	154	cytochrome c oxidase subunit 4 isoform 2, mitochondrial isoform X1 [Molossus molossus]	27622
XP_036201267.1	XP_066240236	52.000	100	169	157	58	8.71e-30	111	cytochrome c oxidase subunit 4 isoform 2, mitochondrial isoform X3 [Saccopteryx leptura]	249018
XP_036201267.1	XP_016004341	54.167	96	169	156	55	1.01e-29	110	cytochrome c oxidase subunit 4 isoform 2, mitochondrial isoform X2 [Rousettus aegyptiacus]	9407
XP_036201267.1	XP_016004340	54.167	96	169	156	55	1.01e-29	110	cytochrome c oxidase subunit 4 isoform 2, mitochondrial isoform X2 [Rousettus aegyptiacus]	9407
XP_036201267.1	XP_066240237	50.980	102	169	179	59	1.50e-29	111	cytochrome c oxidase subunit 4 isoform 2, mitochondrial isoform X1 [Saccopteryx leptura]	249018
XP_036201267.1	XP_066240234	50.980	102	169	179	59	1.50e-29	111	cytochrome c oxidase subunit 4 isoform 2, mitochondrial isoform X1 [Saccopteryx leptura]	249018
XP_036201267.1	XP_066240233	50.980	102	169	179	59	1.50e-29	111	cytochrome c oxidase subunit 4 isoform 2, mitochondrial isoform X1 [Saccopteryx leptura]	249018
XP_036201267.1	XP_066093141	50.980	102	169	179	59	2.66e-29	110	cytochrome c oxidase subunit 4 isoform 2, mitochondrial isoform X1 [Saccopteryx bilineata]	59482
XP_036201267.1	XP_066093140	50.980	102	169	179	59	2.66e-29	110	cytochrome c oxidase subunit 4 isoform 2, mitochondrial isoform X1 [Saccopteryx bilineata]	59482
XP_036201267.1	XP_066093139	50.980	102	169	179	59	2.66e-29	110	cytochrome c oxidase subunit 4 isoform 2, mitochondrial isoform X1 [Saccopteryx bilineata]	59482
XP_036201267.1	XP_036101235	46.552	116	169	155	68	1.13e-28	108	cytochrome c oxidase subunit 4 isoform 2, mitochondrial isoform X2 [Molossus molossus]	27622
