XP_036201523.1	XP_005862459	100.000	105	105	105	100	8.86e-74	218	PREDICTED: cytochrome c oxidase subunit 7A1, mitochondrial [Myotis brandtii]	109478
XP_036201523.1	XP_036201523	100.000	105	105	105	100	8.86e-74	218	cytochrome c oxidase subunit 7A1, mitochondrial [Myotis myotis]	51298
XP_036201523.1	XP_080964034	100.000	105	105	198	100	6.48e-73	219	uncharacterized protein AC0LNY_020303 isoform 2 [Myotis nattereri]	109481
XP_036201523.1	XP_059522717	99.048	105	105	105	100	8.99e-73	215	cytochrome c oxidase subunit 7A1, mitochondrial [Myotis daubentonii]	98922
XP_036201523.1	XP_070254574	99.048	105	105	105	100	1.16e-72	215	cytochrome c oxidase subunit 7A1, mitochondrial [Myotis yumanensis]	159337
XP_036201523.1	XP_006098686	98.095	105	105	105	100	1.63e-71	212	cytochrome c oxidase subunit 7A1, mitochondrial [Myotis lucifugus]	59463
XP_036201523.1	XP_006765108	100.000	80	105	80	76	1.45e-54	169	PREDICTED: cytochrome c oxidase subunit 7A1, mitochondrial [Myotis davidii]	225400
XP_036201523.1	XP_080499829	100.000	80	105	80	76	1.45e-54	169	cytochrome c oxidase subunit 7A1, mitochondrial [Plecotus auritus]	61862
XP_036201523.1	XP_008138068	98.750	80	105	80	76	3.72e-54	167	cytochrome c oxidase subunit 7A1, mitochondrial [Eptesicus fuscus]	29078
XP_036201523.1	XP_036296257	98.750	80	105	80	76	6.10e-54	167	cytochrome c oxidase subunit 7A1, mitochondrial [Pipistrellus kuhlii]	59472
XP_036201523.1	XP_045702666	92.500	80	105	80	76	1.17e-51	161	cytochrome c oxidase subunit 7A1, mitochondrial [Phyllostomus hastatus]	9423
XP_036201523.1	XP_028385998	92.500	80	105	80	76	1.17e-51	161	cytochrome c oxidase subunit 7A1, mitochondrial isoform X2 [Phyllostomus discolor]	89673
XP_036201523.1	XP_036895982	92.500	80	105	80	76	4.18e-51	160	cytochrome c oxidase subunit 7A1, mitochondrial isoform X2 [Sturnira hondurensis]	192404
XP_036201523.1	XP_054450882	90.000	80	105	80	76	2.86e-50	158	cytochrome c oxidase subunit 7A1, mitochondrial [Pteronotus mesoamericanus]	1884717
XP_036201523.1	XP_079655889	73.554	121	105	191	95	3.01e-50	161	cytochrome c oxidase subunit 7A1, mitochondrial [Cnephaeus nilssonii]	3371016
XP_036201523.1	XP_015975202	90.000	80	105	80	76	4.24e-50	157	cytochrome c oxidase subunit 7A1, mitochondrial isoform X3 [Rousettus aegyptiacus]	9407
XP_036201523.1	XP_019605542	90.000	80	105	80	76	4.48e-50	157	cytochrome c oxidase subunit 7A1, mitochondrial [Rhinolophus sinicus]	89399
XP_036201523.1	XP_032984457	88.750	80	105	80	76	6.79e-50	157	cytochrome c oxidase subunit 7A1, mitochondrial [Rhinolophus ferrumequinum]	59479
XP_036201523.1	XP_080889244	88.750	80	105	80	76	6.79e-50	157	cytochrome c oxidase subunit 7A1, mitochondrial [Rhinolophus hipposideros]	77218
XP_036201523.1	XP_066098698	88.750	80	105	80	76	8.01e-50	157	cytochrome c oxidase subunit 7A1, mitochondrial isoform X2 [Saccopteryx bilineata]	59482
XP_036201523.1	XP_011381845	90.000	80	105	80	76	8.75e-50	156	cytochrome c oxidase subunit 7A1, mitochondrial [Pteropus vampyrus]	132908
XP_036201523.1	XP_039706154	90.000	80	105	80	76	8.75e-50	156	cytochrome c oxidase subunit 7A1, mitochondrial isoform X2 [Pteropus medius]	143291
XP_036201523.1	XP_019480490	87.500	80	105	80	76	1.73e-49	155	PREDICTED: cytochrome c oxidase subunit 7A1, mitochondrial [Hipposideros armiger]	186990
XP_036201523.1	XP_066204723	87.500	80	105	80	76	1.75e-49	155	cytochrome c oxidase subunit 7A1, mitochondrial isoform X2 [Saccopteryx leptura]	249018
XP_036201523.1	XP_054445040	88.750	80	105	80	76	1.87e-49	155	cytochrome c oxidase subunit 7A1, mitochondrial isoform X1 [Pteronotus mesoamericanus]	1884717
XP_036201523.1	XP_037001865	88.750	80	105	80	76	2.80e-49	155	cytochrome c oxidase subunit 7A1, mitochondrial [Artibeus jamaicensis]	9417
XP_036201523.1	XP_016076474	87.500	80	105	80	76	9.36e-49	154	PREDICTED: cytochrome c oxidase subunit 7A1, mitochondrial [Miniopterus natalensis]	291302
XP_036201523.1	XP_036130640	88.750	80	105	80	76	1.39e-48	153	cytochrome c oxidase subunit 7A1, mitochondrial [Molossus molossus]	27622
XP_036201523.1	XP_080974574	86.250	80	105	80	76	2.51e-48	153	cytochrome c oxidase subunit 7A1, mitochondrial [Miniopterus schreibersii]	9433
XP_036201523.1	XP_036088137	88.312	77	105	96	73	9.25e-47	149	cytochrome c oxidase subunit 7A1, mitochondrial isoform X1 [Rousettus aegyptiacus]	9407
XP_036201523.1	XP_066098697	89.333	75	105	84	71	5.92e-46	147	cytochrome c oxidase subunit 7A1, mitochondrial isoform X1 [Saccopteryx bilineata]	59482
XP_036201523.1	XP_066204722	88.000	75	105	84	71	1.42e-45	146	cytochrome c oxidase subunit 7A1, mitochondrial isoform X1 [Saccopteryx leptura]	249018
XP_036201523.1	XP_028385997	93.651	63	105	91	60	6.84e-37	124	cytochrome c oxidase subunit 7A1, mitochondrial isoform X1 [Phyllostomus discolor]	89673
XP_036201523.1	XP_036895981	92.063	63	105	90	60	3.12e-36	122	cytochrome c oxidase subunit 7A1, mitochondrial isoform X1 [Sturnira hondurensis]	192404
XP_036201523.1	XP_036088138	88.889	63	105	98	60	7.35e-35	119	cytochrome c oxidase subunit 7A1, mitochondrial isoform X2 [Rousettus aegyptiacus]	9407
XP_036201523.1	XP_053774860	72.500	80	105	79	76	1.02e-34	118	LOW QUALITY PROTEIN: cytochrome c oxidase subunit 7A1, mitochondrial [Desmodus rotundus]	9430
XP_036201523.1	XP_039706153	88.889	63	105	98	60	1.91e-34	118	cytochrome c oxidase subunit 7A1, mitochondrial isoform X1 [Pteropus medius]	143291
XP_036201523.1	XP_054445042	87.302	63	105	95	60	2.83e-34	118	cytochrome c oxidase subunit 7A1, mitochondrial isoform X2 [Pteronotus mesoamericanus]	1884717
XP_036201523.1	XP_015454019	87.302	63	105	98	60	3.19e-34	118	cytochrome c oxidase subunit 7A1, mitochondrial [Pteropus alecto]	9402
XP_036201523.1	XP_028012835	52.439	82	105	83	78	2.47e-24	92.8	cytochrome c oxidase subunit 7A2, mitochondrial isoform X3 [Eptesicus fuscus]	29078
XP_036201523.1	XP_066217457	53.659	82	105	83	78	2.94e-24	92.4	cytochrome c oxidase subunit 7A2, mitochondrial isoform X2 [Saccopteryx leptura]	249018
XP_036201523.1	XP_066109090	53.659	82	105	83	78	2.94e-24	92.4	cytochrome c oxidase subunit 7A2, mitochondrial [Saccopteryx bilineata]	59482
XP_036201523.1	XP_015997171	53.659	82	105	83	78	5.73e-24	91.7	cytochrome c oxidase subunit 7A2, mitochondrial [Rousettus aegyptiacus]	9407
XP_036201523.1	XP_036269555	56.522	69	105	86	66	7.41e-24	91.7	cytochrome c oxidase subunit 7A2, mitochondrial isoform X1 [Pipistrellus kuhlii]	59472
XP_036201523.1	XP_036269556	56.522	69	105	83	66	8.04e-24	91.3	cytochrome c oxidase subunit 7A2, mitochondrial isoform X2 [Pipistrellus kuhlii]	59472
XP_036201523.1	XP_054577620	56.522	69	105	85	66	1.07e-23	91.3	cytochrome c oxidase subunit 7A2, mitochondrial isoform X1 [Eptesicus fuscus]	29078
XP_036201523.1	XP_080521494	56.522	69	105	83	66	1.26e-23	90.9	cytochrome c oxidase subunit 7A2, mitochondrial [Plecotus auritus]	61862
XP_036201523.1	XP_008140036	56.522	69	105	83	66	1.29e-23	90.9	cytochrome c oxidase subunit 7A2, mitochondrial isoform X2 [Eptesicus fuscus]	29078
XP_036201523.1	XP_079637325	56.522	69	105	83	66	1.40e-23	90.9	cytochrome c oxidase subunit 7A2, mitochondrial [Cnephaeus nilssonii]	3371016
XP_036201523.1	XP_011381860	52.439	82	105	83	78	2.43e-23	90.1	cytochrome c oxidase subunit 7A2, mitochondrial [Pteropus vampyrus]	132908
XP_036201523.1	XP_039709096	52.439	82	105	83	78	2.43e-23	90.1	cytochrome c oxidase subunit 7A2, mitochondrial [Pteropus medius]	143291
XP_036201523.1	XP_014391269	53.165	79	105	83	75	3.02e-23	89.7	PREDICTED: cytochrome c oxidase subunit 7A2, mitochondrial isoform X4 [Myotis brandtii]	109478
XP_036201523.1	XP_036173134	53.165	79	105	83	75	3.02e-23	89.7	cytochrome c oxidase subunit 7A2, mitochondrial isoform X2 [Myotis myotis]	51298
XP_036201523.1	XP_015424916	53.165	79	105	83	75	4.06e-23	89.7	PREDICTED: cytochrome c oxidase subunit 7A2, mitochondrial isoform X3 [Myotis davidii]	225400
XP_036201523.1	XP_019585166	51.220	82	105	83	78	5.69e-23	89.4	cytochrome c oxidase subunit 7A2, mitochondrial [Rhinolophus sinicus]	89399
XP_036201523.1	XP_080888995	51.220	82	105	83	78	6.42e-23	89.0	cytochrome c oxidase subunit 7A2, mitochondrial [Rhinolophus hipposideros]	77218
XP_036201523.1	XP_070274326	55.072	69	105	83	66	6.49e-23	89.0	cytochrome c oxidase subunit 7A2, mitochondrial [Myotis yumanensis]	159337
XP_036201523.1	XP_059557148	55.072	69	105	83	66	6.78e-23	89.0	cytochrome c oxidase subunit 7A2, mitochondrial isoform X2 [Myotis daubentonii]	98922
XP_036201523.1	XP_014391268	55.072	69	105	83	66	6.78e-23	89.0	PREDICTED: cytochrome c oxidase subunit 7A2, mitochondrial isoform X3 [Myotis brandtii]	109478
XP_036201523.1	XP_036173133	55.072	69	105	83	66	6.78e-23	89.0	cytochrome c oxidase subunit 7A2, mitochondrial isoform X1 [Myotis myotis]	51298
XP_036201523.1	XP_080950837	55.072	69	105	83	66	6.78e-23	89.0	cytochrome c oxidase subunit 7A2, mitochondrial [Myotis nattereri]	109481
XP_036201523.1	XP_054424814	51.220	82	105	83	78	6.85e-23	89.0	cytochrome c oxidase subunit 7A2, mitochondrial [Pteronotus mesoamericanus]	1884717
XP_036201523.1	XP_006772229	55.072	69	105	83	66	8.62e-23	88.6	PREDICTED: cytochrome c oxidase subunit 7A2, mitochondrial isoform X2 [Myotis davidii]	225400
XP_036201523.1	XP_032947292	51.220	82	105	83	78	8.81e-23	88.6	cytochrome c oxidase subunit 7A2, mitochondrial [Rhinolophus ferrumequinum]	59479
XP_036201523.1	XP_032959283	51.220	82	105	83	78	8.81e-23	88.6	cytochrome c oxidase subunit 7A2, mitochondrial [Rhinolophus ferrumequinum]	59479
XP_036201523.1	XP_006926438	51.220	82	105	83	78	8.91e-23	88.6	cytochrome c oxidase subunit 7A2, mitochondrial [Pteropus alecto]	9402
XP_036201523.1	XP_019507134	55.072	69	105	83	66	1.00e-22	88.6	PREDICTED: cytochrome c oxidase subunit 7A2, mitochondrial [Hipposideros armiger]	186990
XP_036201523.1	XP_036104371	55.072	69	105	83	66	1.47e-22	88.2	cytochrome c oxidase subunit 7A2, mitochondrial [Molossus molossus]	27622
XP_036201523.1	XP_054565306	55.072	69	105	88	66	2.08e-22	87.8	cytochrome c oxidase subunit 7A2, mitochondrial-like [Eptesicus fuscus]	29078
XP_036201523.1	XP_016062860	51.220	82	105	83	78	2.14e-22	87.8	PREDICTED: cytochrome c oxidase subunit 7A2, mitochondrial [Miniopterus natalensis]	291302
XP_036201523.1	XP_080997757	55.072	69	105	83	66	2.41e-22	87.4	cytochrome c oxidase subunit 7A2, mitochondrial [Miniopterus schreibersii]	9433
XP_036201523.1	XP_080515463	53.623	69	105	83	66	2.49e-22	87.4	cytochrome c oxidase subunit 7A2, mitochondrial-like [Plecotus auritus]	61862
XP_036201523.1	XP_024432385	50.000	82	105	83	78	2.69e-22	87.4	cytochrome c oxidase subunit 7A2, mitochondrial [Desmodus rotundus]	9430
XP_036201523.1	XP_059557147	55.072	69	105	106	66	2.99e-22	88.2	cytochrome c oxidase subunit 7A2, mitochondrial isoform X1 [Myotis daubentonii]	98922
XP_036201523.1	XP_005861501	55.072	69	105	115	66	3.07e-22	88.2	PREDICTED: cytochrome c oxidase subunit 7A2, mitochondrial isoform X1 [Myotis brandtii]	109478
XP_036201523.1	XP_037003325	50.000	82	105	83	78	3.17e-22	87.4	cytochrome c oxidase subunit 7A2, mitochondrial [Artibeus jamaicensis]	9417
XP_036201523.1	XP_036890225	50.000	82	105	83	78	3.17e-22	87.4	cytochrome c oxidase subunit 7A2, mitochondrial [Sturnira hondurensis]	192404
XP_036201523.1	XP_005861502	55.072	69	105	106	66	3.76e-22	87.8	PREDICTED: cytochrome c oxidase subunit 7A2, mitochondrial isoform X2 [Myotis brandtii]	109478
XP_036201523.1	XP_015424915	55.072	69	105	106	66	4.67e-22	87.4	PREDICTED: cytochrome c oxidase subunit 7A2, mitochondrial isoform X1 [Myotis davidii]	225400
XP_036201523.1	XP_045699851	48.780	82	105	83	78	9.76e-22	85.9	cytochrome c oxidase subunit 7A2, mitochondrial [Phyllostomus hastatus]	9423
XP_036201523.1	XP_080919404	48.780	82	105	83	78	1.01e-21	85.9	cytochrome c oxidase subunit 7A2, mitochondrial-like [Rhinolophus hipposideros]	77218
XP_036201523.1	XP_054572403	55.072	69	105	83	66	1.50e-21	85.5	LOW QUALITY PROTEIN: cytochrome c oxidase subunit 7A2, mitochondrial-like [Eptesicus fuscus]	29078
XP_036201523.1	XP_080534184	53.623	69	105	83	66	1.61e-21	85.5	cytochrome c oxidase subunit 7A2, mitochondrial-like [Plecotus auritus]	61862
XP_036201523.1	XP_028364468	48.780	82	105	83	78	1.86e-21	85.5	cytochrome c oxidase subunit 7A2, mitochondrial [Phyllostomus discolor]	89673
XP_036201523.1	XP_036897283	52.174	69	105	83	66	6.33e-21	84.0	cytochrome c oxidase subunit 7A2, mitochondrial-like [Sturnira hondurensis]	192404
XP_036201523.1	XP_036132944	52.174	69	105	83	66	8.15e-20	81.3	cytochrome c oxidase subunit 7A2, mitochondrial-like [Molossus molossus]	27622
XP_036201523.1	XP_039728368	52.174	69	105	83	66	1.60e-19	80.5	cytochrome c oxidase subunit 7A2, mitochondrial-like [Pteropus medius]	143291
XP_036201523.1	XP_079655084	52.174	69	105	105	66	2.04e-19	80.9	cytochrome c oxidase subunit 7A2, mitochondrial-like [Cnephaeus nilssonii]	3371016
XP_036201523.1	XP_036892851	46.341	82	105	83	78	4.73e-19	79.3	cytochrome c oxidase subunit 7A2, mitochondrial-like [Sturnira hondurensis]	192404
XP_036201523.1	XP_036079422	44.928	69	105	83	66	7.47e-17	73.6	cytochrome c oxidase subunit 7A2, mitochondrial-like [Rousettus aegyptiacus]	9407
XP_036201523.1	XP_080915034	46.575	73	105	78	70	1.87e-16	72.4	cytochrome c oxidase subunit 7A2, mitochondrial-like [Rhinolophus hipposideros]	77218
XP_036201523.1	XP_080534798	46.667	75	105	89	66	2.00e-16	72.8	cytochrome c oxidase subunit 7A2, mitochondrial-like [Plecotus auritus]	61862
XP_036201523.1	XP_066217456	48.101	79	105	88	75	1.63e-15	70.5	cytochrome c oxidase subunit 7A2, mitochondrial isoform X1 [Saccopteryx leptura]	249018
XP_036201523.1	XP_016071806	35.577	104	105	109	93	2.48e-13	65.5	PREDICTED: cytochrome c oxidase subunit 7A-related protein, mitochondrial, partial [Miniopterus natalensis]	291302
XP_036201523.1	XP_032981479	53.448	58	105	114	55	1.03e-12	63.9	cytochrome c oxidase subunit 7A-related protein, mitochondrial [Rhinolophus ferrumequinum]	59479
XP_036201523.1	XP_054584165	51.724	58	105	103	55	2.13e-12	62.8	cytochrome c oxidase subunit 7A-related protein, mitochondrial isoform X4 [Eptesicus fuscus]	29078
XP_036201523.1	XP_081011999	51.724	58	105	114	55	2.70e-12	62.8	cytochrome c oxidase subunit 7A2-like, mitochondrial [Miniopterus schreibersii]	9433
XP_036201523.1	XP_037017983	51.724	58	105	114	55	2.73e-12	62.8	cytochrome c oxidase subunit 7A-related protein, mitochondrial [Artibeus jamaicensis]	9417
XP_036201523.1	XP_080924944	51.724	58	105	114	55	2.91e-12	62.8	cytochrome c oxidase subunit 7A2-like, mitochondrial [Rhinolophus hipposideros]	77218
XP_036201523.1	XP_019612631	51.724	58	105	114	55	2.91e-12	62.8	cytochrome c oxidase subunit 7A2-like, mitochondrial [Rhinolophus sinicus]	89399
XP_036201523.1	XP_066234510	51.724	58	105	114	55	2.95e-12	62.8	cytochrome c oxidase subunit 7A-related protein, mitochondrial [Saccopteryx leptura]	249018
XP_036201523.1	XP_066123105	51.724	58	105	114	55	2.95e-12	62.8	cytochrome c oxidase subunit 7A-related protein, mitochondrial [Saccopteryx bilineata]	59482
XP_036201523.1	XP_036291047	51.724	58	105	114	55	4.12e-12	62.4	cytochrome c oxidase subunit 7A-related protein, mitochondrial [Pipistrellus kuhlii]	59472
XP_036201523.1	XP_080956751	51.724	58	105	114	55	4.64e-12	62.4	cytochrome c oxidase subunit 7A2-like, mitochondrial [Myotis nattereri]	109481
XP_036201523.1	XP_036922689	51.724	58	105	114	55	4.69e-12	62.4	cytochrome c oxidase subunit 7A2-like, mitochondrial [Sturnira hondurensis]	192404
XP_036201523.1	XP_070285203	51.724	58	105	114	55	4.95e-12	62.4	cytochrome c oxidase subunit 7A2-like, mitochondrial isoform X2 [Myotis yumanensis]	159337
XP_036201523.1	XP_059515982	51.724	58	105	114	55	4.95e-12	62.4	cytochrome c oxidase subunit 7A-related protein, mitochondrial isoform X2 [Myotis daubentonii]	98922
XP_036201523.1	XP_006778714	51.724	58	105	114	55	4.95e-12	62.4	PREDICTED: cytochrome c oxidase subunit 7A-related protein, mitochondrial [Myotis davidii]	225400
XP_036201523.1	XP_008160422	51.724	58	105	114	55	4.95e-12	62.4	cytochrome c oxidase subunit 7A-related protein, mitochondrial isoform X3 [Eptesicus fuscus]	29078
XP_036201523.1	XP_005864817	51.724	58	105	114	55	4.95e-12	62.4	PREDICTED: cytochrome c oxidase subunit 7A-related protein, mitochondrial [Myotis brandtii]	109478
XP_036201523.1	XP_036190637	51.724	58	105	114	55	4.95e-12	62.4	cytochrome c oxidase subunit 7A-related protein, mitochondrial isoform X2 [Myotis myotis]	51298
XP_036201523.1	XP_006083482	51.724	58	105	114	55	4.95e-12	62.4	cytochrome c oxidase subunit 7A-related protein, mitochondrial [Myotis lucifugus]	59463
XP_036201523.1	XP_080539275	51.724	58	105	114	55	4.95e-12	62.4	cytochrome c oxidase subunit 7A2-like, mitochondrial [Plecotus auritus]	61862
XP_036201523.1	XP_079648217	51.724	58	105	114	55	4.95e-12	62.4	cytochrome c oxidase subunit 7A2-like, mitochondrial [Cnephaeus nilssonii]	3371016
XP_036201523.1	XP_036118735	51.724	58	105	114	55	5.45e-12	62.0	cytochrome c oxidase subunit 7A-related protein, mitochondrial [Molossus molossus]	27622
XP_036201523.1	XP_015997732	50.000	58	105	114	55	7.70e-12	61.6	cytochrome c oxidase subunit 7A-related protein, mitochondrial [Rousettus aegyptiacus]	9407
XP_036201523.1	XP_054584164	51.724	58	105	145	55	8.17e-12	62.4	cytochrome c oxidase subunit 7A-related protein, mitochondrial isoform X2 [Eptesicus fuscus]	29078
XP_036201523.1	XP_045683961	50.877	57	105	114	54	8.40e-12	61.6	cytochrome c oxidase subunit 7A-related protein, mitochondrial [Phyllostomus hastatus]	9423
XP_036201523.1	XP_019503455	50.000	58	105	114	55	8.49e-12	61.6	PREDICTED: cytochrome c oxidase subunit 7A-related protein, mitochondrial isoform X1 [Hipposideros armiger]	186990
XP_036201523.1	XP_028371603	50.877	57	105	114	54	8.77e-12	61.6	cytochrome c oxidase subunit 7A-related protein, mitochondrial [Phyllostomus discolor]	89673
XP_036201523.1	XP_011359659	50.000	58	105	114	55	8.77e-12	61.6	cytochrome c oxidase subunit 7A-related protein, mitochondrial isoform X1 [Pteropus vampyrus]	132908
XP_036201523.1	XP_039743238	50.000	58	105	114	55	8.77e-12	61.6	cytochrome c oxidase subunit 7A2-like, mitochondrial isoform X1 [Pteropus medius]	143291
XP_036201523.1	XP_024408648	50.877	57	105	114	54	9.05e-12	61.6	cytochrome c oxidase subunit 7A2-like, mitochondrial [Desmodus rotundus]	9430
XP_036201523.1	XP_006909705	50.000	58	105	114	55	9.45e-12	61.6	cytochrome c oxidase subunit 7A-related protein, mitochondrial [Pteropus alecto]	9402
XP_036201523.1	XP_054584163	51.724	58	105	156	55	1.47e-11	62.0	cytochrome c oxidase subunit 7A-related protein, mitochondrial isoform X1 [Eptesicus fuscus]	29078
XP_036201523.1	XP_059515981	51.724	58	105	192	55	2.60e-11	62.0	uncharacterized protein LOC132213432 isoform X1 [Myotis daubentonii]	98922
XP_036201523.1	XP_036190636	51.724	58	105	192	55	2.60e-11	62.0	uncharacterized protein LOC118669062 isoform X1 [Myotis myotis]	51298
XP_036201523.1	XP_070285202	51.724	58	105	190	55	3.15e-11	61.6	cytochrome c oxidase subunit 7A2-like, mitochondrial isoform X1 [Myotis yumanensis]	159337
XP_036201523.1	XP_019503456	51.724	58	105	113	55	3.23e-11	60.1	PREDICTED: cytochrome c oxidase subunit 7A-related protein, mitochondrial isoform X2 [Hipposideros armiger]	186990
