XP_036167237.1	XP_036167238	100.000	772	772	772	100	0.0	1620	carnitine O-palmitoyltransferase 1, muscle isoform isoform X1 [Myotis myotis]	51298
XP_036167237.1	XP_036167237	100.000	772	772	772	100	0.0	1620	carnitine O-palmitoyltransferase 1, muscle isoform isoform X1 [Myotis myotis]	51298
XP_036167237.1	XP_059537248	98.586	778	772	778	100	0.0	1609	carnitine O-palmitoyltransferase 1, muscle isoform [Myotis daubentonii]	98922
XP_036167237.1	XP_059537247	98.586	778	772	778	100	0.0	1609	carnitine O-palmitoyltransferase 1, muscle isoform [Myotis daubentonii]	98922
XP_036167237.1	XP_006771154	98.715	778	772	778	100	0.0	1609	PREDICTED: carnitine O-palmitoyltransferase 1, muscle isoform [Myotis davidii]	225400
XP_036167237.1	XP_006771153	98.715	778	772	778	100	0.0	1609	PREDICTED: carnitine O-palmitoyltransferase 1, muscle isoform [Myotis davidii]	225400
XP_036167237.1	XP_080937137	98.715	778	772	778	100	0.0	1608	carnitine O-palmitoyltransferase 1, muscle isoform [Myotis nattereri]	109481
XP_036167237.1	XP_070267472	98.715	778	772	778	100	0.0	1607	carnitine O-palmitoyltransferase 1, muscle isoform [Myotis yumanensis]	159337
XP_036167237.1	XP_070267471	98.715	778	772	778	100	0.0	1607	carnitine O-palmitoyltransferase 1, muscle isoform [Myotis yumanensis]	159337
XP_036167237.1	XP_005868291	98.715	778	772	778	100	0.0	1607	PREDICTED: carnitine O-palmitoyltransferase 1, muscle isoform isoform X2 [Myotis brandtii]	109478
XP_036167237.1	XP_006106431	98.586	778	772	778	100	0.0	1606	carnitine O-palmitoyltransferase 1, muscle isoform isoform X1 [Myotis lucifugus]	59463
XP_036167237.1	XP_014396694	98.715	778	772	846	100	0.0	1604	PREDICTED: carnitine O-palmitoyltransferase 1, muscle isoform isoform X1 [Myotis brandtii]	109478
XP_036167237.1	XP_080515566	96.530	778	772	778	100	0.0	1576	carnitine O-palmitoyltransferase 1, muscle isoform 1 [Plecotus auritus]	61862
XP_036167237.1	XP_080515565	96.530	778	772	778	100	0.0	1576	carnitine O-palmitoyltransferase 1, muscle isoform 1 [Plecotus auritus]	61862
XP_036167237.1	XP_080515564	96.530	778	772	778	100	0.0	1576	carnitine O-palmitoyltransferase 1, muscle isoform 1 [Plecotus auritus]	61862
XP_036167237.1	XP_080515563	96.530	778	772	778	100	0.0	1576	carnitine O-palmitoyltransferase 1, muscle isoform 1 [Plecotus auritus]	61862
XP_036167237.1	XP_079631937	96.015	778	772	778	100	0.0	1570	carnitine O-palmitoyltransferase 1, muscle isoform [Cnephaeus nilssonii]	3371016
XP_036167237.1	XP_054575660	95.887	778	772	778	100	0.0	1568	carnitine O-palmitoyltransferase 1, muscle isoform [Eptesicus fuscus]	29078
XP_036167237.1	XP_054575659	95.887	778	772	778	100	0.0	1568	carnitine O-palmitoyltransferase 1, muscle isoform [Eptesicus fuscus]	29078
XP_036167237.1	XP_008153657	95.887	778	772	778	100	0.0	1568	carnitine O-palmitoyltransferase 1, muscle isoform [Eptesicus fuscus]	29078
XP_036167237.1	XP_036286038	95.244	778	772	778	100	0.0	1559	carnitine O-palmitoyltransferase 1, muscle isoform [Pipistrellus kuhlii]	59472
XP_036167237.1	XP_080983173	92.746	772	772	772	100	0.0	1522	carnitine O-palmitoyltransferase 1, muscle isoform [Miniopterus schreibersii]	9433
XP_036167237.1	XP_036134134	92.876	772	772	772	100	0.0	1519	carnitine O-palmitoyltransferase 1, muscle isoform [Molossus molossus]	27622
XP_036167237.1	XP_036134133	92.876	772	772	772	100	0.0	1519	carnitine O-palmitoyltransferase 1, muscle isoform [Molossus molossus]	27622
XP_036167237.1	XP_023602975	93.702	778	772	740	100	0.0	1506	carnitine O-palmitoyltransferase 1, muscle isoform isoform X2 [Myotis lucifugus]	59463
XP_036167237.1	XP_054426437	90.544	772	772	771	100	0.0	1486	carnitine O-palmitoyltransferase 1, muscle isoform [Pteronotus mesoamericanus]	1884717
XP_036167237.1	XP_045690807	90.026	772	772	772	100	0.0	1485	carnitine O-palmitoyltransferase 1, muscle isoform [Phyllostomus hastatus]	9423
XP_036167237.1	XP_045690806	90.026	772	772	772	100	0.0	1485	carnitine O-palmitoyltransferase 1, muscle isoform [Phyllostomus hastatus]	9423
XP_036167237.1	XP_035875705	89.896	772	772	772	100	0.0	1483	carnitine O-palmitoyltransferase 1, muscle isoform isoform X2 [Phyllostomus discolor]	89673
XP_036167237.1	XP_035875704	89.896	772	772	772	100	0.0	1483	carnitine O-palmitoyltransferase 1, muscle isoform isoform X1 [Phyllostomus discolor]	89673
XP_036167237.1	XP_028388542	89.896	772	772	772	100	0.0	1483	carnitine O-palmitoyltransferase 1, muscle isoform isoform X1 [Phyllostomus discolor]	89673
XP_036167237.1	XP_036904549	90.026	772	772	772	100	0.0	1479	carnitine O-palmitoyltransferase 1, muscle isoform [Sturnira hondurensis]	192404
XP_036167237.1	XP_036904540	90.026	772	772	772	100	0.0	1479	carnitine O-palmitoyltransferase 1, muscle isoform [Sturnira hondurensis]	192404
XP_036167237.1	XP_045043197	90.026	772	772	772	100	0.0	1478	carnitine O-palmitoyltransferase 1, muscle isoform [Desmodus rotundus]	9430
XP_036167237.1	XP_024435080	90.026	772	772	772	100	0.0	1478	carnitine O-palmitoyltransferase 1, muscle isoform [Desmodus rotundus]	9430
XP_036167237.1	XP_037016644	89.637	772	772	772	100	0.0	1477	carnitine O-palmitoyltransferase 1, muscle isoform [Artibeus jamaicensis]	9417
XP_036167237.1	XP_019524163	90.026	772	772	772	100	0.0	1477	PREDICTED: carnitine O-palmitoyltransferase 1, muscle isoform [Hipposideros armiger]	186990
XP_036167237.1	XP_066214893	89.508	772	772	772	100	0.0	1476	carnitine O-palmitoyltransferase 1, muscle isoform [Saccopteryx leptura]	249018
XP_036167237.1	XP_066214892	89.508	772	772	772	100	0.0	1476	carnitine O-palmitoyltransferase 1, muscle isoform [Saccopteryx leptura]	249018
XP_036167237.1	XP_066214891	89.508	772	772	772	100	0.0	1476	carnitine O-palmitoyltransferase 1, muscle isoform [Saccopteryx leptura]	249018
XP_036167237.1	XP_066110663	89.378	772	772	772	100	0.0	1474	carnitine O-palmitoyltransferase 1, muscle isoform [Saccopteryx bilineata]	59482
XP_036167237.1	XP_066110656	89.378	772	772	772	100	0.0	1474	carnitine O-palmitoyltransferase 1, muscle isoform [Saccopteryx bilineata]	59482
XP_036167237.1	XP_066110652	89.378	772	772	772	100	0.0	1474	carnitine O-palmitoyltransferase 1, muscle isoform [Saccopteryx bilineata]	59482
XP_036167237.1	XP_080917486	89.249	772	772	772	100	0.0	1474	carnitine O-palmitoyltransferase 1, muscle isoform 1 [Rhinolophus hipposideros]	77218
XP_036167237.1	XP_080917484	89.249	772	772	772	100	0.0	1474	carnitine O-palmitoyltransferase 1, muscle isoform 1 [Rhinolophus hipposideros]	77218
XP_036167237.1	XP_019573368	89.249	772	772	772	100	0.0	1474	carnitine O-palmitoyltransferase 1, muscle isoform [Rhinolophus sinicus]	89399
XP_036167237.1	XP_023602977	98.455	712	772	712	91	0.0	1470	carnitine O-palmitoyltransferase 1, muscle isoform isoform X3 [Myotis lucifugus]	59463
XP_036167237.1	XP_032973441	89.119	772	772	772	100	0.0	1468	carnitine O-palmitoyltransferase 1, muscle isoform [Rhinolophus ferrumequinum]	59479
XP_036167237.1	XP_080917488	88.472	772	772	765	100	0.0	1456	carnitine O-palmitoyltransferase 1, muscle isoform 2 [Rhinolophus hipposideros]	77218
XP_036167237.1	XP_080917487	88.472	772	772	765	100	0.0	1456	carnitine O-palmitoyltransferase 1, muscle isoform 2 [Rhinolophus hipposideros]	77218
XP_036167237.1	XP_036093694	87.226	775	772	775	100	0.0	1437	carnitine O-palmitoyltransferase 1, muscle isoform [Rousettus aegyptiacus]	9407
XP_036167237.1	XP_015980819	87.226	775	772	775	100	0.0	1437	carnitine O-palmitoyltransferase 1, muscle isoform [Rousettus aegyptiacus]	9407
XP_036167237.1	XP_011382436	87.694	772	772	772	100	0.0	1436	carnitine O-palmitoyltransferase 1, muscle isoform isoform X1 [Pteropus vampyrus]	132908
XP_036167237.1	XP_039718980	87.694	772	772	772	100	0.0	1436	carnitine O-palmitoyltransferase 1, muscle isoform [Pteropus medius]	143291
XP_036167237.1	XP_006917900	87.306	772	772	772	100	0.0	1431	carnitine O-palmitoyltransferase 1, muscle isoform isoform X2 [Pteropus alecto]	9402
XP_036167237.1	XP_036167239	100.000	676	772	700	88	0.0	1421	carnitine O-palmitoyltransferase 1, muscle isoform isoform X2 [Myotis myotis]	51298
XP_036167237.1	XP_016067165	92.598	716	772	952	93	0.0	1412	PREDICTED: carnitine O-palmitoyltransferase 1, muscle isoform [Miniopterus natalensis]	291302
XP_036167237.1	XP_023602978	98.201	667	772	676	86	0.0	1376	carnitine O-palmitoyltransferase 1, muscle isoform isoform X4 [Myotis lucifugus]	59463
XP_036167237.1	XP_080917490	89.235	706	772	706	91	0.0	1349	carnitine O-palmitoyltransferase 1, muscle isoform 3 [Rhinolophus hipposideros]	77218
XP_036167237.1	XP_080917489	89.235	706	772	706	91	0.0	1349	carnitine O-palmitoyltransferase 1, muscle isoform 3 [Rhinolophus hipposideros]	77218
XP_036167237.1	XP_080917493	89.759	664	772	664	86	0.0	1278	carnitine O-palmitoyltransferase 1, muscle isoform 5 [Rhinolophus hipposideros]	77218
XP_036167237.1	XP_080917492	89.806	618	772	666	86	0.0	1193	carnitine O-palmitoyltransferase 1, muscle isoform 4 [Rhinolophus hipposideros]	77218
XP_036167237.1	XP_080917492	87.234	47	772	666	86	7.01e-17	90.9	carnitine O-palmitoyltransferase 1, muscle isoform 4 [Rhinolophus hipposideros]	77218
XP_036167237.1	XP_080917491	89.806	618	772	666	86	0.0	1193	carnitine O-palmitoyltransferase 1, muscle isoform 4 [Rhinolophus hipposideros]	77218
XP_036167237.1	XP_080917491	87.234	47	772	666	86	7.01e-17	90.9	carnitine O-palmitoyltransferase 1, muscle isoform 4 [Rhinolophus hipposideros]	77218
XP_036167237.1	XP_080917485	88.835	618	772	659	86	0.0	1175	carnitine O-palmitoyltransferase 1, muscle isoform 6 [Rhinolophus hipposideros]	77218
XP_036167237.1	XP_080917485	87.234	47	772	659	86	7.54e-17	90.5	carnitine O-palmitoyltransferase 1, muscle isoform 6 [Rhinolophus hipposideros]	77218
XP_036167237.1	XP_023381221	76.067	773	772	735	100	0.0	1165	carnitine O-palmitoyltransferase 1, muscle isoform isoform X2 [Pteropus vampyrus]	132908
XP_036167237.1	XP_080919941	63.472	772	772	773	99	0.0	1048	carnitine O-palmitoyltransferase 1, liver isoform 1 [Rhinolophus hipposideros]	77218
XP_036167237.1	XP_080919940	63.472	772	772	773	99	0.0	1048	carnitine O-palmitoyltransferase 1, liver isoform 1 [Rhinolophus hipposideros]	77218
XP_036167237.1	XP_080919939	63.472	772	772	773	99	0.0	1048	carnitine O-palmitoyltransferase 1, liver isoform 1 [Rhinolophus hipposideros]	77218
XP_036167237.1	XP_080919938	63.472	772	772	773	99	0.0	1048	carnitine O-palmitoyltransferase 1, liver isoform 1 [Rhinolophus hipposideros]	77218
XP_036167237.1	XP_080919937	63.472	772	772	773	99	0.0	1048	carnitine O-palmitoyltransferase 1, liver isoform 1 [Rhinolophus hipposideros]	77218
XP_036167237.1	XP_032975839	63.342	772	772	773	99	0.0	1047	carnitine O-palmitoyltransferase 1, liver isoform [Rhinolophus ferrumequinum]	59479
XP_036167237.1	XP_036282966	63.506	770	772	773	99	0.0	1045	carnitine O-palmitoyltransferase 1, liver isoform isoform X3 [Pipistrellus kuhlii]	59472
XP_036167237.1	XP_036282964	63.506	770	772	782	99	0.0	1045	carnitine O-palmitoyltransferase 1, liver isoform isoform X1 [Pipistrellus kuhlii]	59472
XP_036167237.1	XP_080497801	63.601	772	772	773	99	0.0	1043	carnitine O-palmitoyltransferase 1, liver isoform [Plecotus auritus]	61862
XP_036167237.1	XP_019510245	63.212	772	772	773	99	0.0	1042	PREDICTED: carnitine O-palmitoyltransferase 1, liver isoform [Hipposideros armiger]	186990
XP_036167237.1	XP_019510244	63.212	772	772	773	99	0.0	1042	PREDICTED: carnitine O-palmitoyltransferase 1, liver isoform [Hipposideros armiger]	186990
XP_036167237.1	XP_045710814	63.625	767	772	773	99	0.0	1042	carnitine O-palmitoyltransferase 1, liver isoform [Phyllostomus hastatus]	9423
XP_036167237.1	XP_045710813	63.625	767	772	773	99	0.0	1042	carnitine O-palmitoyltransferase 1, liver isoform [Phyllostomus hastatus]	9423
XP_036167237.1	XP_028371191	62.973	767	772	773	99	0.0	1041	carnitine O-palmitoyltransferase 1, liver isoform [Phyllostomus discolor]	89673
XP_036167237.1	XP_028371192	62.973	767	772	773	99	0.0	1041	carnitine O-palmitoyltransferase 1, liver isoform [Phyllostomus discolor]	89673
XP_036167237.1	XP_074192948	62.953	772	772	773	99	0.0	1041	carnitine O-palmitoyltransferase 1, liver isoform [Rhinolophus sinicus]	89399
XP_036167237.1	XP_023603602	63.342	772	772	773	99	0.0	1040	carnitine O-palmitoyltransferase 1, liver isoform [Myotis lucifugus]	59463
XP_036167237.1	XP_014304557	63.342	772	772	773	99	0.0	1040	carnitine O-palmitoyltransferase 1, liver isoform [Myotis lucifugus]	59463
XP_036167237.1	XP_016068952	63.083	772	772	773	99	0.0	1040	PREDICTED: carnitine O-palmitoyltransferase 1, liver isoform [Miniopterus natalensis]	291302
XP_036167237.1	XP_054580699	63.494	767	772	773	99	0.0	1040	carnitine O-palmitoyltransferase 1, liver isoform [Eptesicus fuscus]	29078
XP_036167237.1	XP_079643043	63.494	767	772	773	99	0.0	1039	carnitine O-palmitoyltransferase 1, liver isoform 1 [Cnephaeus nilssonii]	3371016
XP_036167237.1	XP_079643042	63.494	767	772	773	99	0.0	1039	carnitine O-palmitoyltransferase 1, liver isoform 1 [Cnephaeus nilssonii]	3371016
XP_036167237.1	XP_059565826	63.342	772	772	773	99	0.0	1039	carnitine O-palmitoyltransferase 1, liver isoform isoform X1 [Myotis daubentonii]	98922
XP_036167237.1	XP_081011117	63.083	772	772	773	99	0.0	1038	carnitine O-palmitoyltransferase 1, liver isoform 1 [Miniopterus schreibersii]	9433
XP_036167237.1	XP_081011116	63.083	772	772	773	99	0.0	1038	carnitine O-palmitoyltransferase 1, liver isoform 1 [Miniopterus schreibersii]	9433
XP_036167237.1	XP_081011115	63.083	772	772	773	99	0.0	1038	carnitine O-palmitoyltransferase 1, liver isoform 1 [Miniopterus schreibersii]	9433
XP_036167237.1	XP_081011114	63.083	772	772	773	99	0.0	1038	carnitine O-palmitoyltransferase 1, liver isoform 1 [Miniopterus schreibersii]	9433
XP_036167237.1	XP_066108361	62.549	769	772	776	99	0.0	1037	carnitine O-palmitoyltransferase 1, liver isoform [Saccopteryx bilineata]	59482
XP_036167237.1	XP_036114085	63.377	770	772	773	99	0.0	1037	carnitine O-palmitoyltransferase 1, liver isoform isoform X1 [Molossus molossus]	27622
XP_036167237.1	XP_036114082	63.377	770	772	773	99	0.0	1037	carnitine O-palmitoyltransferase 1, liver isoform isoform X1 [Molossus molossus]	27622
XP_036167237.1	XP_036114081	63.377	770	772	773	99	0.0	1037	carnitine O-palmitoyltransferase 1, liver isoform isoform X1 [Molossus molossus]	27622
XP_036167237.1	XP_014393619	63.212	772	772	773	99	0.0	1036	PREDICTED: carnitine O-palmitoyltransferase 1, liver isoform [Myotis brandtii]	109478
XP_036167237.1	XP_005864423	63.212	772	772	773	99	0.0	1036	PREDICTED: carnitine O-palmitoyltransferase 1, liver isoform [Myotis brandtii]	109478
XP_036167237.1	XP_066239900	62.419	769	772	776	99	0.0	1035	carnitine O-palmitoyltransferase 1, liver isoform [Saccopteryx leptura]	249018
XP_036167237.1	XP_054426746	62.190	767	772	773	99	0.0	1032	carnitine O-palmitoyltransferase 1, liver isoform [Pteronotus mesoamericanus]	1884717
XP_036167237.1	XP_054426745	62.190	767	772	773	99	0.0	1032	carnitine O-palmitoyltransferase 1, liver isoform [Pteronotus mesoamericanus]	1884717
XP_036167237.1	XP_054426744	62.190	767	772	773	99	0.0	1032	carnitine O-palmitoyltransferase 1, liver isoform [Pteronotus mesoamericanus]	1884717
XP_036167237.1	XP_006911062	62.451	767	772	773	99	0.0	1030	carnitine O-palmitoyltransferase 1, liver isoform [Pteropus alecto]	9402
XP_036167237.1	XP_053779888	62.060	767	772	773	99	0.0	1029	carnitine O-palmitoyltransferase 1, liver isoform [Desmodus rotundus]	9430
XP_036167237.1	XP_053779887	62.060	767	772	773	99	0.0	1029	carnitine O-palmitoyltransferase 1, liver isoform [Desmodus rotundus]	9430
XP_036167237.1	XP_036182262	63.212	772	772	773	99	0.0	1028	carnitine O-palmitoyltransferase 1, liver isoform isoform X1 [Myotis myotis]	51298
XP_036167237.1	XP_036182261	63.212	772	772	773	99	0.0	1028	carnitine O-palmitoyltransferase 1, liver isoform isoform X1 [Myotis myotis]	51298
XP_036167237.1	XP_080955554	63.212	772	772	773	99	0.0	1028	carnitine O-palmitoyltransferase 1, liver isoform [Myotis nattereri]	109481
XP_036167237.1	XP_036991099	62.190	767	772	773	99	0.0	1026	carnitine O-palmitoyltransferase 1, liver isoform [Artibeus jamaicensis]	9417
XP_036167237.1	XP_036991100	62.190	767	772	773	99	0.0	1026	carnitine O-palmitoyltransferase 1, liver isoform [Artibeus jamaicensis]	9417
XP_036167237.1	XP_036918461	62.208	770	772	773	99	0.0	1025	carnitine O-palmitoyltransferase 1, liver isoform [Sturnira hondurensis]	192404
XP_036167237.1	XP_036918460	62.208	770	772	773	99	0.0	1025	carnitine O-palmitoyltransferase 1, liver isoform [Sturnira hondurensis]	192404
XP_036167237.1	XP_036918459	62.208	770	772	773	99	0.0	1025	carnitine O-palmitoyltransferase 1, liver isoform [Sturnira hondurensis]	192404
XP_036167237.1	XP_015987244	61.669	767	772	773	99	0.0	1017	carnitine O-palmitoyltransferase 1, liver isoform [Rousettus aegyptiacus]	9407
XP_036167237.1	XP_039696557	62.060	767	772	771	99	0.0	1016	LOW QUALITY PROTEIN: carnitine O-palmitoyltransferase 1, liver isoform [Pteropus medius]	143291
XP_036167237.1	XP_070282385	59.950	799	772	784	99	0.0	980	LOW QUALITY PROTEIN: carnitine O-palmitoyltransferase 1, liver isoform [Myotis yumanensis]	159337
XP_036167237.1	XP_036114083	60.779	770	772	739	99	0.0	976	carnitine O-palmitoyltransferase 1, liver isoform isoform X2 [Molossus molossus]	27622
XP_036167237.1	XP_036282965	60.390	770	772	744	99	0.0	974	carnitine O-palmitoyltransferase 1, liver isoform isoform X2 [Pipistrellus kuhlii]	59472
XP_036167237.1	XP_059565827	60.363	772	772	735	99	0.0	974	carnitine O-palmitoyltransferase 1, liver isoform isoform X2 [Myotis daubentonii]	98922
XP_036167237.1	XP_036182264	60.233	772	772	735	99	0.0	964	carnitine O-palmitoyltransferase 1, liver isoform isoform X3 [Myotis myotis]	51298
XP_036167237.1	XP_036182263	59.974	772	772	747	99	0.0	958	carnitine O-palmitoyltransferase 1, liver isoform isoform X2 [Myotis myotis]	51298
XP_036167237.1	XP_015424435	58.951	782	772	751	99	0.0	952	PREDICTED: carnitine O-palmitoyltransferase 1, liver isoform [Myotis davidii]	225400
XP_036167237.1	XP_036114084	58.831	770	772	728	99	0.0	949	carnitine O-palmitoyltransferase 1, liver isoform isoform X3 [Molossus molossus]	27622
XP_036167237.1	XP_006905080	52.727	770	772	802	99	0.0	831	carnitine O-palmitoyltransferase 1, brain isoform isoform X1 [Pteropus alecto]	9402
XP_036167237.1	XP_036087718	52.727	770	772	802	99	0.0	828	carnitine O-palmitoyltransferase 1, brain isoform isoform X2 [Rousettus aegyptiacus]	9407
XP_036167237.1	XP_015978001	52.727	770	772	802	99	0.0	828	carnitine O-palmitoyltransferase 1, brain isoform isoform X2 [Rousettus aegyptiacus]	9407
XP_036167237.1	XP_036087716	52.727	770	772	825	99	0.0	828	carnitine O-palmitoyltransferase 1, brain isoform isoform X1 [Rousettus aegyptiacus]	9407
XP_036167237.1	XP_036130711	52.338	770	772	804	99	0.0	826	carnitine O-palmitoyltransferase 1, brain isoform [Molossus molossus]	27622
XP_036167237.1	XP_039734562	52.597	770	772	801	99	0.0	824	palmitoyl thioesterase CPT1C isoform X1 [Pteropus medius]	143291
XP_036167237.1	XP_039734561	52.597	770	772	801	99	0.0	824	palmitoyl thioesterase CPT1C isoform X1 [Pteropus medius]	143291
XP_036167237.1	XP_054444518	52.282	767	772	803	99	0.0	823	palmitoyl thioesterase CPT1C isoform X1 [Pteronotus mesoamericanus]	1884717
XP_036167237.1	XP_070258098	52.536	769	772	790	99	0.0	820	palmitoyl thioesterase CPT1C isoform X2 [Myotis yumanensis]	159337
XP_036167237.1	XP_080964587	52.536	769	772	790	99	0.0	820	palmitoyl thioesterase CPT1C isoform 2 [Myotis nattereri]	109481
XP_036167237.1	XP_080964586	52.536	769	772	790	99	0.0	820	palmitoyl thioesterase CPT1C isoform 2 [Myotis nattereri]	109481
XP_036167237.1	XP_070258097	52.659	771	772	792	99	0.0	820	palmitoyl thioesterase CPT1C isoform X1 [Myotis yumanensis]	159337
XP_036167237.1	XP_070258096	52.659	771	772	792	99	0.0	820	palmitoyl thioesterase CPT1C isoform X1 [Myotis yumanensis]	159337
XP_036167237.1	XP_045712362	52.412	767	772	803	99	0.0	820	carnitine O-palmitoyltransferase 1, brain isoform [Phyllostomus hastatus]	9423
XP_036167237.1	XP_080964585	52.659	771	772	792	99	0.0	819	palmitoyl thioesterase CPT1C isoform 1 [Myotis nattereri]	109481
XP_036167237.1	XP_079615645	53.056	769	772	790	99	0.0	819	palmitoyl thioesterase CPT1C [Cnephaeus nilssonii]	3371016
XP_036167237.1	XP_080500784	52.796	769	772	790	99	0.0	819	palmitoyl thioesterase CPT1C isoform 2 [Plecotus auritus]	61862
XP_036167237.1	XP_080500783	52.796	769	772	790	99	0.0	819	palmitoyl thioesterase CPT1C isoform 2 [Plecotus auritus]	61862
XP_036167237.1	XP_024422180	52.282	767	772	803	99	0.0	818	palmitoyl thioesterase CPT1C isoform X3 [Desmodus rotundus]	9430
XP_036167237.1	XP_066230126	52.542	767	772	801	99	0.0	818	palmitoyl thioesterase CPT1C isoform X4 [Saccopteryx leptura]	249018
XP_036167237.1	XP_066230124	52.666	769	772	803	99	0.0	818	palmitoyl thioesterase CPT1C isoform X2 [Saccopteryx leptura]	249018
XP_036167237.1	XP_036163142	52.536	769	772	790	99	0.0	818	carnitine O-palmitoyltransferase 1, brain isoform isoform X6 [Myotis myotis]	51298
XP_036167237.1	XP_045056368	52.406	769	772	805	99	0.0	818	palmitoyl thioesterase CPT1C isoform X2 [Desmodus rotundus]	9430
XP_036167237.1	XP_054566443	52.796	769	772	790	99	0.0	818	carnitine O-palmitoyltransferase 1, brain isoform [Eptesicus fuscus]	29078
XP_036167237.1	XP_080500782	52.918	771	772	792	99	0.0	818	palmitoyl thioesterase CPT1C isoform 1 [Plecotus auritus]	61862
XP_036167237.1	XP_080500781	52.918	771	772	792	99	0.0	818	palmitoyl thioesterase CPT1C isoform 1 [Plecotus auritus]	61862
XP_036167237.1	XP_036163141	52.659	771	772	792	99	0.0	818	carnitine O-palmitoyltransferase 1, brain isoform isoform X5 [Myotis myotis]	51298
XP_036167237.1	XP_059521291	52.536	769	772	790	99	0.0	817	carnitine O-palmitoyltransferase 1, brain isoform isoform X2 [Myotis daubentonii]	98922
XP_036167237.1	XP_066127615	52.412	767	772	804	99	0.0	817	palmitoyl thioesterase CPT1C isoform X4 [Saccopteryx bilineata]	59482
XP_036167237.1	XP_059521290	52.659	771	772	792	99	0.0	816	carnitine O-palmitoyltransferase 1, brain isoform isoform X1 [Myotis daubentonii]	98922
XP_036167237.1	XP_059521289	52.659	771	772	792	99	0.0	816	carnitine O-palmitoyltransferase 1, brain isoform isoform X1 [Myotis daubentonii]	98922
XP_036167237.1	XP_059521288	52.659	771	772	792	99	0.0	816	carnitine O-palmitoyltransferase 1, brain isoform isoform X1 [Myotis daubentonii]	98922
XP_036167237.1	XP_066127613	52.536	769	772	806	99	0.0	816	palmitoyl thioesterase CPT1C isoform X2 [Saccopteryx bilineata]	59482
XP_036167237.1	XP_066230125	52.474	768	772	802	99	0.0	814	palmitoyl thioesterase CPT1C isoform X3 [Saccopteryx leptura]	249018
XP_036167237.1	XP_036996771	51.890	767	772	803	99	0.0	814	carnitine O-palmitoyltransferase 1, brain isoform [Artibeus jamaicensis]	9417
XP_036167237.1	XP_036996770	51.890	767	772	803	99	0.0	814	carnitine O-palmitoyltransferase 1, brain isoform [Artibeus jamaicensis]	9417
XP_036167237.1	XP_066230123	52.597	770	772	804	99	0.0	813	palmitoyl thioesterase CPT1C isoform X1 [Saccopteryx leptura]	249018
XP_036167237.1	XP_080975864	51.499	767	772	822	99	0.0	813	palmitoyl thioesterase CPT1C [Miniopterus schreibersii]	9433
XP_036167237.1	XP_019513945	51.953	768	772	804	99	0.0	813	PREDICTED: carnitine O-palmitoyltransferase 1, brain isoform [Hipposideros armiger]	186990
XP_036167237.1	XP_019513944	51.953	768	772	804	99	0.0	813	PREDICTED: carnitine O-palmitoyltransferase 1, brain isoform [Hipposideros armiger]	186990
XP_036167237.1	XP_019513943	51.953	768	772	804	99	0.0	813	PREDICTED: carnitine O-palmitoyltransferase 1, brain isoform [Hipposideros armiger]	186990
XP_036167237.1	XP_066127614	52.344	768	772	805	99	0.0	812	palmitoyl thioesterase CPT1C isoform X3 [Saccopteryx bilineata]	59482
XP_036167237.1	XP_066127612	52.468	770	772	807	99	0.0	812	palmitoyl thioesterase CPT1C isoform X1 [Saccopteryx bilineata]	59482
XP_036167237.1	XP_028385622	51.760	767	772	803	99	0.0	811	carnitine O-palmitoyltransferase 1, brain isoform isoform X2 [Phyllostomus discolor]	89673
XP_036167237.1	XP_035868467	51.886	769	772	805	99	0.0	810	carnitine O-palmitoyltransferase 1, brain isoform isoform X1 [Phyllostomus discolor]	89673
XP_036167237.1	XP_035868466	51.886	769	772	805	99	0.0	810	carnitine O-palmitoyltransferase 1, brain isoform isoform X1 [Phyllostomus discolor]	89673
XP_036167237.1	XP_032984038	52.021	767	772	802	99	0.0	804	carnitine O-palmitoyltransferase 1, brain isoform [Rhinolophus ferrumequinum]	59479
XP_036167237.1	XP_032984037	52.021	767	772	802	99	0.0	804	carnitine O-palmitoyltransferase 1, brain isoform [Rhinolophus ferrumequinum]	59479
XP_036167237.1	XP_032984036	52.021	767	772	802	99	0.0	804	carnitine O-palmitoyltransferase 1, brain isoform [Rhinolophus ferrumequinum]	59479
XP_036167237.1	XP_053772001	51.558	770	772	806	99	0.0	804	palmitoyl thioesterase CPT1C isoform X1 [Desmodus rotundus]	9430
XP_036167237.1	XP_019597171	52.021	767	772	802	99	0.0	804	palmitoyl thioesterase CPT1C isoform X1 [Rhinolophus sinicus]	89399
XP_036167237.1	XP_074172180	52.021	767	772	802	99	0.0	804	palmitoyl thioesterase CPT1C isoform X1 [Rhinolophus sinicus]	89399
XP_036167237.1	XP_019597170	52.021	767	772	802	99	0.0	804	palmitoyl thioesterase CPT1C isoform X1 [Rhinolophus sinicus]	89399
XP_036167237.1	XP_074172179	52.021	767	772	802	99	0.0	804	palmitoyl thioesterase CPT1C isoform X1 [Rhinolophus sinicus]	89399
XP_036167237.1	XP_019597169	52.021	767	772	802	99	0.0	804	palmitoyl thioesterase CPT1C isoform X1 [Rhinolophus sinicus]	89399
XP_036167237.1	XP_080888160	52.021	767	772	802	99	0.0	803	palmitoyl thioesterase CPT1C isoform 1 [Rhinolophus hipposideros]	77218
XP_036167237.1	XP_080888159	52.021	767	772	802	99	0.0	803	palmitoyl thioesterase CPT1C isoform 1 [Rhinolophus hipposideros]	77218
XP_036167237.1	XP_080964589	51.886	769	772	779	99	0.0	802	palmitoyl thioesterase CPT1C isoform 4 [Myotis nattereri]	109481
XP_036167237.1	XP_080964588	51.625	769	772	782	99	0.0	798	palmitoyl thioesterase CPT1C isoform 3 [Myotis nattereri]	109481
XP_036167237.1	XP_070258099	51.751	771	772	784	99	0.0	796	palmitoyl thioesterase CPT1C isoform X3 [Myotis yumanensis]	159337
XP_036167237.1	XP_036163138	49.631	814	772	835	99	0.0	796	carnitine O-palmitoyltransferase 1, brain isoform isoform X2 [Myotis myotis]	51298
XP_036167237.1	XP_070258100	51.621	771	772	783	99	0.0	795	palmitoyl thioesterase CPT1C isoform X4 [Myotis yumanensis]	159337
XP_036167237.1	XP_036163137	49.755	816	772	837	99	0.0	795	carnitine O-palmitoyltransferase 1, brain isoform isoform X1 [Myotis myotis]	51298
XP_036167237.1	XP_036163136	49.755	816	772	837	99	0.0	795	carnitine O-palmitoyltransferase 1, brain isoform isoform X1 [Myotis myotis]	51298
XP_036167237.1	XP_036281610	51.630	767	772	800	99	0.0	790	carnitine O-palmitoyltransferase 1, brain isoform isoform X3 [Pipistrellus kuhlii]	59472
XP_036167237.1	XP_045433093	51.756	769	772	802	99	0.0	790	carnitine O-palmitoyltransferase 1, brain isoform isoform X1 [Pipistrellus kuhlii]	59472
XP_036167237.1	XP_036281607	51.756	769	772	802	99	0.0	790	carnitine O-palmitoyltransferase 1, brain isoform isoform X1 [Pipistrellus kuhlii]	59472
XP_036167237.1	XP_019597172	52.005	748	772	769	97	0.0	780	palmitoyl thioesterase CPT1C isoform X2 [Rhinolophus sinicus]	89399
XP_036167237.1	XP_036163139	48.897	816	772	829	99	0.0	773	carnitine O-palmitoyltransferase 1, brain isoform isoform X3 [Myotis myotis]	51298
XP_036167237.1	XP_024904059	54.613	672	772	719	87	0.0	768	carnitine O-palmitoyltransferase 1, brain isoform isoform X3 [Pteropus alecto]	9402
XP_036167237.1	XP_015978002	54.613	672	772	719	87	0.0	764	carnitine O-palmitoyltransferase 1, brain isoform isoform X4 [Rousettus aegyptiacus]	9407
XP_036167237.1	XP_039734564	54.464	672	772	718	87	0.0	760	palmitoyl thioesterase CPT1C isoform X3 [Pteropus medius]	143291
XP_036167237.1	XP_080500786	50.065	769	772	764	99	0.0	756	palmitoyl thioesterase CPT1C isoform 4 [Plecotus auritus]	61862
XP_036167237.1	XP_080500785	50.195	771	772	766	99	0.0	755	palmitoyl thioesterase CPT1C isoform 3 [Plecotus auritus]	61862
XP_036167237.1	XP_066230127	50.065	769	772	765	99	0.0	753	palmitoyl thioesterase CPT1C isoform X5 [Saccopteryx leptura]	249018
XP_036167237.1	XP_054444519	49.022	767	772	752	99	0.0	746	palmitoyl thioesterase CPT1C isoform X2 [Pteronotus mesoamericanus]	1884717
XP_036167237.1	XP_036087719	48.831	770	772	770	99	0.0	734	carnitine O-palmitoyltransferase 1, brain isoform isoform X3 [Rousettus aegyptiacus]	9407
XP_036167237.1	XP_036163140	47.181	816	772	811	99	0.0	733	carnitine O-palmitoyltransferase 1, brain isoform isoform X4 [Myotis myotis]	51298
XP_036167237.1	XP_066230129	48.828	768	772	751	99	0.0	731	palmitoyl thioesterase CPT1C isoform X6 [Saccopteryx leptura]	249018
XP_036167237.1	XP_066127617	48.508	771	772	754	99	0.0	729	palmitoyl thioesterase CPT1C isoform X5 [Saccopteryx bilineata]	59482
XP_036167237.1	XP_024906841	85.185	405	772	885	100	0.0	725	carnitine O-palmitoyltransferase 1, muscle isoform isoform X1 [Pteropus alecto]	9402
XP_036167237.1	XP_024906841	86.719	384	772	885	100	0.0	712	carnitine O-palmitoyltransferase 1, muscle isoform isoform X1 [Pteropus alecto]	9402
XP_036167237.1	XP_024906842	85.185	405	772	664	58	0.0	724	carnitine O-palmitoyltransferase 1, muscle isoform isoform X3 [Pteropus alecto]	9402
XP_036167237.1	XP_024906842	79.032	62	772	664	58	6.88e-23	109	carnitine O-palmitoyltransferase 1, muscle isoform isoform X3 [Pteropus alecto]	9402
XP_036167237.1	XP_074172182	48.110	767	772	747	99	0.0	711	palmitoyl thioesterase CPT1C isoform X3 [Rhinolophus sinicus]	89399
XP_036167237.1	XP_045433094	47.854	769	772	747	99	0.0	698	carnitine O-palmitoyltransferase 1, brain isoform isoform X2 [Pipistrellus kuhlii]	59472
XP_036167237.1	XP_015420930	47.417	755	772	770	97	0.0	680	PREDICTED: carnitine O-palmitoyltransferase 1, brain isoform [Myotis davidii]	225400
XP_036167237.1	XP_016061429	54.389	581	772	893	95	0.0	668	PREDICTED: carnitine O-palmitoyltransferase 1, brain isoform [Miniopterus natalensis]	291302
XP_036167237.1	XP_016061429	40.132	152	772	893	95	1.49e-23	112	PREDICTED: carnitine O-palmitoyltransferase 1, brain isoform [Miniopterus natalensis]	291302
XP_036167237.1	XP_015448137	55.072	552	772	722	91	0.0	636	carnitine O-palmitoyltransferase 1, brain isoform isoform X2 [Pteropus alecto]	9402
XP_036167237.1	XP_015448137	40.789	152	772	722	91	3.95e-25	117	carnitine O-palmitoyltransferase 1, brain isoform isoform X2 [Pteropus alecto]	9402
XP_036167237.1	XP_023375934	56.052	537	772	818	69	0.0	636	carnitine O-palmitoyltransferase 1, brain isoform [Pteropus vampyrus]	132908
XP_036167237.1	XP_039734563	54.891	552	772	721	91	0.0	628	palmitoyl thioesterase CPT1C isoform X2 [Pteropus medius]	143291
XP_036167237.1	XP_039734563	40.789	152	772	721	91	3.87e-25	117	palmitoyl thioesterase CPT1C isoform X2 [Pteropus medius]	143291
XP_036167237.1	XP_006108670	51.875	480	772	476	62	4.42e-166	493	carnitine O-palmitoyltransferase 1, brain isoform, partial [Myotis lucifugus]	59463
XP_036167237.1	XP_023381548	55.714	420	772	954	84	2.09e-147	460	carnitine O-palmitoyltransferase 1, liver isoform [Pteropus vampyrus]	132908
XP_036167237.1	XP_023381548	55.426	258	772	954	84	6.38e-89	305	carnitine O-palmitoyltransferase 1, liver isoform [Pteropus vampyrus]	132908
XP_036167237.1	XP_006107537	54.167	336	772	365	44	2.95e-129	394	carnitine O-palmitoyltransferase 1, brain isoform, partial [Myotis lucifugus]	59463
XP_036167237.1	XP_036163143	51.232	406	772	776	93	5.16e-129	407	carnitine O-palmitoyltransferase 1, brain isoform isoform X7 [Myotis myotis]	51298
XP_036167237.1	XP_036163143	47.790	362	772	776	93	1.35e-108	353	carnitine O-palmitoyltransferase 1, brain isoform isoform X7 [Myotis myotis]	51298
XP_036167237.1	XP_014405925	53.474	331	772	684	85	2.04e-120	382	PREDICTED: carnitine O-palmitoyltransferase 1, brain isoform [Myotis brandtii]	109478
XP_036167237.1	XP_014405925	50.000	322	772	684	85	8.48e-100	328	PREDICTED: carnitine O-palmitoyltransferase 1, brain isoform [Myotis brandtii]	109478
XP_036167237.1	XP_080923634	31.789	626	772	626	78	1.31e-87	294	carnitine O-acetyltransferase isoform 1 [Rhinolophus hipposideros]	77218
XP_036167237.1	XP_080923635	31.789	626	772	626	78	1.87e-87	293	carnitine O-acetyltransferase isoform 2 [Rhinolophus hipposideros]	77218
XP_036167237.1	XP_032978695	31.789	626	772	626	78	2.33e-87	293	carnitine O-acetyltransferase isoform X1 [Rhinolophus ferrumequinum]	59479
XP_036167237.1	XP_019584362	31.789	626	772	626	78	2.33e-87	293	carnitine O-acetyltransferase isoform X1 [Rhinolophus sinicus]	89399
XP_036167237.1	XP_074187269	31.789	626	772	626	78	3.09e-87	293	carnitine O-acetyltransferase isoform X2 [Rhinolophus sinicus]	89399
XP_036167237.1	XP_019584363	31.789	626	772	626	78	3.09e-87	293	carnitine O-acetyltransferase isoform X2 [Rhinolophus sinicus]	89399
XP_036167237.1	XP_032978696	31.789	626	772	626	78	3.53e-87	293	carnitine O-acetyltransferase isoform X2 [Rhinolophus ferrumequinum]	59479
XP_036167237.1	XP_037002215	31.605	617	772	626	77	6.88e-87	292	carnitine O-acetyltransferase isoform X1 [Artibeus jamaicensis]	9417
XP_036167237.1	XP_006103240	31.929	617	772	626	77	8.47e-87	291	carnitine O-acetyltransferase isoform X2 [Myotis lucifugus]	59463
XP_036167237.1	XP_006103239	31.929	617	772	626	77	9.02e-87	291	carnitine O-acetyltransferase isoform X1 [Myotis lucifugus]	59463
XP_036167237.1	XP_037002280	31.605	617	772	626	77	1.09e-86	291	carnitine O-acetyltransferase isoform X2 [Artibeus jamaicensis]	9417
XP_036167237.1	XP_070286584	31.929	617	772	626	77	1.30e-86	291	carnitine O-acetyltransferase isoform X3 [Myotis yumanensis]	159337
XP_036167237.1	XP_006768544	31.767	617	772	626	77	1.41e-86	291	PREDICTED: carnitine O-acetyltransferase [Myotis davidii]	225400
XP_036167237.1	XP_036272123	31.929	617	772	626	77	3.02e-86	290	carnitine O-acetyltransferase isoform X1 [Pipistrellus kuhlii]	59472
XP_036167237.1	XP_036185294	31.767	617	772	626	77	3.21e-86	290	carnitine O-acetyltransferase isoform X1 [Myotis myotis]	51298
XP_036167237.1	XP_005881429	31.767	617	772	626	77	3.99e-86	290	PREDICTED: carnitine O-acetyltransferase [Myotis brandtii]	109478
XP_036167237.1	XP_059514254	31.767	617	772	626	77	4.48e-86	290	carnitine O-acetyltransferase isoform X1 [Myotis daubentonii]	98922
XP_036167237.1	XP_080960306	31.767	617	772	626	77	4.76e-86	290	carnitine O-acetyltransferase [Myotis nattereri]	109481
XP_036167237.1	XP_036185296	31.605	617	772	626	77	4.81e-86	290	carnitine O-acetyltransferase isoform X2 [Myotis myotis]	51298
XP_036167237.1	XP_036185295	31.605	617	772	626	77	4.81e-86	290	carnitine O-acetyltransferase isoform X2 [Myotis myotis]	51298
XP_036167237.1	XP_036272125	31.767	617	772	626	77	5.12e-86	290	carnitine O-acetyltransferase isoform X2 [Pipistrellus kuhlii]	59472
XP_036167237.1	XP_059514255	31.605	617	772	626	77	8.44e-86	289	carnitine O-acetyltransferase isoform X2 [Myotis daubentonii]	98922
XP_036167237.1	XP_080526170	31.929	617	772	626	77	9.46e-86	289	carnitine O-acetyltransferase isoform 1 [Plecotus auritus]	61862
XP_036167237.1	XP_080526171	31.767	617	772	626	77	1.64e-85	288	carnitine O-acetyltransferase isoform 2 [Plecotus auritus]	61862
XP_036167237.1	XP_079645794	31.767	617	772	626	77	1.03e-84	286	carnitine O-acetyltransferase isoform 1 [Cnephaeus nilssonii]	3371016
XP_036167237.1	XP_036892313	30.956	617	772	626	77	1.43e-84	286	carnitine O-acetyltransferase isoform X1 [Sturnira hondurensis]	192404
XP_036167237.1	XP_036892314	30.956	617	772	626	77	1.89e-84	285	carnitine O-acetyltransferase isoform X2 [Sturnira hondurensis]	192404
XP_036167237.1	XP_079645795	31.767	617	772	626	77	1.97e-84	285	carnitine O-acetyltransferase isoform 2 [Cnephaeus nilssonii]	3371016
XP_036167237.1	XP_081007971	31.605	617	772	626	77	2.71e-84	285	carnitine O-acetyltransferase isoform 1 [Miniopterus schreibersii]	9433
XP_036167237.1	XP_054440222	31.118	617	772	626	77	3.24e-84	285	carnitine O-acetyltransferase isoform X1 [Pteronotus mesoamericanus]	1884717
XP_036167237.1	XP_016052121	31.442	617	772	626	77	3.48e-84	285	PREDICTED: carnitine O-acetyltransferase [Miniopterus natalensis]	291302
XP_036167237.1	XP_081007972	31.442	617	772	626	77	3.59e-84	285	carnitine O-acetyltransferase isoform 2 [Miniopterus schreibersii]	9433
XP_036167237.1	XP_054583023	31.767	617	772	626	77	4.65e-84	284	carnitine O-acetyltransferase isoform X1 [Eptesicus fuscus]	29078
XP_036167237.1	XP_006918108	31.006	616	772	625	77	5.83e-84	284	carnitine O-acetyltransferase isoform X1 [Pteropus alecto]	9402
XP_036167237.1	XP_054440223	31.118	617	772	626	77	5.85e-84	284	carnitine O-acetyltransferase isoform X2 [Pteronotus mesoamericanus]	1884717
XP_036167237.1	XP_006918109	31.006	616	772	625	77	7.03e-84	284	carnitine O-acetyltransferase isoform X2 [Pteropus alecto]	9402
XP_036167237.1	XP_054583024	31.767	617	772	626	77	8.76e-84	283	carnitine O-acetyltransferase isoform X2 [Eptesicus fuscus]	29078
XP_036167237.1	XP_015989280	31.006	616	772	625	77	9.79e-84	283	carnitine O-acetyltransferase isoform X1 [Rousettus aegyptiacus]	9407
XP_036167237.1	XP_015989281	31.006	616	772	625	77	1.19e-83	283	carnitine O-acetyltransferase isoform X2 [Rousettus aegyptiacus]	9407
XP_036167237.1	XP_045702263	30.906	618	772	626	77	1.87e-83	283	carnitine O-acetyltransferase isoform X1 [Phyllostomus hastatus]	9423
XP_036167237.1	XP_045702264	30.906	618	772	626	77	2.74e-83	282	carnitine O-acetyltransferase isoform X2 [Phyllostomus hastatus]	9423
XP_036167237.1	XP_066112080	31.118	617	772	626	77	4.20e-83	282	carnitine O-acetyltransferase isoform X1 [Saccopteryx bilineata]	59482
XP_036167237.1	XP_066112079	31.118	617	772	626	77	4.20e-83	282	carnitine O-acetyltransferase isoform X1 [Saccopteryx bilineata]	59482
XP_036167237.1	XP_066112078	31.118	617	772	626	77	4.20e-83	282	carnitine O-acetyltransferase isoform X1 [Saccopteryx bilineata]	59482
XP_036167237.1	XP_066112081	31.118	617	772	626	77	4.85e-83	281	carnitine O-acetyltransferase isoform X2 [Saccopteryx bilineata]	59482
XP_036167237.1	XP_066223037	31.118	617	772	626	77	5.16e-83	281	carnitine O-acetyltransferase isoform X1 [Saccopteryx leptura]	249018
XP_036167237.1	XP_066223036	31.118	617	772	626	77	5.16e-83	281	carnitine O-acetyltransferase isoform X1 [Saccopteryx leptura]	249018
XP_036167237.1	XP_066223035	31.118	617	772	626	77	5.16e-83	281	carnitine O-acetyltransferase isoform X1 [Saccopteryx leptura]	249018
XP_036167237.1	XP_066223038	31.118	617	772	626	77	6.22e-83	281	carnitine O-acetyltransferase isoform X2 [Saccopteryx leptura]	249018
XP_036167237.1	XP_036116556	30.956	617	772	626	77	7.73e-83	281	carnitine O-acetyltransferase isoform X2 [Molossus molossus]	27622
XP_036167237.1	XP_024418036	30.794	617	772	626	77	8.58e-83	281	carnitine O-acetyltransferase isoform X5 [Desmodus rotundus]	9430
XP_036167237.1	XP_028368584	30.533	619	772	626	78	8.85e-83	281	carnitine O-acetyltransferase isoform X2 [Phyllostomus discolor]	89673
XP_036167237.1	XP_036116557	30.956	617	772	626	77	9.61e-83	281	carnitine O-acetyltransferase isoform X1 [Molossus molossus]	27622
XP_036167237.1	XP_036116554	30.956	617	772	626	77	9.61e-83	281	carnitine O-acetyltransferase isoform X1 [Molossus molossus]	27622
XP_036167237.1	XP_028368576	30.632	617	772	626	77	9.71e-83	281	carnitine O-acetyltransferase isoform X1 [Phyllostomus discolor]	89673
XP_036167237.1	XP_011362438	31.006	616	772	625	77	1.45e-82	280	carnitine O-acetyltransferase isoform X1 [Pteropus vampyrus]	132908
XP_036167237.1	XP_039717442	31.006	616	772	625	77	1.45e-82	280	carnitine O-acetyltransferase isoform X1 [Pteropus medius]	143291
XP_036167237.1	XP_024418038	30.794	617	772	626	77	1.70e-82	280	carnitine O-acetyltransferase isoform X6 [Desmodus rotundus]	9430
XP_036167237.1	XP_045052787	30.794	617	772	658	77	2.24e-82	281	carnitine O-acetyltransferase isoform X4 [Desmodus rotundus]	9430
XP_036167237.1	XP_011362439	31.006	616	772	625	77	2.34e-82	280	carnitine O-acetyltransferase isoform X2 [Pteropus vampyrus]	132908
XP_036167237.1	XP_039717444	31.006	616	772	625	77	2.34e-82	280	carnitine O-acetyltransferase isoform X2 [Pteropus medius]	143291
XP_036167237.1	XP_045052783	28.658	663	772	672	77	1.99e-74	259	carnitine O-acetyltransferase isoform X2 [Desmodus rotundus]	9430
XP_036167237.1	XP_045052786	28.658	663	772	672	77	4.18e-74	259	carnitine O-acetyltransferase isoform X3 [Desmodus rotundus]	9430
XP_036167237.1	XP_045052785	28.658	663	772	672	77	4.18e-74	259	carnitine O-acetyltransferase isoform X3 [Desmodus rotundus]	9430
XP_036167237.1	XP_045052784	28.658	663	772	672	77	4.18e-74	259	carnitine O-acetyltransferase isoform X3 [Desmodus rotundus]	9430
XP_036167237.1	XP_070286585	31.434	544	772	601	68	4.21e-74	257	carnitine O-acetyltransferase isoform X4 [Myotis yumanensis]	159337
XP_036167237.1	XP_045052782	28.658	663	772	704	77	6.77e-74	259	carnitine O-acetyltransferase isoform X1 [Desmodus rotundus]	9430
XP_036167237.1	XP_070286582	31.136	546	772	629	68	1.27e-73	256	carnitine O-acetyltransferase isoform X1 [Myotis yumanensis]	159337
XP_036167237.1	XP_070286583	31.136	546	772	629	68	1.90e-73	256	carnitine O-acetyltransferase isoform X2 [Myotis yumanensis]	159337
XP_036167237.1	XP_036922027	28.640	625	772	612	79	1.45e-72	253	peroxisomal carnitine O-octanoyltransferase [Sturnira hondurensis]	192404
XP_036167237.1	XP_036922026	28.640	625	772	612	79	1.45e-72	253	peroxisomal carnitine O-octanoyltransferase [Sturnira hondurensis]	192404
XP_036167237.1	XP_036922025	28.640	625	772	612	79	1.45e-72	253	peroxisomal carnitine O-octanoyltransferase [Sturnira hondurensis]	192404
XP_036167237.1	XP_015449814	30.669	538	772	566	67	2.43e-71	248	carnitine O-acetyltransferase isoform X3 [Pteropus alecto]	9402
XP_036167237.1	XP_016074354	28.413	630	772	612	79	2.96e-71	249	PREDICTED: peroxisomal carnitine O-octanoyltransferase isoform X1 [Miniopterus natalensis]	291302
XP_036167237.1	XP_023618480	29.006	624	772	612	79	5.74e-71	249	peroxisomal carnitine O-octanoyltransferase isoform X1 [Myotis lucifugus]	59463
XP_036167237.1	XP_023618479	29.006	624	772	612	79	5.74e-71	249	peroxisomal carnitine O-octanoyltransferase isoform X1 [Myotis lucifugus]	59463
XP_036167237.1	XP_014320101	29.006	624	772	612	79	5.74e-71	249	peroxisomal carnitine O-octanoyltransferase isoform X1 [Myotis lucifugus]	59463
XP_036167237.1	XP_036103334	29.477	631	772	612	79	7.88e-71	248	peroxisomal carnitine O-octanoyltransferase [Molossus molossus]	27622
XP_036167237.1	XP_081003733	28.095	630	772	612	79	1.20e-70	248	peroxisomal carnitine O-octanoyltransferase isoform 1 [Miniopterus schreibersii]	9433
XP_036167237.1	XP_039717445	30.669	538	772	566	67	1.60e-70	246	carnitine O-acetyltransferase isoform X3 [Pteropus medius]	143291
XP_036167237.1	XP_011362440	30.669	538	772	566	67	1.74e-70	246	carnitine O-acetyltransferase isoform X3 [Pteropus vampyrus]	132908
XP_036167237.1	XP_039734153	28.480	625	772	612	79	2.30e-70	247	peroxisomal carnitine O-octanoyltransferase [Pteropus medius]	143291
XP_036167237.1	XP_039734152	28.480	625	772	612	79	2.30e-70	247	peroxisomal carnitine O-octanoyltransferase [Pteropus medius]	143291
XP_036167237.1	XP_039734151	28.480	625	772	612	79	2.30e-70	247	peroxisomal carnitine O-octanoyltransferase [Pteropus medius]	143291
XP_036167237.1	XP_039734150	28.480	625	772	612	79	2.30e-70	247	peroxisomal carnitine O-octanoyltransferase [Pteropus medius]	143291
XP_036167237.1	XP_011362519	28.914	626	772	612	79	2.57e-70	247	peroxisomal carnitine O-octanoyltransferase isoform X2 [Pteropus vampyrus]	132908
XP_036167237.1	XP_023389220	28.914	626	772	612	79	2.57e-70	247	peroxisomal carnitine O-octanoyltransferase isoform X2 [Pteropus vampyrus]	132908
XP_036167237.1	XP_011362510	28.914	626	772	612	79	2.57e-70	247	peroxisomal carnitine O-octanoyltransferase isoform X2 [Pteropus vampyrus]	132908
XP_036167237.1	XP_080936357	28.435	626	772	612	79	3.06e-70	247	peroxisomal carnitine O-octanoyltransferase isoform 1 [Rhinolophus hipposideros]	77218
XP_036167237.1	XP_080936356	28.435	626	772	612	79	3.06e-70	247	peroxisomal carnitine O-octanoyltransferase isoform 1 [Rhinolophus hipposideros]	77218
XP_036167237.1	XP_011362499	28.914	626	772	651	79	4.51e-70	247	peroxisomal carnitine O-octanoyltransferase isoform X1 [Pteropus vampyrus]	132908
XP_036167237.1	XP_070280273	28.686	624	772	612	79	4.65e-70	246	peroxisomal carnitine O-octanoyltransferase isoform X1 [Myotis yumanensis]	159337
XP_036167237.1	XP_070280272	28.686	624	772	612	79	4.65e-70	246	peroxisomal carnitine O-octanoyltransferase isoform X1 [Myotis yumanensis]	159337
XP_036167237.1	XP_024414897	28.686	624	772	612	79	5.70e-70	246	peroxisomal carnitine O-octanoyltransferase [Desmodus rotundus]	9430
XP_036167237.1	XP_024414888	28.686	624	772	612	79	5.70e-70	246	peroxisomal carnitine O-octanoyltransferase [Desmodus rotundus]	9430
XP_036167237.1	XP_036120750	30.210	619	772	663	77	9.16e-70	247	choline O-acetyltransferase [Molossus molossus]	27622
XP_036167237.1	XP_059568183	28.846	624	772	612	79	9.20e-70	245	peroxisomal carnitine O-octanoyltransferase isoform X1 [Myotis daubentonii]	98922
XP_036167237.1	XP_059568182	28.846	624	772	612	79	9.20e-70	245	peroxisomal carnitine O-octanoyltransferase isoform X1 [Myotis daubentonii]	98922
XP_036167237.1	XP_005876203	28.846	624	772	612	79	1.09e-69	245	PREDICTED: peroxisomal carnitine O-octanoyltransferase isoform X1 [Myotis brandtii]	109478
XP_036167237.1	XP_005876202	28.846	624	772	612	79	1.09e-69	245	PREDICTED: peroxisomal carnitine O-octanoyltransferase isoform X1 [Myotis brandtii]	109478
XP_036167237.1	XP_005876201	28.846	624	772	612	79	1.09e-69	245	PREDICTED: peroxisomal carnitine O-octanoyltransferase isoform X1 [Myotis brandtii]	109478
XP_036167237.1	XP_080958696	28.526	624	772	612	79	1.80e-69	244	peroxisomal carnitine O-octanoyltransferase isoform 1 [Myotis nattereri]	109481
XP_036167237.1	XP_080523182	28.708	627	772	612	79	1.82e-69	244	peroxisomal carnitine O-octanoyltransferase isoform 1 [Plecotus auritus]	61862
XP_036167237.1	XP_080523181	28.708	627	772	612	79	1.82e-69	244	peroxisomal carnitine O-octanoyltransferase isoform 1 [Plecotus auritus]	61862
XP_036167237.1	XP_080523180	28.708	627	772	612	79	1.82e-69	244	peroxisomal carnitine O-octanoyltransferase isoform 1 [Plecotus auritus]	61862
XP_036167237.1	XP_080523179	28.708	627	772	612	79	1.82e-69	244	peroxisomal carnitine O-octanoyltransferase isoform 1 [Plecotus auritus]	61862
XP_036167237.1	XP_080523178	28.708	627	772	612	79	1.82e-69	244	peroxisomal carnitine O-octanoyltransferase isoform 1 [Plecotus auritus]	61862
XP_036167237.1	XP_080523177	28.708	627	772	612	79	1.82e-69	244	peroxisomal carnitine O-octanoyltransferase isoform 1 [Plecotus auritus]	61862
XP_036167237.1	XP_080523176	28.708	627	772	612	79	1.82e-69	244	peroxisomal carnitine O-octanoyltransferase isoform 1 [Plecotus auritus]	61862
XP_036167237.1	XP_080523175	28.708	627	772	612	79	1.82e-69	244	peroxisomal carnitine O-octanoyltransferase isoform 1 [Plecotus auritus]	61862
XP_036167237.1	XP_080523174	28.708	627	772	612	79	1.82e-69	244	peroxisomal carnitine O-octanoyltransferase isoform 1 [Plecotus auritus]	61862
XP_036167237.1	XP_036086205	28.662	628	772	612	79	2.50e-69	244	peroxisomal carnitine O-octanoyltransferase [Rousettus aegyptiacus]	9407
XP_036167237.1	XP_036086204	28.662	628	772	612	79	2.50e-69	244	peroxisomal carnitine O-octanoyltransferase [Rousettus aegyptiacus]	9407
XP_036167237.1	XP_016003505	28.662	628	772	612	79	2.50e-69	244	peroxisomal carnitine O-octanoyltransferase [Rousettus aegyptiacus]	9407
XP_036167237.1	XP_015455278	28.296	622	772	612	79	2.55e-69	244	peroxisomal carnitine O-octanoyltransferase [Pteropus alecto]	9402
XP_036167237.1	XP_015455279	28.296	622	772	612	79	2.55e-69	244	peroxisomal carnitine O-octanoyltransferase [Pteropus alecto]	9402
XP_036167237.1	XP_006925787	28.296	622	772	612	79	2.55e-69	244	peroxisomal carnitine O-octanoyltransferase [Pteropus alecto]	9402
XP_036167237.1	XP_036184206	28.686	624	772	612	79	3.03e-69	244	peroxisomal carnitine O-octanoyltransferase isoform X1 [Myotis myotis]	51298
XP_036167237.1	XP_036184205	28.686	624	772	612	79	3.03e-69	244	peroxisomal carnitine O-octanoyltransferase isoform X1 [Myotis myotis]	51298
XP_036167237.1	XP_015413764	28.686	624	772	612	79	3.53e-69	244	PREDICTED: peroxisomal carnitine O-octanoyltransferase isoform X1 [Myotis davidii]	225400
XP_036167237.1	XP_015413763	28.686	624	772	612	79	3.53e-69	244	PREDICTED: peroxisomal carnitine O-octanoyltransferase isoform X1 [Myotis davidii]	225400
XP_036167237.1	XP_054582290	28.389	627	772	612	79	4.41e-69	244	peroxisomal carnitine O-octanoyltransferase isoform X1 [Eptesicus fuscus]	29078
XP_036167237.1	XP_054582289	28.389	627	772	612	79	4.41e-69	244	peroxisomal carnitine O-octanoyltransferase isoform X1 [Eptesicus fuscus]	29078
XP_036167237.1	XP_019585673	30.016	623	772	694	77	7.59e-69	245	choline O-acetyltransferase [Rhinolophus sinicus]	89399
XP_036167237.1	XP_054428307	29.524	630	772	641	78	7.59e-69	244	choline O-acetyltransferase [Pteronotus mesoamericanus]	1884717
XP_036167237.1	XP_015996417	29.952	631	772	641	78	8.23e-69	243	choline O-acetyltransferase [Rousettus aegyptiacus]	9407
XP_036167237.1	XP_032943895	28.045	624	772	612	79	1.14e-68	243	peroxisomal carnitine O-octanoyltransferase [Rhinolophus ferrumequinum]	59479
XP_036167237.1	XP_032943894	28.045	624	772	612	79	1.14e-68	243	peroxisomal carnitine O-octanoyltransferase [Rhinolophus ferrumequinum]	59479
XP_036167237.1	XP_032943893	28.045	624	772	612	79	1.14e-68	243	peroxisomal carnitine O-octanoyltransferase [Rhinolophus ferrumequinum]	59479
XP_036167237.1	XP_032943892	28.045	624	772	612	79	1.14e-68	243	peroxisomal carnitine O-octanoyltransferase [Rhinolophus ferrumequinum]	59479
XP_036167237.1	XP_032943891	28.045	624	772	612	79	1.14e-68	243	peroxisomal carnitine O-octanoyltransferase [Rhinolophus ferrumequinum]	59479
XP_036167237.1	XP_045684470	28.639	632	772	612	79	1.17e-68	243	peroxisomal carnitine O-octanoyltransferase [Phyllostomus hastatus]	9423
XP_036167237.1	XP_045684469	28.639	632	772	612	79	1.17e-68	243	peroxisomal carnitine O-octanoyltransferase [Phyllostomus hastatus]	9423
XP_036167237.1	XP_035866561	28.296	622	772	612	79	1.17e-68	243	peroxisomal carnitine O-octanoyltransferase [Phyllostomus discolor]	89673
XP_036167237.1	XP_028381939	28.296	622	772	612	79	1.17e-68	243	peroxisomal carnitine O-octanoyltransferase [Phyllostomus discolor]	89673
XP_036167237.1	XP_035866560	28.296	622	772	612	79	1.17e-68	243	peroxisomal carnitine O-octanoyltransferase [Phyllostomus discolor]	89673
XP_036167237.1	XP_028381938	28.296	622	772	612	79	1.17e-68	243	peroxisomal carnitine O-octanoyltransferase [Phyllostomus discolor]	89673
XP_036167237.1	XP_081014709	29.006	624	772	640	78	1.34e-68	243	choline O-acetyltransferase [Miniopterus schreibersii]	9433
XP_036167237.1	XP_036985154	28.090	623	772	613	79	1.61e-68	242	peroxisomal carnitine O-octanoyltransferase [Artibeus jamaicensis]	9417
XP_036167237.1	XP_036985152	28.090	623	772	613	79	1.61e-68	242	peroxisomal carnitine O-octanoyltransferase [Artibeus jamaicensis]	9417
XP_036167237.1	XP_079642314	28.549	627	772	612	79	1.73e-68	242	peroxisomal carnitine O-octanoyltransferase [Cnephaeus nilssonii]	3371016
XP_036167237.1	XP_054420076	28.105	612	772	620	78	1.77e-68	242	peroxisomal carnitine O-octanoyltransferase isoform X1 [Pteronotus mesoamericanus]	1884717
XP_036167237.1	XP_036999022	29.952	631	772	641	78	1.95e-68	243	choline O-acetyltransferase [Artibeus jamaicensis]	9417
XP_036167237.1	XP_054420084	28.105	612	772	612	78	2.07e-68	242	peroxisomal carnitine O-octanoyltransferase isoform X2 [Pteronotus mesoamericanus]	1884717
XP_036167237.1	XP_054420083	28.105	612	772	612	78	2.07e-68	242	peroxisomal carnitine O-octanoyltransferase isoform X2 [Pteronotus mesoamericanus]	1884717
XP_036167237.1	XP_054420082	28.105	612	772	612	78	2.07e-68	242	peroxisomal carnitine O-octanoyltransferase isoform X2 [Pteronotus mesoamericanus]	1884717
XP_036167237.1	XP_054420081	28.105	612	772	612	78	2.07e-68	242	peroxisomal carnitine O-octanoyltransferase isoform X2 [Pteronotus mesoamericanus]	1884717
XP_036167237.1	XP_054420080	28.105	612	772	612	78	2.07e-68	242	peroxisomal carnitine O-octanoyltransferase isoform X2 [Pteronotus mesoamericanus]	1884717
XP_036167237.1	XP_054420079	28.105	612	772	612	78	2.07e-68	242	peroxisomal carnitine O-octanoyltransferase isoform X2 [Pteronotus mesoamericanus]	1884717
XP_036167237.1	XP_054420078	28.105	612	772	612	78	2.07e-68	242	peroxisomal carnitine O-octanoyltransferase isoform X2 [Pteronotus mesoamericanus]	1884717
XP_036167237.1	XP_054420077	28.105	612	772	612	78	2.07e-68	242	peroxisomal carnitine O-octanoyltransferase isoform X2 [Pteronotus mesoamericanus]	1884717
XP_036167237.1	XP_036285439	29.571	629	772	612	79	2.11e-68	242	peroxisomal carnitine O-octanoyltransferase isoform X1 [Pipistrellus kuhlii]	59472
XP_036167237.1	XP_036285438	29.571	629	772	612	79	2.11e-68	242	peroxisomal carnitine O-octanoyltransferase isoform X1 [Pipistrellus kuhlii]	59472
XP_036167237.1	XP_016074355	28.741	588	772	573	74	2.17e-68	241	PREDICTED: peroxisomal carnitine O-octanoyltransferase isoform X2 [Miniopterus natalensis]	291302
XP_036167237.1	XP_019605325	28.160	625	772	612	79	2.32e-68	241	peroxisomal carnitine O-octanoyltransferase [Rhinolophus sinicus]	89399
XP_036167237.1	XP_019605324	28.160	625	772	612	79	2.32e-68	241	peroxisomal carnitine O-octanoyltransferase [Rhinolophus sinicus]	89399
XP_036167237.1	XP_019605323	28.160	625	772	612	79	2.32e-68	241	peroxisomal carnitine O-octanoyltransferase [Rhinolophus sinicus]	89399
XP_036167237.1	XP_066204894	28.754	626	772	641	78	2.75e-68	242	choline O-acetyltransferase isoform X2 [Saccopteryx leptura]	249018
XP_036167237.1	XP_066204893	28.754	626	772	662	78	3.31e-68	242	choline O-acetyltransferase isoform X1 [Saccopteryx leptura]	249018
XP_036167237.1	XP_016056333	28.846	624	772	640	78	6.99e-68	241	PREDICTED: choline O-acetyltransferase [Miniopterus natalensis]	291302
XP_036167237.1	XP_080961553	30.498	623	772	632	77	1.07e-67	240	choline O-acetyltransferase [Myotis nattereri]	109481
XP_036167237.1	XP_045051850	29.027	627	772	641	78	1.11e-67	240	choline O-acetyltransferase [Desmodus rotundus]	9430
XP_036167237.1	XP_081003734	28.401	588	772	593	74	1.17e-67	239	peroxisomal carnitine O-octanoyltransferase isoform 2 [Miniopterus schreibersii]	9433
XP_036167237.1	XP_080930854	29.695	623	772	641	77	1.39e-67	240	choline O-acetyltransferase isoform 1 [Rhinolophus hipposideros]	77218
XP_036167237.1	XP_032985639	30.016	623	772	641	77	1.51e-67	240	choline O-acetyltransferase [Rhinolophus ferrumequinum]	59479
XP_036167237.1	XP_066098944	29.206	630	772	662	78	2.00e-67	240	choline O-acetyltransferase isoform X1 [Saccopteryx bilineata]	59482
XP_036167237.1	XP_008147308	30.016	623	772	630	77	2.05e-67	239	choline O-acetyltransferase [Eptesicus fuscus]	29078
XP_036167237.1	XP_066098945	29.206	630	772	641	78	2.17e-67	239	choline O-acetyltransferase isoform X2 [Saccopteryx bilineata]	59482
XP_036167237.1	XP_079650093	30.016	623	772	630	77	2.18e-67	239	choline O-acetyltransferase isoform 2 [Cnephaeus nilssonii]	3371016
XP_036167237.1	XP_066096542	28.045	624	772	612	79	2.42e-67	239	peroxisomal carnitine O-octanoyltransferase [Saccopteryx bilineata]	59482
XP_036167237.1	XP_066096541	28.045	624	772	612	79	2.42e-67	239	peroxisomal carnitine O-octanoyltransferase [Saccopteryx bilineata]	59482
XP_036167237.1	XP_066096540	28.045	624	772	612	79	2.42e-67	239	peroxisomal carnitine O-octanoyltransferase [Saccopteryx bilineata]	59482
XP_036167237.1	XP_006917013	29.794	631	772	642	78	2.71e-67	239	choline O-acetyltransferase [Pteropus alecto]	9402
XP_036167237.1	XP_079650092	30.016	623	772	656	77	3.99e-67	239	choline O-acetyltransferase isoform 1 [Cnephaeus nilssonii]	3371016
XP_036167237.1	XP_079650091	30.016	623	772	656	77	3.99e-67	239	choline O-acetyltransferase isoform 1 [Cnephaeus nilssonii]	3371016
XP_036167237.1	XP_011353713	29.794	631	772	640	78	4.88e-67	239	choline O-acetyltransferase [Pteropus vampyrus]	132908
XP_036167237.1	XP_023618481	30.000	540	772	533	68	6.66e-67	236	peroxisomal carnitine O-octanoyltransferase isoform X3 [Myotis lucifugus]	59463
XP_036167237.1	XP_045698190	28.868	627	772	641	78	6.68e-67	238	choline O-acetyltransferase [Phyllostomus hastatus]	9423
XP_036167237.1	XP_036211925	29.904	622	772	632	77	7.19e-67	238	choline O-acetyltransferase [Myotis myotis]	51298
XP_036167237.1	XP_023617082	29.904	622	772	632	77	1.27e-66	237	choline O-acetyltransferase isoform X1 [Myotis lucifugus]	59463
XP_036167237.1	XP_023617083	29.872	626	772	631	78	1.44e-66	237	choline O-acetyltransferase isoform X2 [Myotis lucifugus]	59463
XP_036167237.1	XP_039728387	29.794	631	772	640	78	1.47e-66	237	choline O-acetyltransferase [Pteropus medius]	143291
XP_036167237.1	XP_059518080	29.904	622	772	632	77	1.72e-66	237	choline O-acetyltransferase [Myotis daubentonii]	98922
XP_036167237.1	XP_059518079	29.904	622	772	632	77	1.72e-66	237	choline O-acetyltransferase [Myotis daubentonii]	98922
XP_036167237.1	XP_059518078	29.904	622	772	632	77	1.72e-66	237	choline O-acetyltransferase [Myotis daubentonii]	98922
XP_036167237.1	XP_006757220	29.904	622	772	655	77	1.80e-66	238	PREDICTED: choline O-acetyltransferase [Myotis davidii]	225400
XP_036167237.1	XP_028369001	28.708	627	772	641	78	2.18e-66	237	choline O-acetyltransferase isoform X2 [Phyllostomus discolor]	89673
XP_036167237.1	XP_035882589	28.708	627	772	662	78	2.21e-66	237	choline O-acetyltransferase isoform X1 [Phyllostomus discolor]	89673
XP_036167237.1	XP_036317091	29.374	623	772	630	77	3.02e-66	236	choline O-acetyltransferase [Pipistrellus kuhlii]	59472
XP_036167237.1	XP_070288040	29.904	622	772	687	77	5.75e-66	237	choline O-acetyltransferase [Myotis yumanensis]	159337
XP_036167237.1	XP_080497266	29.695	623	772	634	77	1.19e-65	235	choline O-acetyltransferase isoform 2 [Plecotus auritus]	61862
XP_036167237.1	XP_080497265	29.695	623	772	634	77	1.19e-65	235	choline O-acetyltransferase isoform 2 [Plecotus auritus]	61862
XP_036167237.1	XP_080497264	29.695	623	772	634	77	1.19e-65	235	choline O-acetyltransferase isoform 2 [Plecotus auritus]	61862
XP_036167237.1	XP_080497263	29.695	623	772	634	77	1.19e-65	235	choline O-acetyltransferase isoform 2 [Plecotus auritus]	61862
XP_036167237.1	XP_080497262	29.695	623	772	660	77	1.40e-65	235	choline O-acetyltransferase isoform 1 [Plecotus auritus]	61862
XP_036167237.1	XP_036912580	29.027	627	772	641	78	2.58e-65	234	choline O-acetyltransferase [Sturnira hondurensis]	192404
XP_036167237.1	XP_045713509	30.124	644	772	658	77	9.87e-65	233	carnitine O-palmitoyltransferase 2, mitochondrial isoform X1 [Phyllostomus hastatus]	9423
XP_036167237.1	XP_066209894	28.045	624	772	612	79	2.26e-64	231	peroxisomal carnitine O-octanoyltransferase [Saccopteryx leptura]	249018
XP_036167237.1	XP_066209893	28.045	624	772	612	79	2.26e-64	231	peroxisomal carnitine O-octanoyltransferase [Saccopteryx leptura]	249018
XP_036167237.1	XP_066209892	28.045	624	772	612	79	2.26e-64	231	peroxisomal carnitine O-octanoyltransferase [Saccopteryx leptura]	249018
XP_036167237.1	XP_019479274	27.476	626	772	612	79	2.60e-64	231	PREDICTED: peroxisomal carnitine O-octanoyltransferase isoform X1 [Hipposideros armiger]	186990
XP_036167237.1	XP_019479273	27.476	626	772	612	79	2.60e-64	231	PREDICTED: peroxisomal carnitine O-octanoyltransferase isoform X1 [Hipposideros armiger]	186990
XP_036167237.1	XP_019479272	27.476	626	772	612	79	2.60e-64	231	PREDICTED: peroxisomal carnitine O-octanoyltransferase isoform X1 [Hipposideros armiger]	186990
XP_036167237.1	XP_019479270	27.476	626	772	612	79	2.60e-64	231	PREDICTED: peroxisomal carnitine O-octanoyltransferase isoform X1 [Hipposideros armiger]	186990
XP_036167237.1	XP_019479269	27.476	626	772	612	79	2.60e-64	231	PREDICTED: peroxisomal carnitine O-octanoyltransferase isoform X1 [Hipposideros armiger]	186990
XP_036167237.1	XP_019479268	27.476	626	772	612	79	2.60e-64	231	PREDICTED: peroxisomal carnitine O-octanoyltransferase isoform X1 [Hipposideros armiger]	186990
XP_036167237.1	XP_019479267	27.476	626	772	612	79	2.60e-64	231	PREDICTED: peroxisomal carnitine O-octanoyltransferase isoform X1 [Hipposideros armiger]	186990
XP_036167237.1	XP_028368982	29.531	640	772	658	77	1.54e-63	229	carnitine O-palmitoyltransferase 2, mitochondrial isoform X1 [Phyllostomus discolor]	89673
XP_036167237.1	XP_037017800	29.641	641	772	658	77	1.61e-63	229	carnitine O-palmitoyltransferase 2, mitochondrial isoform X1 [Artibeus jamaicensis]	9417
XP_036167237.1	XP_036899138	29.329	641	772	658	77	2.73e-63	229	carnitine O-palmitoyltransferase 2, mitochondrial isoform X1 [Sturnira hondurensis]	192404
XP_036167237.1	XP_024427006	28.683	638	772	658	77	4.04e-63	228	carnitine O-palmitoyltransferase 2, mitochondrial isoform X1 [Desmodus rotundus]	9430
XP_036167237.1	XP_008137514	28.527	638	772	658	77	4.33e-63	228	carnitine O-palmitoyltransferase 2, mitochondrial isoform X1 [Eptesicus fuscus]	29078
XP_036167237.1	XP_036111276	28.927	643	772	658	77	6.15e-63	228	carnitine O-palmitoyltransferase 2, mitochondrial isoform X1 [Molossus molossus]	27622
XP_036167237.1	XP_079633747	28.370	638	772	658	77	1.45e-62	227	carnitine O-palmitoyltransferase 2, mitochondrial isoform 1 [Cnephaeus nilssonii]	3371016
XP_036167237.1	XP_070261255	28.705	641	772	658	77	5.61e-62	225	carnitine O-palmitoyltransferase 2, mitochondrial isoform X1 [Myotis yumanensis]	159337
XP_036167237.1	XP_080513452	28.438	640	772	658	77	7.57e-62	225	carnitine O-palmitoyltransferase 2, mitochondrial isoform 1 [Plecotus auritus]	61862
XP_036167237.1	XP_080930855	29.133	611	772	640	76	7.82e-62	224	choline O-acetyltransferase isoform 2 [Rhinolophus hipposideros]	77218
XP_036167237.1	XP_036300949	28.281	640	772	658	77	1.38e-61	224	carnitine O-palmitoyltransferase 2, mitochondrial isoform X1 [Pipistrellus kuhlii]	59472
XP_036167237.1	XP_006087392	28.549	641	772	658	77	1.99e-61	224	carnitine O-palmitoyltransferase 2, mitochondrial isoform X1 [Myotis lucifugus]	59463
XP_036167237.1	XP_054429207	28.660	642	772	658	77	2.46e-61	223	carnitine O-palmitoyltransferase 2, mitochondrial [Pteronotus mesoamericanus]	1884717
XP_036167237.1	XP_036205189	28.393	641	772	658	77	5.09e-61	223	carnitine O-palmitoyltransferase 2, mitochondrial isoform X1 [Myotis myotis]	51298
XP_036167237.1	XP_059545519	28.237	641	772	658	77	7.89e-61	222	carnitine O-palmitoyltransferase 2, mitochondrial isoform X1 [Myotis daubentonii]	98922
XP_036167237.1	XP_080943232	28.237	641	772	658	77	8.72e-61	222	carnitine O-palmitoyltransferase 2, mitochondrial isoform 1 [Myotis nattereri]	109481
XP_036167237.1	XP_080912914	28.013	639	772	658	77	6.13e-60	219	carnitine O-palmitoyltransferase 2, mitochondrial isoform 4 [Rhinolophus hipposideros]	77218
XP_036167237.1	XP_015975920	28.056	638	772	658	77	6.64e-60	219	carnitine O-palmitoyltransferase 2, mitochondrial isoform X1 [Rousettus aegyptiacus]	9407
XP_036167237.1	XP_011368764	28.054	663	772	658	79	2.23e-59	218	carnitine O-palmitoyltransferase 2, mitochondrial isoform X2 [Pteropus vampyrus]	132908
XP_036167237.1	XP_039742491	28.054	663	772	658	79	2.46e-59	218	carnitine O-palmitoyltransferase 2, mitochondrial isoform X1 [Pteropus medius]	143291
XP_036167237.1	XP_006919275	28.271	665	772	658	79	2.89e-59	218	carnitine O-palmitoyltransferase 2, mitochondrial isoform X2 [Pteropus alecto]	9402
XP_036167237.1	XP_019598393	27.700	639	772	658	77	1.05e-58	216	carnitine O-palmitoyltransferase 2, mitochondrial isoform X1 [Rhinolophus sinicus]	89399
XP_036167237.1	XP_032969885	27.769	641	772	658	77	1.75e-58	215	carnitine O-palmitoyltransferase 2, mitochondrial isoform X2 [Rhinolophus ferrumequinum]	59479
XP_036167237.1	XP_066125254	28.261	644	772	658	77	2.29e-58	215	carnitine O-palmitoyltransferase 2, mitochondrial [Saccopteryx bilineata]	59482
XP_036167237.1	XP_015975922	28.027	603	772	627	72	2.58e-58	214	carnitine O-palmitoyltransferase 2, mitochondrial isoform X3 [Rousettus aegyptiacus]	9407
XP_036167237.1	XP_066232433	28.549	648	772	658	77	4.28e-58	214	carnitine O-palmitoyltransferase 2, mitochondrial [Saccopteryx leptura]	249018
XP_036167237.1	XP_081002074	28.217	645	772	658	77	6.23e-58	214	carnitine O-palmitoyltransferase 2, mitochondrial [Miniopterus schreibersii]	9433
XP_036167237.1	XP_080912912	27.833	600	772	617	72	7.84e-58	213	carnitine O-palmitoyltransferase 2, mitochondrial isoform 2 [Rhinolophus hipposideros]	77218
XP_036167237.1	XP_011368765	27.796	626	772	627	74	9.85e-58	213	carnitine O-palmitoyltransferase 2, mitochondrial isoform X3 [Pteropus vampyrus]	132908
XP_036167237.1	XP_039742492	27.796	626	772	627	74	1.13e-57	213	carnitine O-palmitoyltransferase 2, mitochondrial isoform X2 [Pteropus medius]	143291
XP_036167237.1	XP_015450751	28.025	628	772	627	74	1.19e-57	213	carnitine O-palmitoyltransferase 2, mitochondrial isoform X3 [Pteropus alecto]	9402
XP_036167237.1	XP_019510593	30.247	486	772	520	60	1.93e-57	209	PREDICTED: choline O-acetyltransferase [Hipposideros armiger]	186990
XP_036167237.1	XP_080912911	27.926	598	772	619	72	2.05e-57	211	carnitine O-palmitoyltransferase 2, mitochondrial isoform 1 [Rhinolophus hipposideros]	77218
XP_036167237.1	XP_080912913	27.926	598	772	616	72	2.06e-57	211	carnitine O-palmitoyltransferase 2, mitochondrial isoform 3 [Rhinolophus hipposideros]	77218
XP_036167237.1	XP_039742493	28.115	626	772	627	74	2.16e-57	212	carnitine O-palmitoyltransferase 2, mitochondrial isoform X3 [Pteropus medius]	143291
XP_036167237.1	XP_011368766	28.115	626	772	627	74	2.29e-57	212	carnitine O-palmitoyltransferase 2, mitochondrial isoform X4 [Pteropus vampyrus]	132908
XP_036167237.1	XP_014320103	26.485	623	772	578	79	2.38e-57	211	peroxisomal carnitine O-octanoyltransferase isoform X2 [Myotis lucifugus]	59463
XP_036167237.1	XP_023392537	28.045	624	772	659	74	1.68e-56	210	carnitine O-palmitoyltransferase 2, mitochondrial isoform X1 [Pteropus vampyrus]	132908
XP_036167237.1	XP_039742500	28.045	624	772	659	74	1.73e-56	210	carnitine O-palmitoyltransferase 2, mitochondrial isoform X6 [Pteropus medius]	143291
XP_036167237.1	XP_024907762	28.045	624	772	659	74	2.11e-56	209	carnitine O-palmitoyltransferase 2, mitochondrial isoform X1 [Pteropus alecto]	9402
XP_036167237.1	XP_059568185	26.324	623	772	578	79	3.64e-56	207	peroxisomal carnitine O-octanoyltransferase isoform X2 [Myotis daubentonii]	98922
XP_036167237.1	XP_005878740	27.488	633	772	631	76	3.66e-56	208	PREDICTED: carnitine O-palmitoyltransferase 2, mitochondrial [Myotis brandtii]	109478
XP_036167237.1	XP_014403136	26.324	623	772	578	79	5.11e-56	207	PREDICTED: peroxisomal carnitine O-octanoyltransferase isoform X2 [Myotis brandtii]	109478
XP_036167237.1	XP_032969886	27.667	600	772	616	72	5.98e-56	207	carnitine O-palmitoyltransferase 2, mitochondrial isoform X3 [Rhinolophus ferrumequinum]	59479
XP_036167237.1	XP_036184207	26.164	623	772	578	79	8.06e-56	206	peroxisomal carnitine O-octanoyltransferase isoform X2 [Myotis myotis]	51298
XP_036167237.1	XP_015413765	26.164	623	772	578	79	1.11e-55	206	PREDICTED: peroxisomal carnitine O-octanoyltransferase isoform X2 [Myotis davidii]	225400
XP_036167237.1	XP_032969884	27.597	616	772	670	73	1.14e-55	207	carnitine O-palmitoyltransferase 2, mitochondrial isoform X1 [Rhinolophus ferrumequinum]	59479
XP_036167237.1	XP_016066316	27.646	633	772	611	76	1.17e-55	206	PREDICTED: carnitine O-palmitoyltransferase 2, mitochondrial, partial [Miniopterus natalensis]	291302
XP_036167237.1	XP_019479275	26.400	625	772	570	79	1.28e-55	206	PREDICTED: peroxisomal carnitine O-octanoyltransferase isoform X2 [Hipposideros armiger]	186990
XP_036167237.1	XP_045434442	31.042	480	772	498	60	5.28e-55	202	peroxisomal carnitine O-octanoyltransferase isoform X3 [Pipistrellus kuhlii]	59472
XP_036167237.1	XP_036285440	27.229	628	772	578	79	9.06e-55	203	peroxisomal carnitine O-octanoyltransferase isoform X2 [Pipistrellus kuhlii]	59472
XP_036167237.1	XP_019521932	26.101	636	772	632	77	2.09e-51	195	PREDICTED: carnitine O-palmitoyltransferase 2, mitochondrial [Hipposideros armiger]	186990
XP_036167237.1	XP_053777030	27.370	654	772	631	79	2.25e-50	192	carnitine O-palmitoyltransferase 2, mitochondrial isoform X2 [Desmodus rotundus]	9430
XP_036167237.1	XP_081003735	28.689	488	772	508	61	2.44e-50	189	peroxisomal carnitine O-octanoyltransferase isoform 3 [Miniopterus schreibersii]	9433
XP_036167237.1	XP_054576518	27.799	518	772	597	62	2.01e-49	189	carnitine O-palmitoyltransferase 2, mitochondrial isoform X2 [Eptesicus fuscus]	29078
XP_036167237.1	XP_053777031	27.732	613	772	588	74	4.43e-49	187	carnitine O-palmitoyltransferase 2, mitochondrial isoform X3 [Desmodus rotundus]	9430
XP_036167237.1	XP_079633748	27.606	518	772	597	62	5.22e-49	187	carnitine O-palmitoyltransferase 2, mitochondrial isoform 2 [Cnephaeus nilssonii]	3371016
XP_036167237.1	XP_036184208	28.980	490	772	503	62	7.41e-49	185	peroxisomal carnitine O-octanoyltransferase isoform X3 [Myotis myotis]	51298
XP_036167237.1	XP_036111277	27.625	619	772	588	74	8.66e-49	187	carnitine O-palmitoyltransferase 2, mitochondrial isoform X2 [Molossus molossus]	27622
XP_036167237.1	XP_037017812	30.720	472	772	550	60	2.97e-48	184	carnitine O-palmitoyltransferase 2, mitochondrial isoform X2 [Artibeus jamaicensis]	9417
XP_036167237.1	XP_037017806	30.720	472	772	550	60	2.97e-48	184	carnitine O-palmitoyltransferase 2, mitochondrial isoform X2 [Artibeus jamaicensis]	9417
XP_036167237.1	XP_045713510	31.027	477	772	550	60	1.34e-47	182	carnitine O-palmitoyltransferase 2, mitochondrial isoform X2 [Phyllostomus hastatus]	9423
XP_036167237.1	XP_028368984	30.655	473	772	550	60	1.58e-47	182	carnitine O-palmitoyltransferase 2, mitochondrial isoform X2 [Phyllostomus discolor]	89673
XP_036167237.1	XP_024427007	29.724	471	772	550	60	3.06e-47	181	carnitine O-palmitoyltransferase 2, mitochondrial isoform X4 [Desmodus rotundus]	9430
XP_036167237.1	XP_036899139	30.085	472	772	550	60	9.18e-47	180	carnitine O-palmitoyltransferase 2, mitochondrial isoform X2 [Sturnira hondurensis]	192404
XP_036167237.1	XP_036111278	30.000	480	772	540	60	1.38e-46	179	carnitine O-palmitoyltransferase 2, mitochondrial isoform X3 [Molossus molossus]	27622
XP_036167237.1	XP_015975921	27.057	632	772	631	76	1.63e-46	181	carnitine O-palmitoyltransferase 2, mitochondrial isoform X2 [Rousettus aegyptiacus]	9407
XP_036167237.1	XP_080513454	29.087	471	772	540	60	1.64e-45	176	carnitine O-palmitoyltransferase 2, mitochondrial isoform 3 [Plecotus auritus]	61862
XP_036167237.1	XP_036300950	28.970	466	772	598	60	6.52e-45	176	carnitine O-palmitoyltransferase 2, mitochondrial isoform X2 [Pipistrellus kuhlii]	59472
XP_036167237.1	XP_070259090	28.662	471	772	540	60	9.96e-45	174	carnitine O-palmitoyltransferase 2, mitochondrial-like [Myotis yumanensis]	159337
XP_036167237.1	XP_080943234	28.450	471	772	558	60	3.16e-44	173	carnitine O-palmitoyltransferase 2, mitochondrial isoform 3 [Myotis nattereri]	109481
XP_036167237.1	XP_070261256	28.662	471	772	598	60	3.18e-44	174	carnitine O-palmitoyltransferase 2, mitochondrial isoform X2 [Myotis yumanensis]	159337
XP_036167237.1	XP_023608551	28.753	473	772	540	60	3.69e-44	172	carnitine O-palmitoyltransferase 2, mitochondrial isoform X3 [Myotis lucifugus]	59463
XP_036167237.1	XP_036205190	28.450	471	772	598	60	4.53e-44	173	carnitine O-palmitoyltransferase 2, mitochondrial isoform X2 [Myotis myotis]	51298
XP_036167237.1	XP_015422435	28.450	471	772	598	60	5.48e-44	173	PREDICTED: carnitine O-palmitoyltransferase 2, mitochondrial isoform X2 [Myotis davidii]	225400
XP_036167237.1	XP_015422434	28.450	471	772	598	60	5.48e-44	173	PREDICTED: carnitine O-palmitoyltransferase 2, mitochondrial isoform X1 [Myotis davidii]	225400
XP_036167237.1	XP_080943233	28.450	471	772	598	60	6.15e-44	173	carnitine O-palmitoyltransferase 2, mitochondrial isoform 2 [Myotis nattereri]	109481
XP_036167237.1	XP_074190839	29.325	474	772	540	60	1.00e-43	171	carnitine O-palmitoyltransferase 2, mitochondrial isoform X2 [Rhinolophus sinicus]	89399
XP_036167237.1	XP_074190838	29.325	474	772	540	60	1.00e-43	171	carnitine O-palmitoyltransferase 2, mitochondrial isoform X2 [Rhinolophus sinicus]	89399
XP_036167237.1	XP_014310097	28.450	471	772	598	60	1.19e-43	172	carnitine O-palmitoyltransferase 2, mitochondrial isoform X2 [Myotis lucifugus]	59463
XP_036167237.1	XP_039742496	29.387	473	772	550	60	1.83e-43	171	carnitine O-palmitoyltransferase 2, mitochondrial isoform X4 [Pteropus medius]	143291
XP_036167237.1	XP_039742495	29.387	473	772	550	60	1.83e-43	171	carnitine O-palmitoyltransferase 2, mitochondrial isoform X4 [Pteropus medius]	143291
XP_036167237.1	XP_039742499	29.087	471	772	540	60	1.95e-43	170	carnitine O-palmitoyltransferase 2, mitochondrial isoform X5 [Pteropus medius]	143291
XP_036167237.1	XP_039742498	29.087	471	772	540	60	1.95e-43	170	carnitine O-palmitoyltransferase 2, mitochondrial isoform X5 [Pteropus medius]	143291
XP_036167237.1	XP_039742497	29.087	471	772	540	60	1.95e-43	170	carnitine O-palmitoyltransferase 2, mitochondrial isoform X5 [Pteropus medius]	143291
XP_036167237.1	XP_059545521	28.238	471	772	598	60	2.02e-43	171	carnitine O-palmitoyltransferase 2, mitochondrial isoform X2 [Myotis daubentonii]	98922
XP_036167237.1	XP_024907763	26.445	571	772	589	68	3.85e-42	167	carnitine O-palmitoyltransferase 2, mitochondrial isoform X4 [Pteropus alecto]	9402
XP_036167237.1	XP_024907768	29.167	432	772	541	54	5.77e-41	163	carnitine O-palmitoyltransferase 2, mitochondrial isoform X6 [Pteropus alecto]	9402
XP_036167237.1	XP_024907767	29.167	432	772	541	54	5.77e-41	163	carnitine O-palmitoyltransferase 2, mitochondrial isoform X6 [Pteropus alecto]	9402
XP_036167237.1	XP_024907766	29.167	432	772	541	54	5.77e-41	163	carnitine O-palmitoyltransferase 2, mitochondrial isoform X6 [Pteropus alecto]	9402
XP_036167237.1	XP_023392542	29.167	432	772	541	54	6.72e-41	163	carnitine O-palmitoyltransferase 2, mitochondrial isoform X6 [Pteropus vampyrus]	132908
XP_036167237.1	XP_023392541	29.167	432	772	541	54	6.72e-41	163	carnitine O-palmitoyltransferase 2, mitochondrial isoform X6 [Pteropus vampyrus]	132908
XP_036167237.1	XP_023392540	29.167	432	772	541	54	6.72e-41	163	carnitine O-palmitoyltransferase 2, mitochondrial isoform X6 [Pteropus vampyrus]	132908
XP_036167237.1	XP_024907765	29.167	432	772	551	54	7.71e-41	163	carnitine O-palmitoyltransferase 2, mitochondrial isoform X5 [Pteropus alecto]	9402
XP_036167237.1	XP_024907764	29.167	432	772	551	54	7.71e-41	163	carnitine O-palmitoyltransferase 2, mitochondrial isoform X5 [Pteropus alecto]	9402
XP_036167237.1	XP_023392539	29.167	432	772	551	54	1.01e-40	162	carnitine O-palmitoyltransferase 2, mitochondrial isoform X5 [Pteropus vampyrus]	132908
XP_036167237.1	XP_023392538	29.167	432	772	551	54	1.01e-40	162	carnitine O-palmitoyltransferase 2, mitochondrial isoform X5 [Pteropus vampyrus]	132908
XP_036167237.1	XP_014386201	30.831	373	772	389	47	9.20e-38	150	PREDICTED: choline O-acetyltransferase, partial [Myotis brandtii]	109478
XP_036167237.1	XP_019497203	32.792	308	772	538	63	4.91e-37	152	PREDICTED: carnitine O-acetyltransferase [Hipposideros armiger]	186990
XP_036167237.1	XP_019497203	31.217	189	772	538	63	3.00e-19	97.8	PREDICTED: carnitine O-acetyltransferase [Hipposideros armiger]	186990
XP_036167237.1	XP_080513453	26.307	612	772	564	77	5.69e-35	146	carnitine O-palmitoyltransferase 2, mitochondrial isoform 2 [Plecotus auritus]	61862
XP_036167237.1	XP_070280274	28.182	330	772	394	41	9.01e-32	133	peroxisomal carnitine O-octanoyltransferase isoform X2 [Myotis yumanensis]	159337
XP_036167237.1	XP_080936358	27.055	292	772	303	36	1.46e-27	119	peroxisomal carnitine O-octanoyltransferase isoform 2 [Rhinolophus hipposideros]	77218
XP_036167237.1	XP_006777755	55.556	72	772	88	9	4.72e-22	96.3	PREDICTED: carnitine O-palmitoyltransferase 1, brain isoform-like [Myotis davidii]	225400
XP_036167237.1	XP_005853268	28.226	248	772	333	30	4.65e-18	91.7	PREDICTED: choline O-acetyltransferase [Myotis brandtii]	109478
XP_036167237.1	XP_059568186	33.000	100	772	161	13	7.97e-13	72.4	peroxisomal carnitine O-octanoyltransferase isoform X3 [Myotis daubentonii]	98922
XP_036167237.1	XP_059568187	33.000	100	772	141	13	9.35e-13	71.6	peroxisomal carnitine O-octanoyltransferase isoform X4 [Myotis daubentonii]	98922
XP_036167237.1	XP_036184212	33.000	100	772	141	13	9.35e-13	71.6	peroxisomal carnitine O-octanoyltransferase isoform X5 [Myotis myotis]	51298
XP_036167237.1	XP_036184211	33.000	100	772	141	13	9.35e-13	71.6	peroxisomal carnitine O-octanoyltransferase isoform X5 [Myotis myotis]	51298
XP_036167237.1	XP_023618484	33.000	100	772	141	13	9.35e-13	71.6	peroxisomal carnitine O-octanoyltransferase isoform X4 [Myotis lucifugus]	59463
XP_036167237.1	XP_023618483	33.000	100	772	141	13	9.35e-13	71.6	peroxisomal carnitine O-octanoyltransferase isoform X4 [Myotis lucifugus]	59463
XP_036167237.1	XP_023618482	33.000	100	772	141	13	9.35e-13	71.6	peroxisomal carnitine O-octanoyltransferase isoform X4 [Myotis lucifugus]	59463
XP_036167237.1	XP_014403137	33.000	100	772	161	13	1.05e-12	72.0	PREDICTED: peroxisomal carnitine O-octanoyltransferase isoform X3 [Myotis brandtii]	109478
XP_036167237.1	XP_036184210	33.000	100	772	161	13	1.05e-12	72.0	peroxisomal carnitine O-octanoyltransferase isoform X4 [Myotis myotis]	51298
XP_036167237.1	XP_036184209	33.000	100	772	161	13	1.05e-12	72.0	peroxisomal carnitine O-octanoyltransferase isoform X4 [Myotis myotis]	51298
