XP_036182261.1	XP_036182262	100.000	773	773	773	100	0.0	1616	carnitine O-palmitoyltransferase 1, liver isoform isoform X1 [Myotis myotis]	51298
XP_036182261.1	XP_036182261	100.000	773	773	773	100	0.0	1616	carnitine O-palmitoyltransferase 1, liver isoform isoform X1 [Myotis myotis]	51298
XP_036182261.1	XP_059565826	99.483	773	773	773	100	0.0	1610	carnitine O-palmitoyltransferase 1, liver isoform isoform X1 [Myotis daubentonii]	98922
XP_036182261.1	XP_080955554	99.483	773	773	773	100	0.0	1608	carnitine O-palmitoyltransferase 1, liver isoform [Myotis nattereri]	109481
XP_036182261.1	XP_014393619	98.577	773	773	773	100	0.0	1595	PREDICTED: carnitine O-palmitoyltransferase 1, liver isoform [Myotis brandtii]	109478
XP_036182261.1	XP_005864423	98.577	773	773	773	100	0.0	1595	PREDICTED: carnitine O-palmitoyltransferase 1, liver isoform [Myotis brandtii]	109478
XP_036182261.1	XP_023603602	98.706	773	773	773	100	0.0	1595	carnitine O-palmitoyltransferase 1, liver isoform [Myotis lucifugus]	59463
XP_036182261.1	XP_014304557	98.706	773	773	773	100	0.0	1595	carnitine O-palmitoyltransferase 1, liver isoform [Myotis lucifugus]	59463
XP_036182261.1	XP_080497801	96.378	773	773	773	100	0.0	1570	carnitine O-palmitoyltransferase 1, liver isoform [Plecotus auritus]	61862
XP_036182261.1	XP_054580699	96.507	773	773	773	100	0.0	1569	carnitine O-palmitoyltransferase 1, liver isoform [Eptesicus fuscus]	29078
XP_036182261.1	XP_079643043	96.248	773	773	773	100	0.0	1566	carnitine O-palmitoyltransferase 1, liver isoform 1 [Cnephaeus nilssonii]	3371016
XP_036182261.1	XP_079643042	96.248	773	773	773	100	0.0	1566	carnitine O-palmitoyltransferase 1, liver isoform 1 [Cnephaeus nilssonii]	3371016
XP_036182261.1	XP_036282966	95.731	773	773	773	100	0.0	1556	carnitine O-palmitoyltransferase 1, liver isoform isoform X3 [Pipistrellus kuhlii]	59472
XP_036182261.1	XP_036282964	95.731	773	773	782	100	0.0	1556	carnitine O-palmitoyltransferase 1, liver isoform isoform X1 [Pipistrellus kuhlii]	59472
XP_036182261.1	XP_036182263	96.636	773	773	747	100	0.0	1543	carnitine O-palmitoyltransferase 1, liver isoform isoform X2 [Myotis myotis]	51298
XP_036182261.1	XP_016068952	93.532	773	773	773	100	0.0	1535	PREDICTED: carnitine O-palmitoyltransferase 1, liver isoform [Miniopterus natalensis]	291302
XP_036182261.1	XP_081011117	93.532	773	773	773	100	0.0	1531	carnitine O-palmitoyltransferase 1, liver isoform 1 [Miniopterus schreibersii]	9433
XP_036182261.1	XP_081011116	93.532	773	773	773	100	0.0	1531	carnitine O-palmitoyltransferase 1, liver isoform 1 [Miniopterus schreibersii]	9433
XP_036182261.1	XP_081011115	93.532	773	773	773	100	0.0	1531	carnitine O-palmitoyltransferase 1, liver isoform 1 [Miniopterus schreibersii]	9433
XP_036182261.1	XP_081011114	93.532	773	773	773	100	0.0	1531	carnitine O-palmitoyltransferase 1, liver isoform 1 [Miniopterus schreibersii]	9433
XP_036182261.1	XP_036182264	95.084	773	773	735	100	0.0	1518	carnitine O-palmitoyltransferase 1, liver isoform isoform X3 [Myotis myotis]	51298
XP_036182261.1	XP_036114085	92.497	773	773	773	100	0.0	1516	carnitine O-palmitoyltransferase 1, liver isoform isoform X1 [Molossus molossus]	27622
XP_036182261.1	XP_036114082	92.497	773	773	773	100	0.0	1516	carnitine O-palmitoyltransferase 1, liver isoform isoform X1 [Molossus molossus]	27622
XP_036182261.1	XP_036114081	92.497	773	773	773	100	0.0	1516	carnitine O-palmitoyltransferase 1, liver isoform isoform X1 [Molossus molossus]	27622
XP_036182261.1	XP_059565827	94.696	773	773	735	100	0.0	1514	carnitine O-palmitoyltransferase 1, liver isoform isoform X2 [Myotis daubentonii]	98922
XP_036182261.1	XP_028371191	91.591	773	773	773	100	0.0	1507	carnitine O-palmitoyltransferase 1, liver isoform [Phyllostomus discolor]	89673
XP_036182261.1	XP_028371192	91.591	773	773	773	100	0.0	1507	carnitine O-palmitoyltransferase 1, liver isoform [Phyllostomus discolor]	89673
XP_036182261.1	XP_053779888	91.591	773	773	773	100	0.0	1507	carnitine O-palmitoyltransferase 1, liver isoform [Desmodus rotundus]	9430
XP_036182261.1	XP_053779887	91.591	773	773	773	100	0.0	1507	carnitine O-palmitoyltransferase 1, liver isoform [Desmodus rotundus]	9430
XP_036182261.1	XP_045710814	91.850	773	773	773	100	0.0	1506	carnitine O-palmitoyltransferase 1, liver isoform [Phyllostomus hastatus]	9423
XP_036182261.1	XP_045710813	91.850	773	773	773	100	0.0	1506	carnitine O-palmitoyltransferase 1, liver isoform [Phyllostomus hastatus]	9423
XP_036182261.1	XP_054426746	91.203	773	773	773	100	0.0	1506	carnitine O-palmitoyltransferase 1, liver isoform [Pteronotus mesoamericanus]	1884717
XP_036182261.1	XP_054426745	91.203	773	773	773	100	0.0	1506	carnitine O-palmitoyltransferase 1, liver isoform [Pteronotus mesoamericanus]	1884717
XP_036182261.1	XP_054426744	91.203	773	773	773	100	0.0	1506	carnitine O-palmitoyltransferase 1, liver isoform [Pteronotus mesoamericanus]	1884717
XP_036182261.1	XP_074192948	90.556	773	773	773	100	0.0	1501	carnitine O-palmitoyltransferase 1, liver isoform [Rhinolophus sinicus]	89399
XP_036182261.1	XP_006911062	90.427	773	773	773	100	0.0	1501	carnitine O-palmitoyltransferase 1, liver isoform [Pteropus alecto]	9402
XP_036182261.1	XP_036918461	91.721	773	773	773	100	0.0	1500	carnitine O-palmitoyltransferase 1, liver isoform [Sturnira hondurensis]	192404
XP_036182261.1	XP_036918460	91.721	773	773	773	100	0.0	1500	carnitine O-palmitoyltransferase 1, liver isoform [Sturnira hondurensis]	192404
XP_036182261.1	XP_036918459	91.721	773	773	773	100	0.0	1500	carnitine O-palmitoyltransferase 1, liver isoform [Sturnira hondurensis]	192404
XP_036182261.1	XP_032975839	90.427	773	773	773	100	0.0	1498	carnitine O-palmitoyltransferase 1, liver isoform [Rhinolophus ferrumequinum]	59479
XP_036182261.1	XP_015987244	90.168	773	773	773	100	0.0	1496	carnitine O-palmitoyltransferase 1, liver isoform [Rousettus aegyptiacus]	9407
XP_036182261.1	XP_036991099	90.815	773	773	773	100	0.0	1495	carnitine O-palmitoyltransferase 1, liver isoform [Artibeus jamaicensis]	9417
XP_036182261.1	XP_036991100	90.815	773	773	773	100	0.0	1495	carnitine O-palmitoyltransferase 1, liver isoform [Artibeus jamaicensis]	9417
XP_036182261.1	XP_080919941	90.168	773	773	773	100	0.0	1494	carnitine O-palmitoyltransferase 1, liver isoform 1 [Rhinolophus hipposideros]	77218
XP_036182261.1	XP_080919940	90.168	773	773	773	100	0.0	1494	carnitine O-palmitoyltransferase 1, liver isoform 1 [Rhinolophus hipposideros]	77218
XP_036182261.1	XP_080919939	90.168	773	773	773	100	0.0	1494	carnitine O-palmitoyltransferase 1, liver isoform 1 [Rhinolophus hipposideros]	77218
XP_036182261.1	XP_080919938	90.168	773	773	773	100	0.0	1494	carnitine O-palmitoyltransferase 1, liver isoform 1 [Rhinolophus hipposideros]	77218
XP_036182261.1	XP_080919937	90.168	773	773	773	100	0.0	1494	carnitine O-palmitoyltransferase 1, liver isoform 1 [Rhinolophus hipposideros]	77218
XP_036182261.1	XP_015424435	93.231	783	773	751	100	0.0	1493	PREDICTED: carnitine O-palmitoyltransferase 1, liver isoform [Myotis davidii]	225400
XP_036182261.1	XP_019510245	90.168	773	773	773	100	0.0	1492	PREDICTED: carnitine O-palmitoyltransferase 1, liver isoform [Hipposideros armiger]	186990
XP_036182261.1	XP_019510244	90.168	773	773	773	100	0.0	1492	PREDICTED: carnitine O-palmitoyltransferase 1, liver isoform [Hipposideros armiger]	186990
XP_036182261.1	XP_070282385	92.366	786	773	784	100	0.0	1487	LOW QUALITY PROTEIN: carnitine O-palmitoyltransferase 1, liver isoform [Myotis yumanensis]	159337
XP_036182261.1	XP_039696557	89.909	773	773	771	100	0.0	1486	LOW QUALITY PROTEIN: carnitine O-palmitoyltransferase 1, liver isoform [Pteropus medius]	143291
XP_036182261.1	XP_066108361	90.593	776	773	776	100	0.0	1485	carnitine O-palmitoyltransferase 1, liver isoform [Saccopteryx bilineata]	59482
XP_036182261.1	XP_066239900	90.464	776	773	776	100	0.0	1482	carnitine O-palmitoyltransferase 1, liver isoform [Saccopteryx leptura]	249018
XP_036182261.1	XP_036282965	91.332	773	773	744	100	0.0	1467	carnitine O-palmitoyltransferase 1, liver isoform isoform X2 [Pipistrellus kuhlii]	59472
XP_036182261.1	XP_036114083	88.357	773	773	739	100	0.0	1431	carnitine O-palmitoyltransferase 1, liver isoform isoform X2 [Molossus molossus]	27622
XP_036182261.1	XP_036114084	87.063	773	773	728	100	0.0	1405	carnitine O-palmitoyltransferase 1, liver isoform isoform X3 [Molossus molossus]	27622
XP_036182261.1	XP_023381548	70.229	786	773	954	94	0.0	1097	carnitine O-palmitoyltransferase 1, liver isoform [Pteropus vampyrus]	132908
XP_036182261.1	XP_036134134	64.156	770	773	772	99	0.0	1050	carnitine O-palmitoyltransferase 1, muscle isoform [Molossus molossus]	27622
XP_036182261.1	XP_036134133	64.156	770	773	772	99	0.0	1050	carnitine O-palmitoyltransferase 1, muscle isoform [Molossus molossus]	27622
XP_036182261.1	XP_037016644	64.928	767	773	772	99	0.0	1050	carnitine O-palmitoyltransferase 1, muscle isoform [Artibeus jamaicensis]	9417
XP_036182261.1	XP_036904549	64.668	767	773	772	99	0.0	1046	carnitine O-palmitoyltransferase 1, muscle isoform [Sturnira hondurensis]	192404
XP_036182261.1	XP_036904540	64.668	767	773	772	99	0.0	1046	carnitine O-palmitoyltransferase 1, muscle isoform [Sturnira hondurensis]	192404
XP_036182261.1	XP_045690807	64.537	767	773	772	99	0.0	1046	carnitine O-palmitoyltransferase 1, muscle isoform [Phyllostomus hastatus]	9423
XP_036182261.1	XP_045690806	64.537	767	773	772	99	0.0	1046	carnitine O-palmitoyltransferase 1, muscle isoform [Phyllostomus hastatus]	9423
XP_036182261.1	XP_035875705	64.499	769	773	772	99	0.0	1046	carnitine O-palmitoyltransferase 1, muscle isoform isoform X2 [Phyllostomus discolor]	89673
XP_036182261.1	XP_054426437	63.648	773	773	771	99	0.0	1045	carnitine O-palmitoyltransferase 1, muscle isoform [Pteronotus mesoamericanus]	1884717
XP_036182261.1	XP_035875704	64.499	769	773	772	99	0.0	1045	carnitine O-palmitoyltransferase 1, muscle isoform isoform X1 [Phyllostomus discolor]	89673
XP_036182261.1	XP_028388542	64.499	769	773	772	99	0.0	1045	carnitine O-palmitoyltransferase 1, muscle isoform isoform X1 [Phyllostomus discolor]	89673
XP_036182261.1	XP_045043197	63.885	767	773	772	99	0.0	1043	carnitine O-palmitoyltransferase 1, muscle isoform [Desmodus rotundus]	9430
XP_036182261.1	XP_024435080	63.885	767	773	772	99	0.0	1043	carnitine O-palmitoyltransferase 1, muscle isoform [Desmodus rotundus]	9430
XP_036182261.1	XP_066214893	63.766	770	773	772	99	0.0	1043	carnitine O-palmitoyltransferase 1, muscle isoform [Saccopteryx leptura]	249018
XP_036182261.1	XP_066214892	63.766	770	773	772	99	0.0	1043	carnitine O-palmitoyltransferase 1, muscle isoform [Saccopteryx leptura]	249018
XP_036182261.1	XP_066214891	63.766	770	773	772	99	0.0	1043	carnitine O-palmitoyltransferase 1, muscle isoform [Saccopteryx leptura]	249018
XP_036182261.1	XP_066110663	63.636	770	773	772	99	0.0	1041	carnitine O-palmitoyltransferase 1, muscle isoform [Saccopteryx bilineata]	59482
XP_036182261.1	XP_066110656	63.636	770	773	772	99	0.0	1041	carnitine O-palmitoyltransferase 1, muscle isoform [Saccopteryx bilineata]	59482
XP_036182261.1	XP_066110652	63.636	770	773	772	99	0.0	1041	carnitine O-palmitoyltransferase 1, muscle isoform [Saccopteryx bilineata]	59482
XP_036182261.1	XP_080983173	63.896	770	773	772	99	0.0	1041	carnitine O-palmitoyltransferase 1, muscle isoform [Miniopterus schreibersii]	9433
XP_036182261.1	XP_019524163	63.494	767	773	772	99	0.0	1038	PREDICTED: carnitine O-palmitoyltransferase 1, muscle isoform [Hipposideros armiger]	186990
XP_036182261.1	XP_036167238	63.212	772	773	772	99	0.0	1036	carnitine O-palmitoyltransferase 1, muscle isoform isoform X1 [Myotis myotis]	51298
XP_036182261.1	XP_036167237	63.212	772	773	772	99	0.0	1036	carnitine O-palmitoyltransferase 1, muscle isoform isoform X1 [Myotis myotis]	51298
XP_036182261.1	XP_080515566	62.758	776	773	778	99	0.0	1033	carnitine O-palmitoyltransferase 1, muscle isoform 1 [Plecotus auritus]	61862
XP_036182261.1	XP_080515565	62.758	776	773	778	99	0.0	1033	carnitine O-palmitoyltransferase 1, muscle isoform 1 [Plecotus auritus]	61862
XP_036182261.1	XP_080515564	62.758	776	773	778	99	0.0	1033	carnitine O-palmitoyltransferase 1, muscle isoform 1 [Plecotus auritus]	61862
XP_036182261.1	XP_080515563	62.758	776	773	778	99	0.0	1033	carnitine O-palmitoyltransferase 1, muscle isoform 1 [Plecotus auritus]	61862
XP_036182261.1	XP_006917900	63.494	767	773	772	99	0.0	1032	carnitine O-palmitoyltransferase 1, muscle isoform isoform X2 [Pteropus alecto]	9402
XP_036182261.1	XP_036093694	63.260	773	773	775	99	0.0	1032	carnitine O-palmitoyltransferase 1, muscle isoform [Rousettus aegyptiacus]	9407
XP_036182261.1	XP_015980819	63.260	773	773	775	99	0.0	1032	carnitine O-palmitoyltransferase 1, muscle isoform [Rousettus aegyptiacus]	9407
XP_036182261.1	XP_059537248	62.853	778	773	778	99	0.0	1032	carnitine O-palmitoyltransferase 1, muscle isoform [Myotis daubentonii]	98922
XP_036182261.1	XP_059537247	62.853	778	773	778	99	0.0	1032	carnitine O-palmitoyltransferase 1, muscle isoform [Myotis daubentonii]	98922
XP_036182261.1	XP_039718980	63.233	767	773	772	99	0.0	1031	carnitine O-palmitoyltransferase 1, muscle isoform [Pteropus medius]	143291
XP_036182261.1	XP_011382436	63.233	767	773	772	99	0.0	1031	carnitine O-palmitoyltransferase 1, muscle isoform isoform X1 [Pteropus vampyrus]	132908
XP_036182261.1	XP_080937137	62.725	778	773	778	99	0.0	1031	carnitine O-palmitoyltransferase 1, muscle isoform [Myotis nattereri]	109481
XP_036182261.1	XP_070267472	62.725	778	773	778	99	0.0	1030	carnitine O-palmitoyltransferase 1, muscle isoform [Myotis yumanensis]	159337
XP_036182261.1	XP_070267471	62.725	778	773	778	99	0.0	1030	carnitine O-palmitoyltransferase 1, muscle isoform [Myotis yumanensis]	159337
XP_036182261.1	XP_005868291	62.725	778	773	778	99	0.0	1030	PREDICTED: carnitine O-palmitoyltransferase 1, muscle isoform isoform X2 [Myotis brandtii]	109478
XP_036182261.1	XP_006106431	62.725	778	773	778	99	0.0	1030	carnitine O-palmitoyltransferase 1, muscle isoform isoform X1 [Myotis lucifugus]	59463
XP_036182261.1	XP_080917486	63.103	767	773	772	99	0.0	1029	carnitine O-palmitoyltransferase 1, muscle isoform 1 [Rhinolophus hipposideros]	77218
XP_036182261.1	XP_080917484	63.103	767	773	772	99	0.0	1029	carnitine O-palmitoyltransferase 1, muscle isoform 1 [Rhinolophus hipposideros]	77218
XP_036182261.1	XP_019573368	62.973	767	773	772	99	0.0	1029	carnitine O-palmitoyltransferase 1, muscle isoform [Rhinolophus sinicus]	89399
XP_036182261.1	XP_036286038	62.872	773	773	778	99	0.0	1028	carnitine O-palmitoyltransferase 1, muscle isoform [Pipistrellus kuhlii]	59472
XP_036182261.1	XP_006771154	62.596	778	773	778	99	0.0	1028	PREDICTED: carnitine O-palmitoyltransferase 1, muscle isoform [Myotis davidii]	225400
XP_036182261.1	XP_006771153	62.596	778	773	778	99	0.0	1028	PREDICTED: carnitine O-palmitoyltransferase 1, muscle isoform [Myotis davidii]	225400
XP_036182261.1	XP_014396694	62.725	778	773	846	99	0.0	1028	PREDICTED: carnitine O-palmitoyltransferase 1, muscle isoform isoform X1 [Myotis brandtii]	109478
XP_036182261.1	XP_079631937	62.743	773	773	778	99	0.0	1028	carnitine O-palmitoyltransferase 1, muscle isoform [Cnephaeus nilssonii]	3371016
XP_036182261.1	XP_054575660	62.743	773	773	778	99	0.0	1026	carnitine O-palmitoyltransferase 1, muscle isoform [Eptesicus fuscus]	29078
XP_036182261.1	XP_054575659	62.743	773	773	778	99	0.0	1026	carnitine O-palmitoyltransferase 1, muscle isoform [Eptesicus fuscus]	29078
XP_036182261.1	XP_008153657	62.743	773	773	778	99	0.0	1026	carnitine O-palmitoyltransferase 1, muscle isoform [Eptesicus fuscus]	29078
XP_036182261.1	XP_032973441	62.842	767	773	772	99	0.0	1023	carnitine O-palmitoyltransferase 1, muscle isoform [Rhinolophus ferrumequinum]	59479
XP_036182261.1	XP_080917488	62.712	767	773	765	99	0.0	1018	carnitine O-palmitoyltransferase 1, muscle isoform 2 [Rhinolophus hipposideros]	77218
XP_036182261.1	XP_080917487	62.712	767	773	765	99	0.0	1018	carnitine O-palmitoyltransferase 1, muscle isoform 2 [Rhinolophus hipposideros]	77218
XP_036182261.1	XP_016067165	63.928	718	773	952	93	0.0	970	PREDICTED: carnitine O-palmitoyltransferase 1, muscle isoform [Miniopterus natalensis]	291302
XP_036182261.1	XP_023602975	59.769	778	773	740	99	0.0	968	carnitine O-palmitoyltransferase 1, muscle isoform isoform X2 [Myotis lucifugus]	59463
XP_036182261.1	XP_023602977	61.798	712	773	712	91	0.0	927	carnitine O-palmitoyltransferase 1, muscle isoform isoform X3 [Myotis lucifugus]	59463
XP_036182261.1	XP_036167239	63.235	680	773	700	87	0.0	919	carnitine O-palmitoyltransferase 1, muscle isoform isoform X2 [Myotis myotis]	51298
XP_036182261.1	XP_080917490	61.626	701	773	706	90	0.0	917	carnitine O-palmitoyltransferase 1, muscle isoform 3 [Rhinolophus hipposideros]	77218
XP_036182261.1	XP_080917489	61.626	701	773	706	90	0.0	917	carnitine O-palmitoyltransferase 1, muscle isoform 3 [Rhinolophus hipposideros]	77218
XP_036182261.1	XP_036087718	56.471	765	773	802	99	0.0	914	carnitine O-palmitoyltransferase 1, brain isoform isoform X2 [Rousettus aegyptiacus]	9407
XP_036182261.1	XP_015978001	56.471	765	773	802	99	0.0	914	carnitine O-palmitoyltransferase 1, brain isoform isoform X2 [Rousettus aegyptiacus]	9407
XP_036182261.1	XP_036087716	56.471	765	773	825	99	0.0	913	carnitine O-palmitoyltransferase 1, brain isoform isoform X1 [Rousettus aegyptiacus]	9407
XP_036182261.1	XP_006905080	56.340	765	773	802	99	0.0	912	carnitine O-palmitoyltransferase 1, brain isoform isoform X1 [Pteropus alecto]	9402
XP_036182261.1	XP_036130711	55.948	765	773	804	99	0.0	909	carnitine O-palmitoyltransferase 1, brain isoform [Molossus molossus]	27622
XP_036182261.1	XP_054444518	55.686	765	773	803	99	0.0	909	palmitoyl thioesterase CPT1C isoform X1 [Pteronotus mesoamericanus]	1884717
XP_036182261.1	XP_080964587	55.425	765	773	790	99	0.0	905	palmitoyl thioesterase CPT1C isoform 2 [Myotis nattereri]	109481
XP_036182261.1	XP_080964586	55.425	765	773	790	99	0.0	905	palmitoyl thioesterase CPT1C isoform 2 [Myotis nattereri]	109481
XP_036182261.1	XP_039734562	56.209	765	773	801	99	0.0	904	palmitoyl thioesterase CPT1C isoform X1 [Pteropus medius]	143291
XP_036182261.1	XP_039734561	56.209	765	773	801	99	0.0	904	palmitoyl thioesterase CPT1C isoform X1 [Pteropus medius]	143291
XP_036182261.1	XP_080917493	63.982	658	773	664	85	0.0	903	carnitine O-palmitoyltransferase 1, muscle isoform 5 [Rhinolophus hipposideros]	77218
XP_036182261.1	XP_066230126	55.817	765	773	801	99	0.0	902	palmitoyl thioesterase CPT1C isoform X4 [Saccopteryx leptura]	249018
XP_036182261.1	XP_080500784	55.556	765	773	790	99	0.0	902	palmitoyl thioesterase CPT1C isoform 2 [Plecotus auritus]	61862
XP_036182261.1	XP_080500783	55.556	765	773	790	99	0.0	902	palmitoyl thioesterase CPT1C isoform 2 [Plecotus auritus]	61862
XP_036182261.1	XP_070258098	55.294	765	773	790	99	0.0	902	palmitoyl thioesterase CPT1C isoform X2 [Myotis yumanensis]	159337
XP_036182261.1	XP_036163142	55.294	765	773	790	99	0.0	902	carnitine O-palmitoyltransferase 1, brain isoform isoform X6 [Myotis myotis]	51298
XP_036182261.1	XP_080964585	55.280	767	773	792	99	0.0	902	palmitoyl thioesterase CPT1C isoform 1 [Myotis nattereri]	109481
XP_036182261.1	XP_059521291	55.294	765	773	790	99	0.0	901	carnitine O-palmitoyltransferase 1, brain isoform isoform X2 [Myotis daubentonii]	98922
XP_036182261.1	XP_066127615	55.817	765	773	804	99	0.0	900	palmitoyl thioesterase CPT1C isoform X4 [Saccopteryx bilineata]	59482
XP_036182261.1	XP_054566443	55.686	765	773	790	99	0.0	900	carnitine O-palmitoyltransferase 1, brain isoform [Eptesicus fuscus]	29078
XP_036182261.1	XP_080975864	55.294	765	773	822	99	0.0	900	palmitoyl thioesterase CPT1C [Miniopterus schreibersii]	9433
XP_036182261.1	XP_066230124	55.671	767	773	803	99	0.0	899	palmitoyl thioesterase CPT1C isoform X2 [Saccopteryx leptura]	249018
XP_036182261.1	XP_080500782	55.411	767	773	792	99	0.0	899	palmitoyl thioesterase CPT1C isoform 1 [Plecotus auritus]	61862
XP_036182261.1	XP_080500781	55.411	767	773	792	99	0.0	899	palmitoyl thioesterase CPT1C isoform 1 [Plecotus auritus]	61862
XP_036182261.1	XP_024422180	55.817	765	773	803	99	0.0	899	palmitoyl thioesterase CPT1C isoform X3 [Desmodus rotundus]	9430
XP_036182261.1	XP_070258097	55.150	767	773	792	99	0.0	899	palmitoyl thioesterase CPT1C isoform X1 [Myotis yumanensis]	159337
XP_036182261.1	XP_070258096	55.150	767	773	792	99	0.0	899	palmitoyl thioesterase CPT1C isoform X1 [Myotis yumanensis]	159337
XP_036182261.1	XP_066230125	55.744	766	773	802	99	0.0	899	palmitoyl thioesterase CPT1C isoform X3 [Saccopteryx leptura]	249018
XP_036182261.1	XP_079615645	55.556	765	773	790	99	0.0	899	palmitoyl thioesterase CPT1C [Cnephaeus nilssonii]	3371016
XP_036182261.1	XP_036163141	55.150	767	773	792	99	0.0	898	carnitine O-palmitoyltransferase 1, brain isoform isoform X5 [Myotis myotis]	51298
XP_036182261.1	XP_066127613	55.671	767	773	806	99	0.0	897	palmitoyl thioesterase CPT1C isoform X2 [Saccopteryx bilineata]	59482
XP_036182261.1	XP_066127614	55.744	766	773	805	99	0.0	897	palmitoyl thioesterase CPT1C isoform X3 [Saccopteryx bilineata]	59482
XP_036182261.1	XP_059521290	55.150	767	773	792	99	0.0	897	carnitine O-palmitoyltransferase 1, brain isoform isoform X1 [Myotis daubentonii]	98922
XP_036182261.1	XP_059521289	55.150	767	773	792	99	0.0	897	carnitine O-palmitoyltransferase 1, brain isoform isoform X1 [Myotis daubentonii]	98922
XP_036182261.1	XP_059521288	55.150	767	773	792	99	0.0	897	carnitine O-palmitoyltransferase 1, brain isoform isoform X1 [Myotis daubentonii]	98922
XP_036182261.1	XP_019513945	55.352	766	773	804	99	0.0	896	PREDICTED: carnitine O-palmitoyltransferase 1, brain isoform [Hipposideros armiger]	186990
XP_036182261.1	XP_019513944	55.352	766	773	804	99	0.0	896	PREDICTED: carnitine O-palmitoyltransferase 1, brain isoform [Hipposideros armiger]	186990
XP_036182261.1	XP_019513943	55.352	766	773	804	99	0.0	896	PREDICTED: carnitine O-palmitoyltransferase 1, brain isoform [Hipposideros armiger]	186990
XP_036182261.1	XP_045712362	55.425	765	773	803	99	0.0	896	carnitine O-palmitoyltransferase 1, brain isoform [Phyllostomus hastatus]	9423
XP_036182261.1	XP_045056368	55.671	767	773	805	99	0.0	895	palmitoyl thioesterase CPT1C isoform X2 [Desmodus rotundus]	9430
XP_036182261.1	XP_066230123	55.599	768	773	804	99	0.0	895	palmitoyl thioesterase CPT1C isoform X1 [Saccopteryx leptura]	249018
XP_036182261.1	XP_036996771	55.425	765	773	803	99	0.0	895	carnitine O-palmitoyltransferase 1, brain isoform [Artibeus jamaicensis]	9417
XP_036182261.1	XP_036996770	55.425	765	773	803	99	0.0	895	carnitine O-palmitoyltransferase 1, brain isoform [Artibeus jamaicensis]	9417
XP_036182261.1	XP_066127612	55.599	768	773	807	99	0.0	894	palmitoyl thioesterase CPT1C isoform X1 [Saccopteryx bilineata]	59482
XP_036182261.1	XP_019597171	55.686	765	773	802	99	0.0	893	palmitoyl thioesterase CPT1C isoform X1 [Rhinolophus sinicus]	89399
XP_036182261.1	XP_074172180	55.686	765	773	802	99	0.0	893	palmitoyl thioesterase CPT1C isoform X1 [Rhinolophus sinicus]	89399
XP_036182261.1	XP_019597170	55.686	765	773	802	99	0.0	893	palmitoyl thioesterase CPT1C isoform X1 [Rhinolophus sinicus]	89399
XP_036182261.1	XP_074172179	55.686	765	773	802	99	0.0	893	palmitoyl thioesterase CPT1C isoform X1 [Rhinolophus sinicus]	89399
XP_036182261.1	XP_019597169	55.686	765	773	802	99	0.0	893	palmitoyl thioesterase CPT1C isoform X1 [Rhinolophus sinicus]	89399
XP_036182261.1	XP_028385622	55.033	765	773	803	99	0.0	892	carnitine O-palmitoyltransferase 1, brain isoform isoform X2 [Phyllostomus discolor]	89673
XP_036182261.1	XP_032984038	55.686	765	773	802	99	0.0	889	carnitine O-palmitoyltransferase 1, brain isoform [Rhinolophus ferrumequinum]	59479
XP_036182261.1	XP_032984037	55.686	765	773	802	99	0.0	889	carnitine O-palmitoyltransferase 1, brain isoform [Rhinolophus ferrumequinum]	59479
XP_036182261.1	XP_032984036	55.686	765	773	802	99	0.0	889	carnitine O-palmitoyltransferase 1, brain isoform [Rhinolophus ferrumequinum]	59479
XP_036182261.1	XP_035868467	54.889	767	773	805	99	0.0	888	carnitine O-palmitoyltransferase 1, brain isoform isoform X1 [Phyllostomus discolor]	89673
XP_036182261.1	XP_035868466	54.889	767	773	805	99	0.0	888	carnitine O-palmitoyltransferase 1, brain isoform isoform X1 [Phyllostomus discolor]	89673
XP_036182261.1	XP_023602978	62.146	671	773	676	86	0.0	887	carnitine O-palmitoyltransferase 1, muscle isoform isoform X4 [Myotis lucifugus]	59463
XP_036182261.1	XP_080888160	55.294	765	773	802	99	0.0	885	palmitoyl thioesterase CPT1C isoform 1 [Rhinolophus hipposideros]	77218
XP_036182261.1	XP_080888159	55.294	765	773	802	99	0.0	885	palmitoyl thioesterase CPT1C isoform 1 [Rhinolophus hipposideros]	77218
XP_036182261.1	XP_080964588	54.510	765	773	782	99	0.0	882	palmitoyl thioesterase CPT1C isoform 3 [Myotis nattereri]	109481
XP_036182261.1	XP_036281610	55.033	765	773	800	99	0.0	881	carnitine O-palmitoyltransferase 1, brain isoform isoform X3 [Pipistrellus kuhlii]	59472
XP_036182261.1	XP_080964589	54.379	765	773	779	99	0.0	880	palmitoyl thioesterase CPT1C isoform 4 [Myotis nattereri]	109481
XP_036182261.1	XP_053772001	54.948	768	773	806	99	0.0	880	palmitoyl thioesterase CPT1C isoform X1 [Desmodus rotundus]	9430
XP_036182261.1	XP_036163138	52.222	810	773	835	99	0.0	878	carnitine O-palmitoyltransferase 1, brain isoform isoform X2 [Myotis myotis]	51298
XP_036182261.1	XP_070258099	54.237	767	773	784	99	0.0	877	palmitoyl thioesterase CPT1C isoform X3 [Myotis yumanensis]	159337
XP_036182261.1	XP_070258100	54.368	767	773	783	99	0.0	877	palmitoyl thioesterase CPT1C isoform X4 [Myotis yumanensis]	159337
XP_036182261.1	XP_045433093	54.889	767	773	802	99	0.0	876	carnitine O-palmitoyltransferase 1, brain isoform isoform X1 [Pipistrellus kuhlii]	59472
XP_036182261.1	XP_036281607	54.889	767	773	802	99	0.0	876	carnitine O-palmitoyltransferase 1, brain isoform isoform X1 [Pipistrellus kuhlii]	59472
XP_036182261.1	XP_036163137	52.094	812	773	837	99	0.0	875	carnitine O-palmitoyltransferase 1, brain isoform isoform X1 [Myotis myotis]	51298
XP_036182261.1	XP_036163136	52.094	812	773	837	99	0.0	875	carnitine O-palmitoyltransferase 1, brain isoform isoform X1 [Myotis myotis]	51298
XP_036182261.1	XP_019597172	55.839	745	773	769	96	0.0	868	palmitoyl thioesterase CPT1C isoform X2 [Rhinolophus sinicus]	89399
XP_036182261.1	XP_036163139	51.232	812	773	829	99	0.0	852	carnitine O-palmitoyltransferase 1, brain isoform isoform X3 [Myotis myotis]	51298
XP_036182261.1	XP_080917492	64.542	612	773	666	85	0.0	850	carnitine O-palmitoyltransferase 1, muscle isoform 4 [Rhinolophus hipposideros]	77218
XP_036182261.1	XP_080917492	80.851	47	773	666	85	1.16e-14	83.6	carnitine O-palmitoyltransferase 1, muscle isoform 4 [Rhinolophus hipposideros]	77218
XP_036182261.1	XP_080917491	64.542	612	773	666	85	0.0	850	carnitine O-palmitoyltransferase 1, muscle isoform 4 [Rhinolophus hipposideros]	77218
XP_036182261.1	XP_080917491	80.851	47	773	666	85	1.16e-14	83.6	carnitine O-palmitoyltransferase 1, muscle isoform 4 [Rhinolophus hipposideros]	77218
XP_036182261.1	XP_080500786	52.941	765	773	764	99	0.0	841	palmitoyl thioesterase CPT1C isoform 4 [Plecotus auritus]	61862
XP_036182261.1	XP_080917485	64.052	612	773	659	85	0.0	838	carnitine O-palmitoyltransferase 1, muscle isoform 6 [Rhinolophus hipposideros]	77218
XP_036182261.1	XP_080917485	80.851	47	773	659	85	1.22e-14	83.6	carnitine O-palmitoyltransferase 1, muscle isoform 6 [Rhinolophus hipposideros]	77218
XP_036182261.1	XP_080500785	52.803	767	773	766	99	0.0	838	palmitoyl thioesterase CPT1C isoform 3 [Plecotus auritus]	61862
XP_036182261.1	XP_054444519	52.418	765	773	752	99	0.0	831	palmitoyl thioesterase CPT1C isoform X2 [Pteronotus mesoamericanus]	1884717
XP_036182261.1	XP_066230127	52.934	767	773	765	99	0.0	829	palmitoyl thioesterase CPT1C isoform X5 [Saccopteryx leptura]	249018
XP_036182261.1	XP_015978002	57.185	682	773	719	88	0.0	826	carnitine O-palmitoyltransferase 1, brain isoform isoform X4 [Rousettus aegyptiacus]	9407
XP_036182261.1	XP_024904059	57.038	682	773	719	88	0.0	825	carnitine O-palmitoyltransferase 1, brain isoform isoform X3 [Pteropus alecto]	9402
XP_036182261.1	XP_039734564	56.891	682	773	718	88	0.0	818	palmitoyl thioesterase CPT1C isoform X3 [Pteropus medius]	143291
XP_036182261.1	XP_036163140	49.631	812	773	811	99	0.0	814	carnitine O-palmitoyltransferase 1, brain isoform isoform X4 [Myotis myotis]	51298
XP_036182261.1	XP_066230129	51.958	766	773	751	99	0.0	812	palmitoyl thioesterase CPT1C isoform X6 [Saccopteryx leptura]	249018
XP_036182261.1	XP_066127617	51.958	766	773	754	99	0.0	810	palmitoyl thioesterase CPT1C isoform X5 [Saccopteryx bilineata]	59482
XP_036182261.1	XP_045433094	51.890	767	773	747	99	0.0	801	carnitine O-palmitoyltransferase 1, brain isoform isoform X2 [Pipistrellus kuhlii]	59472
XP_036182261.1	XP_016061429	47.368	836	773	893	99	0.0	759	PREDICTED: carnitine O-palmitoyltransferase 1, brain isoform [Miniopterus natalensis]	291302
XP_036182261.1	XP_015420930	49.332	748	773	770	96	0.0	745	PREDICTED: carnitine O-palmitoyltransferase 1, brain isoform [Myotis davidii]	225400
XP_036182261.1	XP_074172182	48.366	765	773	747	99	0.0	716	palmitoyl thioesterase CPT1C isoform X3 [Rhinolophus sinicus]	89399
XP_036182261.1	XP_023375934	59.363	534	773	818	80	0.0	669	carnitine O-palmitoyltransferase 1, brain isoform [Pteropus vampyrus]	132908
XP_036182261.1	XP_023375934	38.824	85	773	818	80	1.81e-11	73.6	carnitine O-palmitoyltransferase 1, brain isoform [Pteropus vampyrus]	132908
XP_036182261.1	XP_015448137	58.856	542	773	722	90	0.0	668	carnitine O-palmitoyltransferase 1, brain isoform isoform X2 [Pteropus alecto]	9402
XP_036182261.1	XP_015448137	46.358	151	773	722	90	7.09e-36	150	carnitine O-palmitoyltransferase 1, brain isoform isoform X2 [Pteropus alecto]	9402
XP_036182261.1	XP_039734563	58.672	542	773	721	90	0.0	660	palmitoyl thioesterase CPT1C isoform X2 [Pteropus medius]	143291
XP_036182261.1	XP_039734563	46.358	151	773	721	90	7.44e-36	150	palmitoyl thioesterase CPT1C isoform X2 [Pteropus medius]	143291
XP_036182261.1	XP_036087719	56.381	525	773	770	92	0.0	628	carnitine O-palmitoyltransferase 1, brain isoform isoform X3 [Rousettus aegyptiacus]	9407
XP_036182261.1	XP_036087719	60.215	186	773	770	92	3.70e-66	239	carnitine O-palmitoyltransferase 1, brain isoform isoform X3 [Rousettus aegyptiacus]	9407
XP_036182261.1	XP_023381221	59.956	452	773	735	82	0.0	577	carnitine O-palmitoyltransferase 1, muscle isoform isoform X2 [Pteropus vampyrus]	132908
XP_036182261.1	XP_023381221	69.399	183	773	735	82	2.20e-74	261	carnitine O-palmitoyltransferase 1, muscle isoform isoform X2 [Pteropus vampyrus]	132908
XP_036182261.1	XP_006108670	54.697	479	773	476	62	0.0	553	carnitine O-palmitoyltransferase 1, brain isoform, partial [Myotis lucifugus]	59463
XP_036182261.1	XP_024906841	65.344	378	773	885	99	2.37e-171	520	carnitine O-palmitoyltransferase 1, muscle isoform isoform X1 [Pteropus alecto]	9402
XP_036182261.1	XP_024906841	61.795	390	773	885	99	1.87e-169	515	carnitine O-palmitoyltransferase 1, muscle isoform isoform X1 [Pteropus alecto]	9402
XP_036182261.1	XP_024906842	61.538	390	773	664	50	2.60e-171	513	carnitine O-palmitoyltransferase 1, muscle isoform isoform X3 [Pteropus alecto]	9402
XP_036182261.1	XP_036163143	55.181	386	773	776	91	3.72e-146	452	carnitine O-palmitoyltransferase 1, brain isoform isoform X7 [Myotis myotis]	51298
XP_036182261.1	XP_036163143	49.584	361	773	776	91	5.28e-116	373	carnitine O-palmitoyltransferase 1, brain isoform isoform X7 [Myotis myotis]	51298
XP_036182261.1	XP_006107537	57.864	337	773	365	44	6.89e-142	426	carnitine O-palmitoyltransferase 1, brain isoform, partial [Myotis lucifugus]	59463
XP_036182261.1	XP_014405925	57.367	319	773	684	83	4.14e-129	404	PREDICTED: carnitine O-palmitoyltransferase 1, brain isoform [Myotis brandtii]	109478
XP_036182261.1	XP_014405925	55.140	321	773	684	83	1.86e-120	382	PREDICTED: carnitine O-palmitoyltransferase 1, brain isoform [Myotis brandtii]	109478
XP_036182261.1	XP_080923634	31.122	633	773	626	79	1.93e-86	291	carnitine O-acetyltransferase isoform 1 [Rhinolophus hipposideros]	77218
XP_036182261.1	XP_080923635	31.122	633	773	626	79	2.66e-86	290	carnitine O-acetyltransferase isoform 2 [Rhinolophus hipposideros]	77218
XP_036182261.1	XP_081007972	31.190	622	773	626	77	3.28e-86	290	carnitine O-acetyltransferase isoform 2 [Miniopterus schreibersii]	9433
XP_036182261.1	XP_016052121	31.190	622	773	626	77	3.42e-86	290	PREDICTED: carnitine O-acetyltransferase [Miniopterus natalensis]	291302
XP_036182261.1	XP_081007971	31.190	622	773	626	77	4.12e-86	290	carnitine O-acetyltransferase isoform 1 [Miniopterus schreibersii]	9433
XP_036182261.1	XP_019584362	30.964	633	773	626	79	5.69e-86	290	carnitine O-acetyltransferase isoform X1 [Rhinolophus sinicus]	89399
XP_036182261.1	XP_032978695	30.964	633	773	626	79	7.08e-86	289	carnitine O-acetyltransferase isoform X1 [Rhinolophus ferrumequinum]	59479
XP_036182261.1	XP_074187269	30.964	633	773	626	79	7.94e-86	289	carnitine O-acetyltransferase isoform X2 [Rhinolophus sinicus]	89399
XP_036182261.1	XP_019584363	30.964	633	773	626	79	7.94e-86	289	carnitine O-acetyltransferase isoform X2 [Rhinolophus sinicus]	89399
XP_036182261.1	XP_032978696	30.734	654	773	626	81	9.97e-86	289	carnitine O-acetyltransferase isoform X2 [Rhinolophus ferrumequinum]	59479
XP_036182261.1	XP_036185294	31.190	622	773	626	77	3.40e-85	287	carnitine O-acetyltransferase isoform X1 [Myotis myotis]	51298
XP_036182261.1	XP_006103239	31.190	622	773	626	77	3.66e-85	287	carnitine O-acetyltransferase isoform X1 [Myotis lucifugus]	59463
XP_036182261.1	XP_005881429	31.190	622	773	626	77	4.01e-85	287	PREDICTED: carnitine O-acetyltransferase [Myotis brandtii]	109478
XP_036182261.1	XP_036892313	30.583	618	773	626	77	4.06e-85	287	carnitine O-acetyltransferase isoform X1 [Sturnira hondurensis]	192404
XP_036182261.1	XP_037002215	30.547	622	773	626	77	4.27e-85	287	carnitine O-acetyltransferase isoform X1 [Artibeus jamaicensis]	9417
XP_036182261.1	XP_070286584	31.190	622	773	626	77	4.55e-85	287	carnitine O-acetyltransferase isoform X3 [Myotis yumanensis]	159337
XP_036182261.1	XP_036185296	31.190	622	773	626	77	4.89e-85	287	carnitine O-acetyltransferase isoform X2 [Myotis myotis]	51298
XP_036182261.1	XP_036185295	31.190	622	773	626	77	4.89e-85	287	carnitine O-acetyltransferase isoform X2 [Myotis myotis]	51298
XP_036182261.1	XP_059514254	31.190	622	773	626	77	5.26e-85	287	carnitine O-acetyltransferase isoform X1 [Myotis daubentonii]	98922
XP_036182261.1	XP_006103240	31.190	622	773	626	77	6.15e-85	286	carnitine O-acetyltransferase isoform X2 [Myotis lucifugus]	59463
XP_036182261.1	XP_080960306	31.190	622	773	626	77	6.21e-85	286	carnitine O-acetyltransferase [Myotis nattereri]	109481
XP_036182261.1	XP_037002280	30.547	622	773	626	77	6.34e-85	286	carnitine O-acetyltransferase isoform X2 [Artibeus jamaicensis]	9417
XP_036182261.1	XP_036892314	30.583	618	773	626	77	7.18e-85	286	carnitine O-acetyltransferase isoform X2 [Sturnira hondurensis]	192404
XP_036182261.1	XP_059514255	31.190	622	773	626	77	7.97e-85	286	carnitine O-acetyltransferase isoform X2 [Myotis daubentonii]	98922
XP_036182261.1	XP_006768544	31.190	622	773	626	77	8.84e-85	286	PREDICTED: carnitine O-acetyltransferase [Myotis davidii]	225400
XP_036182261.1	XP_080526170	31.350	622	773	626	77	1.85e-84	285	carnitine O-acetyltransferase isoform 1 [Plecotus auritus]	61862
XP_036182261.1	XP_080526171	31.350	622	773	626	77	1.97e-84	285	carnitine O-acetyltransferase isoform 2 [Plecotus auritus]	61862
XP_036182261.1	XP_054440223	30.547	622	773	626	77	8.58e-84	283	carnitine O-acetyltransferase isoform X2 [Pteronotus mesoamericanus]	1884717
XP_036182261.1	XP_054440222	30.547	622	773	626	77	9.14e-84	283	carnitine O-acetyltransferase isoform X1 [Pteronotus mesoamericanus]	1884717
XP_036182261.1	XP_015989280	30.547	622	773	625	77	1.35e-83	283	carnitine O-acetyltransferase isoform X1 [Rousettus aegyptiacus]	9407
XP_036182261.1	XP_015989281	30.547	622	773	625	77	1.75e-83	283	carnitine O-acetyltransferase isoform X2 [Rousettus aegyptiacus]	9407
XP_036182261.1	XP_054583023	31.190	622	773	626	77	1.97e-83	283	carnitine O-acetyltransferase isoform X1 [Eptesicus fuscus]	29078
XP_036182261.1	XP_066112081	31.029	622	773	626	77	2.16e-83	283	carnitine O-acetyltransferase isoform X2 [Saccopteryx bilineata]	59482
XP_036182261.1	XP_066112080	31.029	622	773	626	77	2.28e-83	283	carnitine O-acetyltransferase isoform X1 [Saccopteryx bilineata]	59482
XP_036182261.1	XP_066112079	31.029	622	773	626	77	2.28e-83	283	carnitine O-acetyltransferase isoform X1 [Saccopteryx bilineata]	59482
XP_036182261.1	XP_066112078	31.029	622	773	626	77	2.28e-83	283	carnitine O-acetyltransferase isoform X1 [Saccopteryx bilineata]	59482
XP_036182261.1	XP_054583024	31.190	622	773	626	77	2.28e-83	283	carnitine O-acetyltransferase isoform X2 [Eptesicus fuscus]	29078
XP_036182261.1	XP_079645794	31.190	622	773	626	77	2.35e-83	282	carnitine O-acetyltransferase isoform 1 [Cnephaeus nilssonii]	3371016
XP_036182261.1	XP_079645795	31.190	622	773	626	77	3.86e-83	282	carnitine O-acetyltransferase isoform 2 [Cnephaeus nilssonii]	3371016
XP_036182261.1	XP_024418038	30.547	622	773	626	77	4.42e-83	282	carnitine O-acetyltransferase isoform X6 [Desmodus rotundus]	9430
XP_036182261.1	XP_024418036	30.547	622	773	626	77	5.32e-83	281	carnitine O-acetyltransferase isoform X5 [Desmodus rotundus]	9430
XP_036182261.1	XP_006918108	30.225	622	773	625	77	6.81e-83	281	carnitine O-acetyltransferase isoform X1 [Pteropus alecto]	9402
XP_036182261.1	XP_006918109	30.225	622	773	625	77	7.24e-83	281	carnitine O-acetyltransferase isoform X2 [Pteropus alecto]	9402
XP_036182261.1	XP_011362438	30.386	622	773	625	77	7.55e-83	281	carnitine O-acetyltransferase isoform X1 [Pteropus vampyrus]	132908
XP_036182261.1	XP_039717442	30.386	622	773	625	77	7.55e-83	281	carnitine O-acetyltransferase isoform X1 [Pteropus medius]	143291
XP_036182261.1	XP_045052787	30.547	622	773	658	77	9.03e-83	282	carnitine O-acetyltransferase isoform X4 [Desmodus rotundus]	9430
XP_036182261.1	XP_036272123	30.658	623	773	626	77	9.03e-83	281	carnitine O-acetyltransferase isoform X1 [Pipistrellus kuhlii]	59472
XP_036182261.1	XP_011362439	30.386	622	773	625	77	9.99e-83	281	carnitine O-acetyltransferase isoform X2 [Pteropus vampyrus]	132908
XP_036182261.1	XP_039717444	30.386	622	773	625	77	9.99e-83	281	carnitine O-acetyltransferase isoform X2 [Pteropus medius]	143291
XP_036182261.1	XP_036272125	30.658	623	773	626	77	1.21e-82	281	carnitine O-acetyltransferase isoform X2 [Pipistrellus kuhlii]	59472
XP_036182261.1	XP_036116556	30.225	622	773	626	77	1.44e-82	280	carnitine O-acetyltransferase isoform X2 [Molossus molossus]	27622
XP_036182261.1	XP_066223038	30.868	622	773	626	77	1.63e-82	280	carnitine O-acetyltransferase isoform X2 [Saccopteryx leptura]	249018
XP_036182261.1	XP_066223037	30.868	622	773	626	77	1.99e-82	280	carnitine O-acetyltransferase isoform X1 [Saccopteryx leptura]	249018
XP_036182261.1	XP_066223036	30.868	622	773	626	77	1.99e-82	280	carnitine O-acetyltransferase isoform X1 [Saccopteryx leptura]	249018
XP_036182261.1	XP_066223035	30.868	622	773	626	77	1.99e-82	280	carnitine O-acetyltransferase isoform X1 [Saccopteryx leptura]	249018
XP_036182261.1	XP_036116557	30.225	622	773	626	77	1.99e-82	280	carnitine O-acetyltransferase isoform X1 [Molossus molossus]	27622
XP_036182261.1	XP_036116554	30.225	622	773	626	77	1.99e-82	280	carnitine O-acetyltransferase isoform X1 [Molossus molossus]	27622
XP_036182261.1	XP_028368584	29.743	622	773	626	77	9.00e-82	278	carnitine O-acetyltransferase isoform X2 [Phyllostomus discolor]	89673
XP_036182261.1	XP_028368576	29.743	622	773	626	77	1.23e-81	278	carnitine O-acetyltransferase isoform X1 [Phyllostomus discolor]	89673
XP_036182261.1	XP_045702264	29.743	622	773	626	77	1.59e-81	278	carnitine O-acetyltransferase isoform X2 [Phyllostomus hastatus]	9423
XP_036182261.1	XP_045702263	29.743	622	773	626	77	1.71e-81	278	carnitine O-acetyltransferase isoform X1 [Phyllostomus hastatus]	9423
XP_036182261.1	XP_036120750	31.891	624	773	663	77	1.50e-76	265	choline O-acetyltransferase [Molossus molossus]	27622
XP_036182261.1	XP_045052783	28.892	668	773	672	77	7.22e-76	263	carnitine O-acetyltransferase isoform X2 [Desmodus rotundus]	9430
XP_036182261.1	XP_045052786	28.892	668	773	672	77	8.33e-76	263	carnitine O-acetyltransferase isoform X3 [Desmodus rotundus]	9430
XP_036182261.1	XP_045052785	28.892	668	773	672	77	8.33e-76	263	carnitine O-acetyltransferase isoform X3 [Desmodus rotundus]	9430
XP_036182261.1	XP_045052784	28.892	668	773	672	77	8.33e-76	263	carnitine O-acetyltransferase isoform X3 [Desmodus rotundus]	9430
XP_036182261.1	XP_045052782	28.892	668	773	704	77	1.22e-75	264	carnitine O-acetyltransferase isoform X1 [Desmodus rotundus]	9430
XP_036182261.1	XP_054420084	30.781	627	773	612	78	1.34e-75	261	peroxisomal carnitine O-octanoyltransferase isoform X2 [Pteronotus mesoamericanus]	1884717
XP_036182261.1	XP_054420083	30.781	627	773	612	78	1.34e-75	261	peroxisomal carnitine O-octanoyltransferase isoform X2 [Pteronotus mesoamericanus]	1884717
XP_036182261.1	XP_054420082	30.781	627	773	612	78	1.34e-75	261	peroxisomal carnitine O-octanoyltransferase isoform X2 [Pteronotus mesoamericanus]	1884717
XP_036182261.1	XP_054420081	30.781	627	773	612	78	1.34e-75	261	peroxisomal carnitine O-octanoyltransferase isoform X2 [Pteronotus mesoamericanus]	1884717
XP_036182261.1	XP_054420080	30.781	627	773	612	78	1.34e-75	261	peroxisomal carnitine O-octanoyltransferase isoform X2 [Pteronotus mesoamericanus]	1884717
XP_036182261.1	XP_054420079	30.781	627	773	612	78	1.34e-75	261	peroxisomal carnitine O-octanoyltransferase isoform X2 [Pteronotus mesoamericanus]	1884717
XP_036182261.1	XP_054420078	30.781	627	773	612	78	1.34e-75	261	peroxisomal carnitine O-octanoyltransferase isoform X2 [Pteronotus mesoamericanus]	1884717
XP_036182261.1	XP_054420077	30.781	627	773	612	78	1.34e-75	261	peroxisomal carnitine O-octanoyltransferase isoform X2 [Pteronotus mesoamericanus]	1884717
XP_036182261.1	XP_054420076	30.781	627	773	620	78	3.19e-75	260	peroxisomal carnitine O-octanoyltransferase isoform X1 [Pteronotus mesoamericanus]	1884717
XP_036182261.1	XP_036103334	30.317	630	773	612	78	3.41e-75	260	peroxisomal carnitine O-octanoyltransferase [Molossus molossus]	27622
XP_036182261.1	XP_036922027	30.064	622	773	612	78	1.64e-74	258	peroxisomal carnitine O-octanoyltransferase [Sturnira hondurensis]	192404
XP_036182261.1	XP_036922026	30.064	622	773	612	78	1.64e-74	258	peroxisomal carnitine O-octanoyltransferase [Sturnira hondurensis]	192404
XP_036182261.1	XP_036922025	30.064	622	773	612	78	1.64e-74	258	peroxisomal carnitine O-octanoyltransferase [Sturnira hondurensis]	192404
XP_036182261.1	XP_080961553	30.990	626	773	632	77	6.49e-74	257	choline O-acetyltransferase [Myotis nattereri]	109481
XP_036182261.1	XP_023618480	30.525	629	773	612	78	1.34e-73	256	peroxisomal carnitine O-octanoyltransferase isoform X1 [Myotis lucifugus]	59463
XP_036182261.1	XP_023618479	30.525	629	773	612	78	1.34e-73	256	peroxisomal carnitine O-octanoyltransferase isoform X1 [Myotis lucifugus]	59463
XP_036182261.1	XP_014320101	30.525	629	773	612	78	1.34e-73	256	peroxisomal carnitine O-octanoyltransferase isoform X1 [Myotis lucifugus]	59463
XP_036182261.1	XP_006757220	30.990	626	773	655	77	1.50e-73	257	PREDICTED: choline O-acetyltransferase [Myotis davidii]	225400
XP_036182261.1	XP_036211925	30.831	626	773	632	77	2.13e-73	256	choline O-acetyltransferase [Myotis myotis]	51298
XP_036182261.1	XP_036985154	30.372	619	773	613	78	2.70e-73	255	peroxisomal carnitine O-octanoyltransferase [Artibeus jamaicensis]	9417
XP_036182261.1	XP_036985152	30.372	619	773	613	78	2.70e-73	255	peroxisomal carnitine O-octanoyltransferase [Artibeus jamaicensis]	9417
XP_036182261.1	XP_059518080	30.831	626	773	632	77	3.69e-73	255	choline O-acetyltransferase [Myotis daubentonii]	98922
XP_036182261.1	XP_059518079	30.831	626	773	632	77	3.69e-73	255	choline O-acetyltransferase [Myotis daubentonii]	98922
XP_036182261.1	XP_059518078	30.831	626	773	632	77	3.69e-73	255	choline O-acetyltransferase [Myotis daubentonii]	98922
XP_036182261.1	XP_070286585	31.579	513	773	601	64	3.97e-73	254	carnitine O-acetyltransferase isoform X4 [Myotis yumanensis]	159337
XP_036182261.1	XP_054582290	30.573	628	773	612	78	7.05e-73	254	peroxisomal carnitine O-octanoyltransferase isoform X1 [Eptesicus fuscus]	29078
XP_036182261.1	XP_054582289	30.573	628	773	612	78	7.05e-73	254	peroxisomal carnitine O-octanoyltransferase isoform X1 [Eptesicus fuscus]	29078
XP_036182261.1	XP_036317091	30.337	623	773	630	77	7.39e-73	254	choline O-acetyltransferase [Pipistrellus kuhlii]	59472
XP_036182261.1	XP_023617082	30.511	626	773	632	77	8.20e-73	254	choline O-acetyltransferase isoform X1 [Myotis lucifugus]	59463
XP_036182261.1	XP_070280273	30.207	629	773	612	78	8.40e-73	254	peroxisomal carnitine O-octanoyltransferase isoform X1 [Myotis yumanensis]	159337
XP_036182261.1	XP_070280272	30.207	629	773	612	78	8.40e-73	254	peroxisomal carnitine O-octanoyltransferase isoform X1 [Myotis yumanensis]	159337
XP_036182261.1	XP_036999022	31.018	619	773	641	76	9.35e-73	254	choline O-acetyltransferase [Artibeus jamaicensis]	9417
XP_036182261.1	XP_023617083	30.476	630	773	631	78	9.85e-73	254	choline O-acetyltransferase isoform X2 [Myotis lucifugus]	59463
XP_036182261.1	XP_059568183	30.366	629	773	612	78	1.04e-72	253	peroxisomal carnitine O-octanoyltransferase isoform X1 [Myotis daubentonii]	98922
XP_036182261.1	XP_059568182	30.366	629	773	612	78	1.04e-72	253	peroxisomal carnitine O-octanoyltransferase isoform X1 [Myotis daubentonii]	98922
XP_036182261.1	XP_016074354	30.269	631	773	612	78	1.14e-72	253	PREDICTED: peroxisomal carnitine O-octanoyltransferase isoform X1 [Miniopterus natalensis]	291302
XP_036182261.1	XP_045684470	30.843	629	773	612	78	1.29e-72	253	peroxisomal carnitine O-octanoyltransferase [Phyllostomus hastatus]	9423
XP_036182261.1	XP_045684469	30.843	629	773	612	78	1.29e-72	253	peroxisomal carnitine O-octanoyltransferase [Phyllostomus hastatus]	9423
XP_036182261.1	XP_028369001	31.018	619	773	641	76	1.50e-72	254	choline O-acetyltransferase isoform X2 [Phyllostomus discolor]	89673
XP_036182261.1	XP_070286582	31.456	515	773	629	64	1.52e-72	253	carnitine O-acetyltransferase isoform X1 [Myotis yumanensis]	159337
XP_036182261.1	XP_081003733	30.111	631	773	612	78	1.65e-72	253	peroxisomal carnitine O-octanoyltransferase isoform 1 [Miniopterus schreibersii]	9433
XP_036182261.1	XP_070286583	31.456	515	773	629	64	1.89e-72	253	carnitine O-acetyltransferase isoform X2 [Myotis yumanensis]	159337
XP_036182261.1	XP_054428307	30.868	622	773	641	77	1.99e-72	253	choline O-acetyltransferase [Pteronotus mesoamericanus]	1884717
XP_036182261.1	XP_008147308	30.511	626	773	630	77	2.27e-72	253	choline O-acetyltransferase [Eptesicus fuscus]	29078
XP_036182261.1	XP_079650093	30.511	626	773	630	77	2.44e-72	253	choline O-acetyltransferase isoform 2 [Cnephaeus nilssonii]	3371016
XP_036182261.1	XP_035882589	30.695	619	773	662	77	2.62e-72	254	choline O-acetyltransferase isoform X1 [Phyllostomus discolor]	89673
XP_036182261.1	XP_015996417	30.682	616	773	641	77	2.65e-72	253	choline O-acetyltransferase [Rousettus aegyptiacus]	9407
XP_036182261.1	XP_019479274	30.831	626	773	612	78	2.75e-72	252	PREDICTED: peroxisomal carnitine O-octanoyltransferase isoform X1 [Hipposideros armiger]	186990
XP_036182261.1	XP_019479273	30.831	626	773	612	78	2.75e-72	252	PREDICTED: peroxisomal carnitine O-octanoyltransferase isoform X1 [Hipposideros armiger]	186990
XP_036182261.1	XP_019479272	30.831	626	773	612	78	2.75e-72	252	PREDICTED: peroxisomal carnitine O-octanoyltransferase isoform X1 [Hipposideros armiger]	186990
XP_036182261.1	XP_019479270	30.831	626	773	612	78	2.75e-72	252	PREDICTED: peroxisomal carnitine O-octanoyltransferase isoform X1 [Hipposideros armiger]	186990
XP_036182261.1	XP_019479269	30.831	626	773	612	78	2.75e-72	252	PREDICTED: peroxisomal carnitine O-octanoyltransferase isoform X1 [Hipposideros armiger]	186990
XP_036182261.1	XP_019479268	30.831	626	773	612	78	2.75e-72	252	PREDICTED: peroxisomal carnitine O-octanoyltransferase isoform X1 [Hipposideros armiger]	186990
XP_036182261.1	XP_019479267	30.831	626	773	612	78	2.75e-72	252	PREDICTED: peroxisomal carnitine O-octanoyltransferase isoform X1 [Hipposideros armiger]	186990
XP_036182261.1	XP_005876203	30.207	629	773	612	78	3.45e-72	252	PREDICTED: peroxisomal carnitine O-octanoyltransferase isoform X1 [Myotis brandtii]	109478
XP_036182261.1	XP_005876202	30.207	629	773	612	78	3.45e-72	252	PREDICTED: peroxisomal carnitine O-octanoyltransferase isoform X1 [Myotis brandtii]	109478
XP_036182261.1	XP_005876201	30.207	629	773	612	78	3.45e-72	252	PREDICTED: peroxisomal carnitine O-octanoyltransferase isoform X1 [Myotis brandtii]	109478
XP_036182261.1	XP_024414897	29.808	624	773	612	78	3.63e-72	252	peroxisomal carnitine O-octanoyltransferase [Desmodus rotundus]	9430
XP_036182261.1	XP_024414888	29.808	624	773	612	78	3.63e-72	252	peroxisomal carnitine O-octanoyltransferase [Desmodus rotundus]	9430
XP_036182261.1	XP_080523182	30.732	628	773	612	78	4.59e-72	252	peroxisomal carnitine O-octanoyltransferase isoform 1 [Plecotus auritus]	61862
XP_036182261.1	XP_080523181	30.732	628	773	612	78	4.59e-72	252	peroxisomal carnitine O-octanoyltransferase isoform 1 [Plecotus auritus]	61862
XP_036182261.1	XP_080523180	30.732	628	773	612	78	4.59e-72	252	peroxisomal carnitine O-octanoyltransferase isoform 1 [Plecotus auritus]	61862
XP_036182261.1	XP_080523179	30.732	628	773	612	78	4.59e-72	252	peroxisomal carnitine O-octanoyltransferase isoform 1 [Plecotus auritus]	61862
XP_036182261.1	XP_080523178	30.732	628	773	612	78	4.59e-72	252	peroxisomal carnitine O-octanoyltransferase isoform 1 [Plecotus auritus]	61862
XP_036182261.1	XP_080523177	30.732	628	773	612	78	4.59e-72	252	peroxisomal carnitine O-octanoyltransferase isoform 1 [Plecotus auritus]	61862
XP_036182261.1	XP_080523176	30.732	628	773	612	78	4.59e-72	252	peroxisomal carnitine O-octanoyltransferase isoform 1 [Plecotus auritus]	61862
XP_036182261.1	XP_080523175	30.732	628	773	612	78	4.59e-72	252	peroxisomal carnitine O-octanoyltransferase isoform 1 [Plecotus auritus]	61862
XP_036182261.1	XP_080523174	30.732	628	773	612	78	4.59e-72	252	peroxisomal carnitine O-octanoyltransferase isoform 1 [Plecotus auritus]	61862
XP_036182261.1	XP_070288040	30.511	626	773	687	77	5.04e-72	253	choline O-acetyltransferase [Myotis yumanensis]	159337
XP_036182261.1	XP_081014709	30.511	626	773	640	78	5.09e-72	252	choline O-acetyltransferase [Miniopterus schreibersii]	9433
XP_036182261.1	XP_079650092	30.511	626	773	656	77	5.12e-72	253	choline O-acetyltransferase isoform 1 [Cnephaeus nilssonii]	3371016
XP_036182261.1	XP_079650091	30.511	626	773	656	77	5.12e-72	253	choline O-acetyltransferase isoform 1 [Cnephaeus nilssonii]	3371016
XP_036182261.1	XP_039734153	29.571	629	773	612	78	5.93e-72	251	peroxisomal carnitine O-octanoyltransferase [Pteropus medius]	143291
XP_036182261.1	XP_039734152	29.571	629	773	612	78	5.93e-72	251	peroxisomal carnitine O-octanoyltransferase [Pteropus medius]	143291
XP_036182261.1	XP_039734151	29.571	629	773	612	78	5.93e-72	251	peroxisomal carnitine O-octanoyltransferase [Pteropus medius]	143291
XP_036182261.1	XP_039734150	29.571	629	773	612	78	5.93e-72	251	peroxisomal carnitine O-octanoyltransferase [Pteropus medius]	143291
XP_036182261.1	XP_066204893	30.990	626	773	662	77	6.75e-72	253	choline O-acetyltransferase isoform X1 [Saccopteryx leptura]	249018
XP_036182261.1	XP_066204894	30.990	626	773	641	77	7.57e-72	252	choline O-acetyltransferase isoform X2 [Saccopteryx leptura]	249018
XP_036182261.1	XP_066098945	31.150	626	773	641	77	8.22e-72	252	choline O-acetyltransferase isoform X2 [Saccopteryx bilineata]	59482
XP_036182261.1	XP_080936357	30.174	633	773	612	78	8.56e-72	251	peroxisomal carnitine O-octanoyltransferase isoform 1 [Rhinolophus hipposideros]	77218
XP_036182261.1	XP_080936356	30.174	633	773	612	78	8.56e-72	251	peroxisomal carnitine O-octanoyltransferase isoform 1 [Rhinolophus hipposideros]	77218
XP_036182261.1	XP_006917013	31.331	616	773	642	77	9.88e-72	251	choline O-acetyltransferase [Pteropus alecto]	9402
XP_036182261.1	XP_011353713	31.331	616	773	640	77	1.30e-71	251	choline O-acetyltransferase [Pteropus vampyrus]	132908
XP_036182261.1	XP_045698190	31.018	619	773	641	76	1.31e-71	251	choline O-acetyltransferase [Phyllostomus hastatus]	9423
XP_036182261.1	XP_066098944	31.002	629	773	662	77	1.38e-71	251	choline O-acetyltransferase isoform X1 [Saccopteryx bilineata]	59482
XP_036182261.1	XP_080930854	31.442	617	773	641	77	1.43e-71	251	choline O-acetyltransferase isoform 1 [Rhinolophus hipposideros]	77218
XP_036182261.1	XP_039728387	31.331	616	773	640	77	1.45e-71	251	choline O-acetyltransferase [Pteropus medius]	143291
XP_036182261.1	XP_036285439	31.051	628	773	612	78	1.92e-71	250	peroxisomal carnitine O-octanoyltransferase isoform X1 [Pipistrellus kuhlii]	59472
XP_036182261.1	XP_036285438	31.051	628	773	612	78	1.92e-71	250	peroxisomal carnitine O-octanoyltransferase isoform X1 [Pipistrellus kuhlii]	59472
XP_036182261.1	XP_079642314	30.414	628	773	612	78	2.13e-71	250	peroxisomal carnitine O-octanoyltransferase [Cnephaeus nilssonii]	3371016
XP_036182261.1	XP_045051850	30.856	619	773	641	76	2.28e-71	251	choline O-acetyltransferase [Desmodus rotundus]	9430
XP_036182261.1	XP_032943895	30.476	630	773	612	78	2.69e-71	249	peroxisomal carnitine O-octanoyltransferase [Rhinolophus ferrumequinum]	59479
XP_036182261.1	XP_032943894	30.476	630	773	612	78	2.69e-71	249	peroxisomal carnitine O-octanoyltransferase [Rhinolophus ferrumequinum]	59479
XP_036182261.1	XP_032943893	30.476	630	773	612	78	2.69e-71	249	peroxisomal carnitine O-octanoyltransferase [Rhinolophus ferrumequinum]	59479
XP_036182261.1	XP_032943892	30.476	630	773	612	78	2.69e-71	249	peroxisomal carnitine O-octanoyltransferase [Rhinolophus ferrumequinum]	59479
XP_036182261.1	XP_032943891	30.476	630	773	612	78	2.69e-71	249	peroxisomal carnitine O-octanoyltransferase [Rhinolophus ferrumequinum]	59479
XP_036182261.1	XP_039717445	30.799	513	773	566	64	4.00e-71	248	carnitine O-acetyltransferase isoform X3 [Pteropus medius]	143291
XP_036182261.1	XP_011362519	29.412	629	773	612	78	4.30e-71	249	peroxisomal carnitine O-octanoyltransferase isoform X2 [Pteropus vampyrus]	132908
XP_036182261.1	XP_023389220	29.412	629	773	612	78	4.30e-71	249	peroxisomal carnitine O-octanoyltransferase isoform X2 [Pteropus vampyrus]	132908
XP_036182261.1	XP_011362510	29.412	629	773	612	78	4.30e-71	249	peroxisomal carnitine O-octanoyltransferase isoform X2 [Pteropus vampyrus]	132908
XP_036182261.1	XP_019605325	30.476	630	773	612	78	4.35e-71	249	peroxisomal carnitine O-octanoyltransferase [Rhinolophus sinicus]	89399
XP_036182261.1	XP_019605324	30.476	630	773	612	78	4.35e-71	249	peroxisomal carnitine O-octanoyltransferase [Rhinolophus sinicus]	89399
XP_036182261.1	XP_019605323	30.476	630	773	612	78	4.35e-71	249	peroxisomal carnitine O-octanoyltransferase [Rhinolophus sinicus]	89399
XP_036182261.1	XP_019585673	30.844	616	773	694	77	4.44e-71	251	choline O-acetyltransferase [Rhinolophus sinicus]	89399
XP_036182261.1	XP_016056333	30.351	626	773	640	78	4.60e-71	249	PREDICTED: choline O-acetyltransferase [Miniopterus natalensis]	291302
XP_036182261.1	XP_015455278	29.346	627	773	612	78	4.91e-71	249	peroxisomal carnitine O-octanoyltransferase [Pteropus alecto]	9402
XP_036182261.1	XP_015455279	29.346	627	773	612	78	4.91e-71	249	peroxisomal carnitine O-octanoyltransferase [Pteropus alecto]	9402
XP_036182261.1	XP_006925787	29.346	627	773	612	78	4.91e-71	249	peroxisomal carnitine O-octanoyltransferase [Pteropus alecto]	9402
XP_036182261.1	XP_011362440	30.799	513	773	566	64	5.06e-71	248	carnitine O-acetyltransferase isoform X3 [Pteropus vampyrus]	132908
XP_036182261.1	XP_080958696	29.889	629	773	612	78	7.39e-71	248	peroxisomal carnitine O-octanoyltransferase isoform 1 [Myotis nattereri]	109481
XP_036182261.1	XP_066096542	30.207	629	773	612	78	1.10e-70	248	peroxisomal carnitine O-octanoyltransferase [Saccopteryx bilineata]	59482
XP_036182261.1	XP_066096541	30.207	629	773	612	78	1.10e-70	248	peroxisomal carnitine O-octanoyltransferase [Saccopteryx bilineata]	59482
XP_036182261.1	XP_066096540	30.207	629	773	612	78	1.10e-70	248	peroxisomal carnitine O-octanoyltransferase [Saccopteryx bilineata]	59482
XP_036182261.1	XP_015413764	29.936	628	773	612	78	1.11e-70	248	PREDICTED: peroxisomal carnitine O-octanoyltransferase isoform X1 [Myotis davidii]	225400
XP_036182261.1	XP_015413763	29.936	628	773	612	78	1.11e-70	248	PREDICTED: peroxisomal carnitine O-octanoyltransferase isoform X1 [Myotis davidii]	225400
XP_036182261.1	XP_015449814	30.604	513	773	566	64	1.20e-70	246	carnitine O-acetyltransferase isoform X3 [Pteropus alecto]	9402
XP_036182261.1	XP_011362499	29.412	629	773	651	78	1.49e-70	248	peroxisomal carnitine O-octanoyltransferase isoform X1 [Pteropus vampyrus]	132908
XP_036182261.1	XP_035866561	30.255	628	773	612	78	1.67e-70	248	peroxisomal carnitine O-octanoyltransferase [Phyllostomus discolor]	89673
XP_036182261.1	XP_028381939	30.255	628	773	612	78	1.67e-70	248	peroxisomal carnitine O-octanoyltransferase [Phyllostomus discolor]	89673
XP_036182261.1	XP_035866560	30.255	628	773	612	78	1.67e-70	248	peroxisomal carnitine O-octanoyltransferase [Phyllostomus discolor]	89673
XP_036182261.1	XP_028381938	30.255	628	773	612	78	1.67e-70	248	peroxisomal carnitine O-octanoyltransferase [Phyllostomus discolor]	89673
XP_036182261.1	XP_036184206	29.889	629	773	612	78	1.71e-70	248	peroxisomal carnitine O-octanoyltransferase isoform X1 [Myotis myotis]	51298
XP_036182261.1	XP_036184205	29.889	629	773	612	78	1.71e-70	248	peroxisomal carnitine O-octanoyltransferase isoform X1 [Myotis myotis]	51298
XP_036182261.1	XP_023618481	32.210	534	773	533	67	2.04e-70	245	peroxisomal carnitine O-octanoyltransferase isoform X3 [Myotis lucifugus]	59463
XP_036182261.1	XP_032985639	30.844	616	773	641	77	2.82e-70	248	choline O-acetyltransferase [Rhinolophus ferrumequinum]	59479
XP_036182261.1	XP_080497266	30.351	626	773	634	77	4.44e-70	247	choline O-acetyltransferase isoform 2 [Plecotus auritus]	61862
XP_036182261.1	XP_080497265	30.351	626	773	634	77	4.44e-70	247	choline O-acetyltransferase isoform 2 [Plecotus auritus]	61862
XP_036182261.1	XP_080497264	30.351	626	773	634	77	4.44e-70	247	choline O-acetyltransferase isoform 2 [Plecotus auritus]	61862
XP_036182261.1	XP_080497263	30.351	626	773	634	77	4.44e-70	247	choline O-acetyltransferase isoform 2 [Plecotus auritus]	61862
XP_036182261.1	XP_080497262	30.351	626	773	660	77	1.01e-69	246	choline O-acetyltransferase isoform 1 [Plecotus auritus]	61862
XP_036182261.1	XP_036086205	29.206	630	773	612	78	2.07e-69	244	peroxisomal carnitine O-octanoyltransferase [Rousettus aegyptiacus]	9407
XP_036182261.1	XP_036086204	29.206	630	773	612	78	2.07e-69	244	peroxisomal carnitine O-octanoyltransferase [Rousettus aegyptiacus]	9407
XP_036182261.1	XP_016003505	29.206	630	773	612	78	2.07e-69	244	peroxisomal carnitine O-octanoyltransferase [Rousettus aegyptiacus]	9407
XP_036182261.1	XP_036912580	31.179	619	773	641	76	4.12e-69	244	choline O-acetyltransferase [Sturnira hondurensis]	192404
XP_036182261.1	XP_016074355	31.835	534	773	573	67	8.66e-68	239	PREDICTED: peroxisomal carnitine O-octanoyltransferase isoform X2 [Miniopterus natalensis]	291302
XP_036182261.1	XP_081003734	31.648	534	773	593	67	2.19e-67	238	peroxisomal carnitine O-octanoyltransferase isoform 2 [Miniopterus schreibersii]	9433
XP_036182261.1	XP_066209894	30.207	629	773	612	78	2.46e-67	239	peroxisomal carnitine O-octanoyltransferase [Saccopteryx leptura]	249018
XP_036182261.1	XP_066209893	30.207	629	773	612	78	2.46e-67	239	peroxisomal carnitine O-octanoyltransferase [Saccopteryx leptura]	249018
XP_036182261.1	XP_066209892	30.207	629	773	612	78	2.46e-67	239	peroxisomal carnitine O-octanoyltransferase [Saccopteryx leptura]	249018
XP_036182261.1	XP_080930855	31.074	605	773	640	75	1.92e-66	237	choline O-acetyltransferase isoform 2 [Rhinolophus hipposideros]	77218
XP_036182261.1	XP_019479275	29.695	623	773	570	78	1.35e-65	233	PREDICTED: peroxisomal carnitine O-octanoyltransferase isoform X2 [Hipposideros armiger]	186990
XP_036182261.1	XP_045713509	28.910	633	773	658	77	3.32e-62	226	carnitine O-palmitoyltransferase 2, mitochondrial isoform X1 [Phyllostomus hastatus]	9423
XP_036182261.1	XP_036899138	28.661	635	773	658	77	4.05e-62	226	carnitine O-palmitoyltransferase 2, mitochondrial isoform X1 [Sturnira hondurensis]	192404
XP_036182261.1	XP_037017800	28.661	635	773	658	77	2.15e-61	223	carnitine O-palmitoyltransferase 2, mitochondrial isoform X1 [Artibeus jamaicensis]	9417
XP_036182261.1	XP_028368982	28.661	635	773	658	77	7.10e-61	222	carnitine O-palmitoyltransferase 2, mitochondrial isoform X1 [Phyllostomus discolor]	89673
XP_036182261.1	XP_036111276	28.454	608	773	658	74	1.92e-60	221	carnitine O-palmitoyltransferase 2, mitochondrial isoform X1 [Molossus molossus]	27622
XP_036182261.1	XP_014320103	28.594	626	773	578	78	2.15e-60	219	peroxisomal carnitine O-octanoyltransferase isoform X2 [Myotis lucifugus]	59463
XP_036182261.1	XP_024427006	28.391	634	773	658	77	5.10e-60	220	carnitine O-palmitoyltransferase 2, mitochondrial isoform X1 [Desmodus rotundus]	9430
XP_036182261.1	XP_066125254	28.683	638	773	658	77	8.22e-60	219	carnitine O-palmitoyltransferase 2, mitochondrial [Saccopteryx bilineata]	59482
XP_036182261.1	XP_045434442	32.780	482	773	498	60	8.73e-60	215	peroxisomal carnitine O-octanoyltransferase isoform X3 [Pipistrellus kuhlii]	59472
XP_036182261.1	XP_059568185	28.435	626	773	578	78	1.15e-59	217	peroxisomal carnitine O-octanoyltransferase isoform X2 [Myotis daubentonii]	98922
XP_036182261.1	XP_054429207	27.918	634	773	658	77	2.84e-59	218	carnitine O-palmitoyltransferase 2, mitochondrial [Pteronotus mesoamericanus]	1884717
XP_036182261.1	XP_014403136	28.275	626	773	578	78	2.95e-59	216	PREDICTED: peroxisomal carnitine O-octanoyltransferase isoform X2 [Myotis brandtii]	109478
XP_036182261.1	XP_066232433	28.683	638	773	658	77	4.14e-59	217	carnitine O-palmitoyltransferase 2, mitochondrial [Saccopteryx leptura]	249018
XP_036182261.1	XP_081002074	27.830	636	773	658	77	7.59e-59	216	carnitine O-palmitoyltransferase 2, mitochondrial [Miniopterus schreibersii]	9433
XP_036182261.1	XP_008137514	27.690	632	773	658	77	9.72e-59	216	carnitine O-palmitoyltransferase 2, mitochondrial isoform X1 [Eptesicus fuscus]	29078
XP_036182261.1	XP_036285440	29.120	625	773	578	78	1.42e-58	214	peroxisomal carnitine O-octanoyltransferase isoform X2 [Pipistrellus kuhlii]	59472
XP_036182261.1	XP_079633747	27.532	632	773	658	77	3.10e-58	215	carnitine O-palmitoyltransferase 2, mitochondrial isoform 1 [Cnephaeus nilssonii]	3371016
XP_036182261.1	XP_080912914	27.760	634	773	658	77	3.32e-58	214	carnitine O-palmitoyltransferase 2, mitochondrial isoform 4 [Rhinolophus hipposideros]	77218
XP_036182261.1	XP_039742491	27.445	634	773	658	77	3.70e-58	214	carnitine O-palmitoyltransferase 2, mitochondrial isoform X1 [Pteropus medius]	143291
XP_036182261.1	XP_006919275	27.445	634	773	658	77	3.78e-58	214	carnitine O-palmitoyltransferase 2, mitochondrial isoform X2 [Pteropus alecto]	9402
XP_036182261.1	XP_011368764	27.445	634	773	658	77	5.29e-58	214	carnitine O-palmitoyltransferase 2, mitochondrial isoform X2 [Pteropus vampyrus]	132908
XP_036182261.1	XP_032969885	27.445	634	773	658	77	6.13e-58	214	carnitine O-palmitoyltransferase 2, mitochondrial isoform X2 [Rhinolophus ferrumequinum]	59479
XP_036182261.1	XP_015413765	28.000	625	773	578	78	1.08e-57	211	PREDICTED: peroxisomal carnitine O-octanoyltransferase isoform X2 [Myotis davidii]	225400
XP_036182261.1	XP_019598393	27.358	636	773	658	77	1.17e-57	213	carnitine O-palmitoyltransferase 2, mitochondrial isoform X1 [Rhinolophus sinicus]	89399
XP_036182261.1	XP_019510593	31.158	475	773	520	59	1.19e-57	210	PREDICTED: choline O-acetyltransferase [Hipposideros armiger]	186990
XP_036182261.1	XP_036184207	27.955	626	773	578	78	1.24e-57	211	peroxisomal carnitine O-octanoyltransferase isoform X2 [Myotis myotis]	51298
XP_036182261.1	XP_015975920	27.014	633	773	658	77	1.39e-57	213	carnitine O-palmitoyltransferase 2, mitochondrial isoform X1 [Rousettus aegyptiacus]	9407
XP_036182261.1	XP_036300949	27.373	632	773	658	77	1.54e-57	213	carnitine O-palmitoyltransferase 2, mitochondrial isoform X1 [Pipistrellus kuhlii]	59472
XP_036182261.1	XP_006087392	28.105	612	773	658	74	3.49e-57	212	carnitine O-palmitoyltransferase 2, mitochondrial isoform X1 [Myotis lucifugus]	59463
XP_036182261.1	XP_036205189	27.778	612	773	658	74	4.74e-57	211	carnitine O-palmitoyltransferase 2, mitochondrial isoform X1 [Myotis myotis]	51298
XP_036182261.1	XP_080513452	27.215	632	773	658	77	4.88e-57	211	carnitine O-palmitoyltransferase 2, mitochondrial isoform 1 [Plecotus auritus]	61862
XP_036182261.1	XP_070261255	28.105	612	773	658	74	6.50e-57	211	carnitine O-palmitoyltransferase 2, mitochondrial isoform X1 [Myotis yumanensis]	159337
XP_036182261.1	XP_016066316	27.460	630	773	611	76	8.36e-57	210	PREDICTED: carnitine O-palmitoyltransferase 2, mitochondrial, partial [Miniopterus natalensis]	291302
XP_036182261.1	XP_059545519	27.357	647	773	658	77	1.42e-56	210	carnitine O-palmitoyltransferase 2, mitochondrial isoform X1 [Myotis daubentonii]	98922
XP_036182261.1	XP_080943232	27.614	612	773	658	74	2.53e-56	209	carnitine O-palmitoyltransferase 2, mitochondrial isoform 1 [Myotis nattereri]	109481
XP_036182261.1	XP_039742493	27.517	596	773	627	72	2.84e-56	209	carnitine O-palmitoyltransferase 2, mitochondrial isoform X3 [Pteropus medius]	143291
XP_036182261.1	XP_011368766	27.517	596	773	627	72	4.30e-56	208	carnitine O-palmitoyltransferase 2, mitochondrial isoform X4 [Pteropus vampyrus]	132908
XP_036182261.1	XP_015450751	27.517	596	773	627	72	6.07e-56	207	carnitine O-palmitoyltransferase 2, mitochondrial isoform X3 [Pteropus alecto]	9402
XP_036182261.1	XP_080912912	27.852	596	773	617	72	6.54e-56	207	carnitine O-palmitoyltransferase 2, mitochondrial isoform 2 [Rhinolophus hipposideros]	77218
XP_036182261.1	XP_039742492	27.517	596	773	627	72	6.84e-56	207	carnitine O-palmitoyltransferase 2, mitochondrial isoform X2 [Pteropus medius]	143291
XP_036182261.1	XP_011368765	27.517	596	773	627	72	8.66e-56	207	carnitine O-palmitoyltransferase 2, mitochondrial isoform X3 [Pteropus vampyrus]	132908
XP_036182261.1	XP_080912911	28.141	597	773	619	72	1.09e-55	207	carnitine O-palmitoyltransferase 2, mitochondrial isoform 1 [Rhinolophus hipposideros]	77218
XP_036182261.1	XP_015975922	27.013	596	773	627	72	1.61e-55	206	carnitine O-palmitoyltransferase 2, mitochondrial isoform X3 [Rousettus aegyptiacus]	9407
XP_036182261.1	XP_024907762	27.288	612	773	659	74	1.62e-55	207	carnitine O-palmitoyltransferase 2, mitochondrial isoform X1 [Pteropus alecto]	9402
XP_036182261.1	XP_080912913	28.283	594	773	616	72	1.66e-55	206	carnitine O-palmitoyltransferase 2, mitochondrial isoform 3 [Rhinolophus hipposideros]	77218
XP_036182261.1	XP_039742500	27.288	612	773	659	74	2.01e-55	207	carnitine O-palmitoyltransferase 2, mitochondrial isoform X6 [Pteropus medius]	143291
XP_036182261.1	XP_032969886	27.609	594	773	616	72	2.34e-55	206	carnitine O-palmitoyltransferase 2, mitochondrial isoform X3 [Rhinolophus ferrumequinum]	59479
XP_036182261.1	XP_023392537	27.288	612	773	659	74	2.42e-55	207	carnitine O-palmitoyltransferase 2, mitochondrial isoform X1 [Pteropus vampyrus]	132908
XP_036182261.1	XP_032969884	27.806	597	773	670	72	4.60e-55	206	carnitine O-palmitoyltransferase 2, mitochondrial isoform X1 [Rhinolophus ferrumequinum]	59479
XP_036182261.1	XP_019521932	28.296	622	773	632	77	3.20e-53	200	PREDICTED: carnitine O-palmitoyltransferase 2, mitochondrial [Hipposideros armiger]	186990
XP_036182261.1	XP_005878740	26.972	634	773	631	77	8.89e-53	199	PREDICTED: carnitine O-palmitoyltransferase 2, mitochondrial [Myotis brandtii]	109478
XP_036182261.1	XP_036184208	30.495	505	773	503	62	4.44e-52	194	peroxisomal carnitine O-octanoyltransferase isoform X3 [Myotis myotis]	51298
XP_036182261.1	XP_081003735	29.344	518	773	508	64	4.73e-52	194	peroxisomal carnitine O-octanoyltransferase isoform 3 [Miniopterus schreibersii]	9433
XP_036182261.1	XP_045713510	29.462	465	773	550	60	1.65e-48	185	carnitine O-palmitoyltransferase 2, mitochondrial isoform X2 [Phyllostomus hastatus]	9423
XP_036182261.1	XP_037017812	29.979	467	773	550	60	3.02e-48	184	carnitine O-palmitoyltransferase 2, mitochondrial isoform X2 [Artibeus jamaicensis]	9417
XP_036182261.1	XP_037017806	29.979	467	773	550	60	3.02e-48	184	carnitine O-palmitoyltransferase 2, mitochondrial isoform X2 [Artibeus jamaicensis]	9417
XP_036182261.1	XP_036899139	29.979	467	773	550	60	3.14e-48	184	carnitine O-palmitoyltransferase 2, mitochondrial isoform X2 [Sturnira hondurensis]	192404
XP_036182261.1	XP_028368984	29.979	467	773	550	60	9.35e-48	183	carnitine O-palmitoyltransferase 2, mitochondrial isoform X2 [Phyllostomus discolor]	89673
XP_036182261.1	XP_053777030	27.373	632	773	631	76	1.59e-47	184	carnitine O-palmitoyltransferase 2, mitochondrial isoform X2 [Desmodus rotundus]	9430
XP_036182261.1	XP_024427007	29.979	467	773	550	60	3.21e-47	181	carnitine O-palmitoyltransferase 2, mitochondrial isoform X4 [Desmodus rotundus]	9430
XP_036182261.1	XP_054576518	28.721	477	773	597	57	6.03e-47	181	carnitine O-palmitoyltransferase 2, mitochondrial isoform X2 [Eptesicus fuscus]	29078
XP_036182261.1	XP_053777031	29.979	467	773	588	60	1.02e-46	181	carnitine O-palmitoyltransferase 2, mitochondrial isoform X3 [Desmodus rotundus]	9430
XP_036182261.1	XP_079633748	28.092	477	773	597	57	1.38e-46	181	carnitine O-palmitoyltransferase 2, mitochondrial isoform 2 [Cnephaeus nilssonii]	3371016
XP_036182261.1	XP_036111277	27.193	570	773	588	69	5.31e-46	179	carnitine O-palmitoyltransferase 2, mitochondrial isoform X2 [Molossus molossus]	27622
XP_036182261.1	XP_014386201	32.987	385	773	389	48	1.26e-45	173	PREDICTED: choline O-acetyltransferase, partial [Myotis brandtii]	109478
XP_036182261.1	XP_074190839	28.785	469	773	540	60	3.19e-45	176	carnitine O-palmitoyltransferase 2, mitochondrial isoform X2 [Rhinolophus sinicus]	89399
XP_036182261.1	XP_074190838	28.785	469	773	540	60	3.19e-45	176	carnitine O-palmitoyltransferase 2, mitochondrial isoform X2 [Rhinolophus sinicus]	89399
XP_036182261.1	XP_036111278	29.025	441	773	540	57	8.69e-45	174	carnitine O-palmitoyltransferase 2, mitochondrial isoform X3 [Molossus molossus]	27622
XP_036182261.1	XP_039742499	28.541	466	773	540	60	1.92e-44	173	carnitine O-palmitoyltransferase 2, mitochondrial isoform X5 [Pteropus medius]	143291
XP_036182261.1	XP_039742498	28.541	466	773	540	60	1.92e-44	173	carnitine O-palmitoyltransferase 2, mitochondrial isoform X5 [Pteropus medius]	143291
XP_036182261.1	XP_039742497	28.541	466	773	540	60	1.92e-44	173	carnitine O-palmitoyltransferase 2, mitochondrial isoform X5 [Pteropus medius]	143291
XP_036182261.1	XP_039742496	28.480	467	773	550	60	2.55e-44	173	carnitine O-palmitoyltransferase 2, mitochondrial isoform X4 [Pteropus medius]	143291
XP_036182261.1	XP_039742495	28.480	467	773	550	60	2.55e-44	173	carnitine O-palmitoyltransferase 2, mitochondrial isoform X4 [Pteropus medius]	143291
XP_036182261.1	XP_015975921	25.760	625	773	631	76	4.60e-44	174	carnitine O-palmitoyltransferase 2, mitochondrial isoform X2 [Rousettus aegyptiacus]	9407
XP_036182261.1	XP_036300950	28.387	465	773	598	60	4.61e-43	170	carnitine O-palmitoyltransferase 2, mitochondrial isoform X2 [Pipistrellus kuhlii]	59472
XP_036182261.1	XP_080513454	29.025	441	773	540	57	9.19e-43	168	carnitine O-palmitoyltransferase 2, mitochondrial isoform 3 [Plecotus auritus]	61862
XP_036182261.1	XP_015422435	28.387	465	773	598	60	1.45e-42	169	PREDICTED: carnitine O-palmitoyltransferase 2, mitochondrial isoform X2 [Myotis davidii]	225400
XP_036182261.1	XP_015422434	28.387	465	773	598	60	1.45e-42	169	PREDICTED: carnitine O-palmitoyltransferase 2, mitochondrial isoform X1 [Myotis davidii]	225400
XP_036182261.1	XP_023608551	28.798	441	773	540	57	2.35e-42	167	carnitine O-palmitoyltransferase 2, mitochondrial isoform X3 [Myotis lucifugus]	59463
XP_036182261.1	XP_014310097	28.798	441	773	598	57	3.19e-42	168	carnitine O-palmitoyltransferase 2, mitochondrial isoform X2 [Myotis lucifugus]	59463
XP_036182261.1	XP_070259090	28.798	441	773	540	57	3.54e-42	167	carnitine O-palmitoyltransferase 2, mitochondrial-like [Myotis yumanensis]	159337
XP_036182261.1	XP_019497203	33.225	307	773	538	63	4.03e-42	166	PREDICTED: carnitine O-acetyltransferase [Hipposideros armiger]	186990
XP_036182261.1	XP_019497203	29.688	192	773	538	63	3.40e-16	88.2	PREDICTED: carnitine O-acetyltransferase [Hipposideros armiger]	186990
XP_036182261.1	XP_080943234	28.798	441	773	558	57	4.64e-42	167	carnitine O-palmitoyltransferase 2, mitochondrial isoform 3 [Myotis nattereri]	109481
XP_036182261.1	XP_070261256	28.798	441	773	598	57	5.27e-42	167	carnitine O-palmitoyltransferase 2, mitochondrial isoform X2 [Myotis yumanensis]	159337
XP_036182261.1	XP_024907768	28.315	445	773	541	56	5.52e-42	166	carnitine O-palmitoyltransferase 2, mitochondrial isoform X6 [Pteropus alecto]	9402
XP_036182261.1	XP_024907767	28.315	445	773	541	56	5.52e-42	166	carnitine O-palmitoyltransferase 2, mitochondrial isoform X6 [Pteropus alecto]	9402
XP_036182261.1	XP_024907766	28.315	445	773	541	56	5.52e-42	166	carnitine O-palmitoyltransferase 2, mitochondrial isoform X6 [Pteropus alecto]	9402
XP_036182261.1	XP_024907765	28.315	445	773	551	56	7.34e-42	166	carnitine O-palmitoyltransferase 2, mitochondrial isoform X5 [Pteropus alecto]	9402
XP_036182261.1	XP_024907764	28.315	445	773	551	56	7.34e-42	166	carnitine O-palmitoyltransferase 2, mitochondrial isoform X5 [Pteropus alecto]	9402
XP_036182261.1	XP_059545521	28.442	443	773	598	57	8.07e-42	167	carnitine O-palmitoyltransferase 2, mitochondrial isoform X2 [Myotis daubentonii]	98922
XP_036182261.1	XP_023392542	28.315	445	773	541	56	8.24e-42	166	carnitine O-palmitoyltransferase 2, mitochondrial isoform X6 [Pteropus vampyrus]	132908
XP_036182261.1	XP_023392541	28.315	445	773	541	56	8.24e-42	166	carnitine O-palmitoyltransferase 2, mitochondrial isoform X6 [Pteropus vampyrus]	132908
XP_036182261.1	XP_023392540	28.315	445	773	541	56	8.24e-42	166	carnitine O-palmitoyltransferase 2, mitochondrial isoform X6 [Pteropus vampyrus]	132908
XP_036182261.1	XP_080943233	28.798	441	773	598	57	8.79e-42	167	carnitine O-palmitoyltransferase 2, mitochondrial isoform 2 [Myotis nattereri]	109481
XP_036182261.1	XP_023392539	28.315	445	773	551	56	9.06e-42	166	carnitine O-palmitoyltransferase 2, mitochondrial isoform X5 [Pteropus vampyrus]	132908
XP_036182261.1	XP_023392538	28.315	445	773	551	56	9.06e-42	166	carnitine O-palmitoyltransferase 2, mitochondrial isoform X5 [Pteropus vampyrus]	132908
XP_036182261.1	XP_036205190	28.798	441	773	598	57	9.48e-42	166	carnitine O-palmitoyltransferase 2, mitochondrial isoform X2 [Myotis myotis]	51298
XP_036182261.1	XP_024907763	28.315	445	773	589	56	2.19e-41	165	carnitine O-palmitoyltransferase 2, mitochondrial isoform X4 [Pteropus alecto]	9402
XP_036182261.1	XP_070280274	29.012	324	773	394	40	4.26e-30	128	peroxisomal carnitine O-octanoyltransferase isoform X2 [Myotis yumanensis]	159337
XP_036182261.1	XP_006777755	67.123	73	773	88	9	9.34e-28	112	PREDICTED: carnitine O-palmitoyltransferase 1, brain isoform-like [Myotis davidii]	225400
XP_036182261.1	XP_080936358	31.452	248	773	303	30	1.63e-24	110	peroxisomal carnitine O-octanoyltransferase isoform 2 [Rhinolophus hipposideros]	77218
XP_036182261.1	XP_005853268	28.980	245	773	333	30	3.87e-18	92.0	PREDICTED: choline O-acetyltransferase [Myotis brandtii]	109478
XP_036182261.1	XP_080513453	29.767	215	773	564	27	4.50e-16	87.8	carnitine O-palmitoyltransferase 2, mitochondrial isoform 2 [Plecotus auritus]	61862
XP_036182261.1	XP_059568187	33.333	90	773	141	12	2.79e-11	67.4	peroxisomal carnitine O-octanoyltransferase isoform X4 [Myotis daubentonii]	98922
XP_036182261.1	XP_036184212	33.333	90	773	141	12	2.79e-11	67.4	peroxisomal carnitine O-octanoyltransferase isoform X5 [Myotis myotis]	51298
XP_036182261.1	XP_036184211	33.333	90	773	141	12	2.79e-11	67.4	peroxisomal carnitine O-octanoyltransferase isoform X5 [Myotis myotis]	51298
XP_036182261.1	XP_023618484	33.333	90	773	141	12	2.79e-11	67.4	peroxisomal carnitine O-octanoyltransferase isoform X4 [Myotis lucifugus]	59463
XP_036182261.1	XP_023618483	33.333	90	773	141	12	2.79e-11	67.4	peroxisomal carnitine O-octanoyltransferase isoform X4 [Myotis lucifugus]	59463
XP_036182261.1	XP_023618482	33.333	90	773	141	12	2.79e-11	67.4	peroxisomal carnitine O-octanoyltransferase isoform X4 [Myotis lucifugus]	59463
XP_036182261.1	XP_014403137	33.333	90	773	161	12	3.64e-11	67.4	PREDICTED: peroxisomal carnitine O-octanoyltransferase isoform X3 [Myotis brandtii]	109478
XP_036182261.1	XP_036184210	33.333	90	773	161	12	3.64e-11	67.4	peroxisomal carnitine O-octanoyltransferase isoform X4 [Myotis myotis]	51298
XP_036182261.1	XP_036184209	33.333	90	773	161	12	3.64e-11	67.4	peroxisomal carnitine O-octanoyltransferase isoform X4 [Myotis myotis]	51298
XP_036182261.1	XP_059568186	33.333	90	773	161	12	8.82e-11	66.2	peroxisomal carnitine O-octanoyltransferase isoform X3 [Myotis daubentonii]	98922
