XP_036205189.1	XP_036205189	100.000	658	658	658	100	0.0	1376	carnitine O-palmitoyltransferase 2, mitochondrial isoform X1 [Myotis myotis]	51298
XP_036205189.1	XP_080943232	99.392	658	658	658	100	0.0	1369	carnitine O-palmitoyltransferase 2, mitochondrial isoform 1 [Myotis nattereri]	109481
XP_036205189.1	XP_070261255	98.936	658	658	658	100	0.0	1365	carnitine O-palmitoyltransferase 2, mitochondrial isoform X1 [Myotis yumanensis]	159337
XP_036205189.1	XP_006087392	98.936	658	658	658	100	0.0	1364	carnitine O-palmitoyltransferase 2, mitochondrial isoform X1 [Myotis lucifugus]	59463
XP_036205189.1	XP_059545519	98.784	658	658	658	100	0.0	1359	carnitine O-palmitoyltransferase 2, mitochondrial isoform X1 [Myotis daubentonii]	98922
XP_036205189.1	XP_008137514	97.264	658	658	658	100	0.0	1347	carnitine O-palmitoyltransferase 2, mitochondrial isoform X1 [Eptesicus fuscus]	29078
XP_036205189.1	XP_080513452	97.264	658	658	658	100	0.0	1346	carnitine O-palmitoyltransferase 2, mitochondrial isoform 1 [Plecotus auritus]	61862
XP_036205189.1	XP_079633747	97.264	658	658	658	100	0.0	1346	carnitine O-palmitoyltransferase 2, mitochondrial isoform 1 [Cnephaeus nilssonii]	3371016
XP_036205189.1	XP_036300949	95.745	658	658	658	100	0.0	1331	carnitine O-palmitoyltransferase 2, mitochondrial isoform X1 [Pipistrellus kuhlii]	59472
XP_036205189.1	XP_036111276	94.225	658	658	658	100	0.0	1302	carnitine O-palmitoyltransferase 2, mitochondrial isoform X1 [Molossus molossus]	27622
XP_036205189.1	XP_080912914	93.009	658	658	658	100	0.0	1295	carnitine O-palmitoyltransferase 2, mitochondrial isoform 4 [Rhinolophus hipposideros]	77218
XP_036205189.1	XP_032969885	92.705	658	658	658	100	0.0	1291	carnitine O-palmitoyltransferase 2, mitochondrial isoform X2 [Rhinolophus ferrumequinum]	59479
XP_036205189.1	XP_081002074	94.737	646	658	658	98	0.0	1289	carnitine O-palmitoyltransferase 2, mitochondrial [Miniopterus schreibersii]	9433
XP_036205189.1	XP_019598393	92.401	658	658	658	100	0.0	1287	carnitine O-palmitoyltransferase 2, mitochondrial isoform X1 [Rhinolophus sinicus]	89399
XP_036205189.1	XP_054429207	91.793	658	658	658	100	0.0	1279	carnitine O-palmitoyltransferase 2, mitochondrial [Pteronotus mesoamericanus]	1884717
XP_036205189.1	XP_006919275	92.390	657	658	658	99	0.0	1278	carnitine O-palmitoyltransferase 2, mitochondrial isoform X2 [Pteropus alecto]	9402
XP_036205189.1	XP_039742491	92.542	657	658	658	99	0.0	1278	carnitine O-palmitoyltransferase 2, mitochondrial isoform X1 [Pteropus medius]	143291
XP_036205189.1	XP_011368764	92.390	657	658	658	99	0.0	1278	carnitine O-palmitoyltransferase 2, mitochondrial isoform X2 [Pteropus vampyrus]	132908
XP_036205189.1	XP_015975920	91.933	657	658	658	99	0.0	1275	carnitine O-palmitoyltransferase 2, mitochondrial isoform X1 [Rousettus aegyptiacus]	9407
XP_036205189.1	XP_037017800	91.641	658	658	658	100	0.0	1274	carnitine O-palmitoyltransferase 2, mitochondrial isoform X1 [Artibeus jamaicensis]	9417
XP_036205189.1	XP_066232433	90.881	658	658	658	100	0.0	1271	carnitine O-palmitoyltransferase 2, mitochondrial [Saccopteryx leptura]	249018
XP_036205189.1	XP_036899138	91.033	658	658	658	100	0.0	1270	carnitine O-palmitoyltransferase 2, mitochondrial isoform X1 [Sturnira hondurensis]	192404
XP_036205189.1	XP_028368982	91.185	658	658	658	100	0.0	1269	carnitine O-palmitoyltransferase 2, mitochondrial isoform X1 [Phyllostomus discolor]	89673
XP_036205189.1	XP_066125254	90.881	658	658	658	100	0.0	1268	carnitine O-palmitoyltransferase 2, mitochondrial [Saccopteryx bilineata]	59482
XP_036205189.1	XP_024427006	90.881	658	658	658	100	0.0	1267	carnitine O-palmitoyltransferase 2, mitochondrial isoform X1 [Desmodus rotundus]	9430
XP_036205189.1	XP_045713509	90.274	658	658	658	100	0.0	1258	carnitine O-palmitoyltransferase 2, mitochondrial isoform X1 [Phyllostomus hastatus]	9423
XP_036205189.1	XP_005878740	98.520	608	658	631	92	0.0	1256	PREDICTED: carnitine O-palmitoyltransferase 2, mitochondrial [Myotis brandtii]	109478
XP_036205189.1	XP_016066316	95.066	608	658	611	92	0.0	1217	PREDICTED: carnitine O-palmitoyltransferase 2, mitochondrial, partial [Miniopterus natalensis]	291302
XP_036205189.1	XP_019521932	88.298	658	658	632	100	0.0	1211	PREDICTED: carnitine O-palmitoyltransferase 2, mitochondrial [Hipposideros armiger]	186990
XP_036205189.1	XP_015975921	88.128	657	658	631	99	0.0	1208	carnitine O-palmitoyltransferase 2, mitochondrial isoform X2 [Rousettus aegyptiacus]	9407
XP_036205189.1	XP_080912912	92.683	615	658	617	93	0.0	1205	carnitine O-palmitoyltransferase 2, mitochondrial isoform 2 [Rhinolophus hipposideros]	77218
XP_036205189.1	XP_080912911	92.985	613	658	619	93	0.0	1204	carnitine O-palmitoyltransferase 2, mitochondrial isoform 1 [Rhinolophus hipposideros]	77218
XP_036205189.1	XP_080912913	92.985	613	658	616	93	0.0	1204	carnitine O-palmitoyltransferase 2, mitochondrial isoform 3 [Rhinolophus hipposideros]	77218
XP_036205189.1	XP_053777030	87.082	658	658	631	100	0.0	1200	carnitine O-palmitoyltransferase 2, mitochondrial isoform X2 [Desmodus rotundus]	9430
XP_036205189.1	XP_032969884	92.659	613	658	670	93	0.0	1199	carnitine O-palmitoyltransferase 2, mitochondrial isoform X1 [Rhinolophus ferrumequinum]	59479
XP_036205189.1	XP_032969886	92.659	613	658	616	93	0.0	1198	carnitine O-palmitoyltransferase 2, mitochondrial isoform X3 [Rhinolophus ferrumequinum]	59479
XP_036205189.1	XP_039742493	92.834	614	658	627	93	0.0	1196	carnitine O-palmitoyltransferase 2, mitochondrial isoform X3 [Pteropus medius]	143291
XP_036205189.1	XP_011368766	92.671	614	658	627	93	0.0	1195	carnitine O-palmitoyltransferase 2, mitochondrial isoform X4 [Pteropus vampyrus]	132908
XP_036205189.1	XP_015450751	92.532	616	658	627	94	0.0	1195	carnitine O-palmitoyltransferase 2, mitochondrial isoform X3 [Pteropus alecto]	9402
XP_036205189.1	XP_039742492	92.695	616	658	627	94	0.0	1194	carnitine O-palmitoyltransferase 2, mitochondrial isoform X2 [Pteropus medius]	143291
XP_036205189.1	XP_011368765	92.532	616	658	627	94	0.0	1193	carnitine O-palmitoyltransferase 2, mitochondrial isoform X3 [Pteropus vampyrus]	132908
XP_036205189.1	XP_015975922	92.045	616	658	627	94	0.0	1192	carnitine O-palmitoyltransferase 2, mitochondrial isoform X3 [Rousettus aegyptiacus]	9407
XP_036205189.1	XP_039742500	92.822	613	658	659	93	0.0	1191	carnitine O-palmitoyltransferase 2, mitochondrial isoform X6 [Pteropus medius]	143291
XP_036205189.1	XP_024907762	92.659	613	658	659	93	0.0	1191	carnitine O-palmitoyltransferase 2, mitochondrial isoform X1 [Pteropus alecto]	9402
XP_036205189.1	XP_023392537	92.659	613	658	659	93	0.0	1191	carnitine O-palmitoyltransferase 2, mitochondrial isoform X1 [Pteropus vampyrus]	132908
XP_036205189.1	XP_036111277	94.828	580	658	588	88	0.0	1160	carnitine O-palmitoyltransferase 2, mitochondrial isoform X2 [Molossus molossus]	27622
XP_036205189.1	XP_036205190	100.000	545	658	598	83	0.0	1140	carnitine O-palmitoyltransferase 2, mitochondrial isoform X2 [Myotis myotis]	51298
XP_036205189.1	XP_080943234	99.633	545	658	558	83	0.0	1139	carnitine O-palmitoyltransferase 2, mitochondrial isoform 3 [Myotis nattereri]	109481
XP_036205189.1	XP_080943233	99.633	545	658	598	83	0.0	1137	carnitine O-palmitoyltransferase 2, mitochondrial isoform 2 [Myotis nattereri]	109481
XP_036205189.1	XP_070261256	99.083	545	658	598	83	0.0	1133	carnitine O-palmitoyltransferase 2, mitochondrial isoform X2 [Myotis yumanensis]	159337
XP_036205189.1	XP_014310097	99.083	545	658	598	83	0.0	1133	carnitine O-palmitoyltransferase 2, mitochondrial isoform X2 [Myotis lucifugus]	59463
XP_036205189.1	XP_059545521	99.083	545	658	598	83	0.0	1131	carnitine O-palmitoyltransferase 2, mitochondrial isoform X2 [Myotis daubentonii]	98922
XP_036205189.1	XP_015422435	99.083	545	658	598	83	0.0	1129	PREDICTED: carnitine O-palmitoyltransferase 2, mitochondrial isoform X2 [Myotis davidii]	225400
XP_036205189.1	XP_015422434	99.083	545	658	598	83	0.0	1129	PREDICTED: carnitine O-palmitoyltransferase 2, mitochondrial isoform X1 [Myotis davidii]	225400
XP_036205189.1	XP_053777031	91.552	580	658	588	88	0.0	1128	carnitine O-palmitoyltransferase 2, mitochondrial isoform X3 [Desmodus rotundus]	9430
XP_036205189.1	XP_079633748	97.455	550	658	597	84	0.0	1125	carnitine O-palmitoyltransferase 2, mitochondrial isoform 2 [Cnephaeus nilssonii]	3371016
XP_036205189.1	XP_054576518	97.096	551	658	597	84	0.0	1123	carnitine O-palmitoyltransferase 2, mitochondrial isoform X2 [Eptesicus fuscus]	29078
XP_036205189.1	XP_070259090	98.889	540	658	540	82	0.0	1119	carnitine O-palmitoyltransferase 2, mitochondrial-like [Myotis yumanensis]	159337
XP_036205189.1	XP_023608551	99.074	540	658	540	82	0.0	1118	carnitine O-palmitoyltransferase 2, mitochondrial isoform X3 [Myotis lucifugus]	59463
XP_036205189.1	XP_036300950	96.514	545	658	598	83	0.0	1113	carnitine O-palmitoyltransferase 2, mitochondrial isoform X2 [Pipistrellus kuhlii]	59472
XP_036205189.1	XP_080513454	97.778	540	658	540	82	0.0	1110	carnitine O-palmitoyltransferase 2, mitochondrial isoform 3 [Plecotus auritus]	61862
XP_036205189.1	XP_036111278	95.370	540	658	540	82	0.0	1081	carnitine O-palmitoyltransferase 2, mitochondrial isoform X3 [Molossus molossus]	27622
XP_036205189.1	XP_037017812	92.857	546	658	550	83	0.0	1071	carnitine O-palmitoyltransferase 2, mitochondrial isoform X2 [Artibeus jamaicensis]	9417
XP_036205189.1	XP_037017806	92.857	546	658	550	83	0.0	1071	carnitine O-palmitoyltransferase 2, mitochondrial isoform X2 [Artibeus jamaicensis]	9417
XP_036205189.1	XP_039742496	93.394	545	658	550	83	0.0	1071	carnitine O-palmitoyltransferase 2, mitochondrial isoform X4 [Pteropus medius]	143291
XP_036205189.1	XP_039742495	93.394	545	658	550	83	0.0	1071	carnitine O-palmitoyltransferase 2, mitochondrial isoform X4 [Pteropus medius]	143291
XP_036205189.1	XP_024427007	91.941	546	658	550	83	0.0	1066	carnitine O-palmitoyltransferase 2, mitochondrial isoform X4 [Desmodus rotundus]	9430
XP_036205189.1	XP_028368984	92.125	546	658	550	83	0.0	1066	carnitine O-palmitoyltransferase 2, mitochondrial isoform X2 [Phyllostomus discolor]	89673
XP_036205189.1	XP_036899139	92.125	546	658	550	83	0.0	1065	carnitine O-palmitoyltransferase 2, mitochondrial isoform X2 [Sturnira hondurensis]	192404
XP_036205189.1	XP_074190839	92.778	540	658	540	82	0.0	1060	carnitine O-palmitoyltransferase 2, mitochondrial isoform X2 [Rhinolophus sinicus]	89399
XP_036205189.1	XP_074190838	92.778	540	658	540	82	0.0	1060	carnitine O-palmitoyltransferase 2, mitochondrial isoform X2 [Rhinolophus sinicus]	89399
XP_036205189.1	XP_039742499	93.321	539	658	540	82	0.0	1056	carnitine O-palmitoyltransferase 2, mitochondrial isoform X5 [Pteropus medius]	143291
XP_036205189.1	XP_039742498	93.321	539	658	540	82	0.0	1056	carnitine O-palmitoyltransferase 2, mitochondrial isoform X5 [Pteropus medius]	143291
XP_036205189.1	XP_039742497	93.321	539	658	540	82	0.0	1056	carnitine O-palmitoyltransferase 2, mitochondrial isoform X5 [Pteropus medius]	143291
XP_036205189.1	XP_045713510	91.026	546	658	550	83	0.0	1055	carnitine O-palmitoyltransferase 2, mitochondrial isoform X2 [Phyllostomus hastatus]	9423
XP_036205189.1	XP_024907763	93.271	535	658	589	81	0.0	1048	carnitine O-palmitoyltransferase 2, mitochondrial isoform X4 [Pteropus alecto]	9402
XP_036205189.1	XP_024907765	93.613	501	658	551	76	0.0	984	carnitine O-palmitoyltransferase 2, mitochondrial isoform X5 [Pteropus alecto]	9402
XP_036205189.1	XP_024907764	93.613	501	658	551	76	0.0	984	carnitine O-palmitoyltransferase 2, mitochondrial isoform X5 [Pteropus alecto]	9402
XP_036205189.1	XP_023392539	93.613	501	658	551	76	0.0	984	carnitine O-palmitoyltransferase 2, mitochondrial isoform X5 [Pteropus vampyrus]	132908
XP_036205189.1	XP_023392538	93.613	501	658	551	76	0.0	984	carnitine O-palmitoyltransferase 2, mitochondrial isoform X5 [Pteropus vampyrus]	132908
XP_036205189.1	XP_024907768	93.535	495	658	541	75	0.0	970	carnitine O-palmitoyltransferase 2, mitochondrial isoform X6 [Pteropus alecto]	9402
XP_036205189.1	XP_024907767	93.535	495	658	541	75	0.0	970	carnitine O-palmitoyltransferase 2, mitochondrial isoform X6 [Pteropus alecto]	9402
XP_036205189.1	XP_024907766	93.535	495	658	541	75	0.0	970	carnitine O-palmitoyltransferase 2, mitochondrial isoform X6 [Pteropus alecto]	9402
XP_036205189.1	XP_023392542	93.535	495	658	541	75	0.0	969	carnitine O-palmitoyltransferase 2, mitochondrial isoform X6 [Pteropus vampyrus]	132908
XP_036205189.1	XP_023392541	93.535	495	658	541	75	0.0	969	carnitine O-palmitoyltransferase 2, mitochondrial isoform X6 [Pteropus vampyrus]	132908
XP_036205189.1	XP_023392540	93.535	495	658	541	75	0.0	969	carnitine O-palmitoyltransferase 2, mitochondrial isoform X6 [Pteropus vampyrus]	132908
XP_036205189.1	XP_080513453	92.000	325	658	564	89	0.0	629	carnitine O-palmitoyltransferase 2, mitochondrial isoform 2 [Plecotus auritus]	61862
XP_036205189.1	XP_080513453	98.062	258	658	564	89	7.16e-180	527	carnitine O-palmitoyltransferase 2, mitochondrial isoform 2 [Plecotus auritus]	61862
XP_036205189.1	XP_032978695	29.140	628	658	626	91	1.18e-81	275	carnitine O-acetyltransferase isoform X1 [Rhinolophus ferrumequinum]	59479
XP_036205189.1	XP_080923634	29.140	628	658	626	91	1.41e-81	275	carnitine O-acetyltransferase isoform 1 [Rhinolophus hipposideros]	77218
XP_036205189.1	XP_032978696	29.140	628	658	626	91	2.06e-81	274	carnitine O-acetyltransferase isoform X2 [Rhinolophus ferrumequinum]	59479
XP_036205189.1	XP_080923635	29.140	628	658	626	91	2.19e-81	274	carnitine O-acetyltransferase isoform 2 [Rhinolophus hipposideros]	77218
XP_036205189.1	XP_019584362	29.140	628	658	626	91	2.31e-81	274	carnitine O-acetyltransferase isoform X1 [Rhinolophus sinicus]	89399
XP_036205189.1	XP_074187269	29.140	628	658	626	91	2.46e-81	274	carnitine O-acetyltransferase isoform X2 [Rhinolophus sinicus]	89399
XP_036205189.1	XP_019584363	29.140	628	658	626	91	2.46e-81	274	carnitine O-acetyltransferase isoform X2 [Rhinolophus sinicus]	89399
XP_036205189.1	XP_079645795	28.752	633	658	626	92	2.54e-81	274	carnitine O-acetyltransferase isoform 2 [Cnephaeus nilssonii]	3371016
XP_036205189.1	XP_079645794	28.752	633	658	626	92	2.85e-81	274	carnitine O-acetyltransferase isoform 1 [Cnephaeus nilssonii]	3371016
XP_036205189.1	XP_016052121	29.346	627	658	626	91	3.44e-81	274	PREDICTED: carnitine O-acetyltransferase [Miniopterus natalensis]	291302
XP_036205189.1	XP_081007971	29.346	627	658	626	91	3.70e-81	274	carnitine O-acetyltransferase isoform 1 [Miniopterus schreibersii]	9433
XP_036205189.1	XP_081007972	29.346	627	658	626	91	4.23e-81	273	carnitine O-acetyltransferase isoform 2 [Miniopterus schreibersii]	9433
XP_036205189.1	XP_054583023	29.027	627	658	626	91	5.27e-81	273	carnitine O-acetyltransferase isoform X1 [Eptesicus fuscus]	29078
XP_036205189.1	XP_054583024	29.027	627	658	626	91	5.67e-81	273	carnitine O-acetyltransferase isoform X2 [Eptesicus fuscus]	29078
XP_036205189.1	XP_036272123	28.752	633	658	626	92	1.28e-80	272	carnitine O-acetyltransferase isoform X1 [Pipistrellus kuhlii]	59472
XP_036205189.1	XP_036272125	28.752	633	658	626	92	1.70e-80	272	carnitine O-acetyltransferase isoform X2 [Pipistrellus kuhlii]	59472
XP_036205189.1	XP_037002280	28.752	633	658	626	92	3.38e-80	271	carnitine O-acetyltransferase isoform X2 [Artibeus jamaicensis]	9417
XP_036205189.1	XP_037002215	28.752	633	658	626	92	3.41e-80	271	carnitine O-acetyltransferase isoform X1 [Artibeus jamaicensis]	9417
XP_036205189.1	XP_080526170	28.436	633	658	626	92	5.52e-80	270	carnitine O-acetyltransferase isoform 1 [Plecotus auritus]	61862
XP_036205189.1	XP_028368576	28.370	638	658	626	92	7.46e-80	270	carnitine O-acetyltransferase isoform X1 [Phyllostomus discolor]	89673
XP_036205189.1	XP_028368584	28.370	638	658	626	92	9.00e-80	270	carnitine O-acetyltransferase isoform X2 [Phyllostomus discolor]	89673
XP_036205189.1	XP_006918108	29.319	631	658	625	91	9.37e-80	270	carnitine O-acetyltransferase isoform X1 [Pteropus alecto]	9402
XP_036205189.1	XP_080526171	28.436	633	658	626	92	1.03e-79	270	carnitine O-acetyltransferase isoform 2 [Plecotus auritus]	61862
XP_036205189.1	XP_011362438	29.073	626	658	625	91	1.25e-79	270	carnitine O-acetyltransferase isoform X1 [Pteropus vampyrus]	132908
XP_036205189.1	XP_039717442	29.073	626	658	625	91	1.25e-79	270	carnitine O-acetyltransferase isoform X1 [Pteropus medius]	143291
XP_036205189.1	XP_011362439	28.981	628	658	625	91	1.35e-79	270	carnitine O-acetyltransferase isoform X2 [Pteropus vampyrus]	132908
XP_036205189.1	XP_039717444	28.981	628	658	625	91	1.35e-79	270	carnitine O-acetyltransferase isoform X2 [Pteropus medius]	143291
XP_036205189.1	XP_006918109	29.319	631	658	625	91	1.41e-79	270	carnitine O-acetyltransferase isoform X2 [Pteropus alecto]	9402
XP_036205189.1	XP_054440222	28.640	625	658	626	91	1.68e-79	269	carnitine O-acetyltransferase isoform X1 [Pteronotus mesoamericanus]	1884717
XP_036205189.1	XP_054440223	28.640	625	658	626	91	1.77e-79	269	carnitine O-acetyltransferase isoform X2 [Pteronotus mesoamericanus]	1884717
XP_036205189.1	XP_024418038	28.683	638	658	626	92	1.93e-79	269	carnitine O-acetyltransferase isoform X6 [Desmodus rotundus]	9430
XP_036205189.1	XP_024418036	28.683	638	658	626	92	2.40e-79	269	carnitine O-acetyltransferase isoform X5 [Desmodus rotundus]	9430
XP_036205189.1	XP_015989280	28.754	626	658	625	91	2.98e-79	268	carnitine O-acetyltransferase isoform X1 [Rousettus aegyptiacus]	9407
XP_036205189.1	XP_045052787	28.683	638	658	658	92	3.01e-79	270	carnitine O-acetyltransferase isoform X4 [Desmodus rotundus]	9430
XP_036205189.1	XP_015989281	28.754	626	658	625	91	3.01e-79	268	carnitine O-acetyltransferase isoform X2 [Rousettus aegyptiacus]	9407
XP_036205189.1	XP_036892313	28.436	633	658	626	92	3.15e-79	268	carnitine O-acetyltransferase isoform X1 [Sturnira hondurensis]	192404
XP_036205189.1	XP_036892314	28.436	633	658	626	92	4.34e-79	268	carnitine O-acetyltransferase isoform X2 [Sturnira hondurensis]	192404
XP_036205189.1	XP_045702263	28.527	638	658	626	92	4.87e-79	268	carnitine O-acetyltransferase isoform X1 [Phyllostomus hastatus]	9423
XP_036205189.1	XP_045702264	28.527	638	658	626	92	6.39e-79	268	carnitine O-acetyltransferase isoform X2 [Phyllostomus hastatus]	9423
XP_036205189.1	XP_066112080	29.120	625	658	626	91	7.63e-79	268	carnitine O-acetyltransferase isoform X1 [Saccopteryx bilineata]	59482
XP_036205189.1	XP_066112079	29.120	625	658	626	91	7.63e-79	268	carnitine O-acetyltransferase isoform X1 [Saccopteryx bilineata]	59482
XP_036205189.1	XP_066112078	29.120	625	658	626	91	7.63e-79	268	carnitine O-acetyltransferase isoform X1 [Saccopteryx bilineata]	59482
XP_036205189.1	XP_066112081	29.120	625	658	626	91	9.59e-79	267	carnitine O-acetyltransferase isoform X2 [Saccopteryx bilineata]	59482
XP_036205189.1	XP_066223037	28.960	625	658	626	91	1.32e-78	267	carnitine O-acetyltransferase isoform X1 [Saccopteryx leptura]	249018
XP_036205189.1	XP_066223036	28.960	625	658	626	91	1.32e-78	267	carnitine O-acetyltransferase isoform X1 [Saccopteryx leptura]	249018
XP_036205189.1	XP_066223035	28.960	625	658	626	91	1.32e-78	267	carnitine O-acetyltransferase isoform X1 [Saccopteryx leptura]	249018
XP_036205189.1	XP_066223038	28.960	625	658	626	91	1.45e-78	267	carnitine O-acetyltransferase isoform X2 [Saccopteryx leptura]	249018
XP_036205189.1	XP_036116556	28.868	627	658	626	91	2.21e-78	266	carnitine O-acetyltransferase isoform X2 [Molossus molossus]	27622
XP_036205189.1	XP_006103239	28.594	633	658	626	92	2.37e-78	266	carnitine O-acetyltransferase isoform X1 [Myotis lucifugus]	59463
XP_036205189.1	XP_006103240	28.594	633	658	626	92	2.47e-78	266	carnitine O-acetyltransferase isoform X2 [Myotis lucifugus]	59463
XP_036205189.1	XP_036116557	28.868	627	658	626	91	2.86e-78	266	carnitine O-acetyltransferase isoform X1 [Molossus molossus]	27622
XP_036205189.1	XP_036116554	28.868	627	658	626	91	2.86e-78	266	carnitine O-acetyltransferase isoform X1 [Molossus molossus]	27622
XP_036205189.1	XP_070286584	28.594	633	658	626	92	3.24e-78	266	carnitine O-acetyltransferase isoform X3 [Myotis yumanensis]	159337
XP_036205189.1	XP_036185294	28.594	633	658	626	92	3.49e-78	266	carnitine O-acetyltransferase isoform X1 [Myotis myotis]	51298
XP_036205189.1	XP_059514254	28.594	633	658	626	92	3.60e-78	266	carnitine O-acetyltransferase isoform X1 [Myotis daubentonii]	98922
XP_036205189.1	XP_036185296	28.594	633	658	626	92	4.03e-78	266	carnitine O-acetyltransferase isoform X2 [Myotis myotis]	51298
XP_036205189.1	XP_036185295	28.594	633	658	626	92	4.03e-78	266	carnitine O-acetyltransferase isoform X2 [Myotis myotis]	51298
XP_036205189.1	XP_005881429	28.594	633	658	626	92	4.08e-78	266	PREDICTED: carnitine O-acetyltransferase [Myotis brandtii]	109478
XP_036205189.1	XP_080960306	28.594	633	658	626	92	4.43e-78	265	carnitine O-acetyltransferase [Myotis nattereri]	109481
XP_036205189.1	XP_006768544	28.594	633	658	626	92	4.77e-78	265	PREDICTED: carnitine O-acetyltransferase [Myotis davidii]	225400
XP_036205189.1	XP_059514255	28.594	633	658	626	92	5.99e-78	265	carnitine O-acetyltransferase isoform X2 [Myotis daubentonii]	98922
XP_036205189.1	XP_070280273	30.189	636	658	612	93	3.78e-76	260	peroxisomal carnitine O-octanoyltransferase isoform X1 [Myotis yumanensis]	159337
XP_036205189.1	XP_070280272	30.189	636	658	612	93	3.78e-76	260	peroxisomal carnitine O-octanoyltransferase isoform X1 [Myotis yumanensis]	159337
XP_036205189.1	XP_080958696	30.031	636	658	612	93	7.44e-76	259	peroxisomal carnitine O-octanoyltransferase isoform 1 [Myotis nattereri]	109481
XP_036205189.1	XP_036184206	30.031	636	658	612	93	9.35e-76	259	peroxisomal carnitine O-octanoyltransferase isoform X1 [Myotis myotis]	51298
XP_036205189.1	XP_036184205	30.031	636	658	612	93	9.35e-76	259	peroxisomal carnitine O-octanoyltransferase isoform X1 [Myotis myotis]	51298
XP_036205189.1	XP_023618480	30.031	636	658	612	93	1.49e-75	258	peroxisomal carnitine O-octanoyltransferase isoform X1 [Myotis lucifugus]	59463
XP_036205189.1	XP_023618479	30.031	636	658	612	93	1.49e-75	258	peroxisomal carnitine O-octanoyltransferase isoform X1 [Myotis lucifugus]	59463
XP_036205189.1	XP_014320101	30.031	636	658	612	93	1.49e-75	258	peroxisomal carnitine O-octanoyltransferase isoform X1 [Myotis lucifugus]	59463
XP_036205189.1	XP_005876203	29.874	636	658	612	93	8.54e-75	256	PREDICTED: peroxisomal carnitine O-octanoyltransferase isoform X1 [Myotis brandtii]	109478
XP_036205189.1	XP_005876202	29.874	636	658	612	93	8.54e-75	256	PREDICTED: peroxisomal carnitine O-octanoyltransferase isoform X1 [Myotis brandtii]	109478
XP_036205189.1	XP_005876201	29.874	636	658	612	93	8.54e-75	256	PREDICTED: peroxisomal carnitine O-octanoyltransferase isoform X1 [Myotis brandtii]	109478
XP_036205189.1	XP_059568183	29.953	641	658	612	93	3.54e-74	254	peroxisomal carnitine O-octanoyltransferase isoform X1 [Myotis daubentonii]	98922
XP_036205189.1	XP_059568182	29.953	641	658	612	93	3.54e-74	254	peroxisomal carnitine O-octanoyltransferase isoform X1 [Myotis daubentonii]	98922
XP_036205189.1	XP_036086205	29.653	634	658	612	93	5.64e-74	254	peroxisomal carnitine O-octanoyltransferase [Rousettus aegyptiacus]	9407
XP_036205189.1	XP_036086204	29.653	634	658	612	93	5.64e-74	254	peroxisomal carnitine O-octanoyltransferase [Rousettus aegyptiacus]	9407
XP_036205189.1	XP_016003505	29.653	634	658	612	93	5.64e-74	254	peroxisomal carnitine O-octanoyltransferase [Rousettus aegyptiacus]	9407
XP_036205189.1	XP_080936357	29.226	633	658	612	93	1.17e-73	253	peroxisomal carnitine O-octanoyltransferase isoform 1 [Rhinolophus hipposideros]	77218
XP_036205189.1	XP_080936356	29.226	633	658	612	93	1.17e-73	253	peroxisomal carnitine O-octanoyltransferase isoform 1 [Rhinolophus hipposideros]	77218
XP_036205189.1	XP_015413764	29.905	632	658	612	93	1.35e-73	253	PREDICTED: peroxisomal carnitine O-octanoyltransferase isoform X1 [Myotis davidii]	225400
XP_036205189.1	XP_015413763	29.905	632	658	612	93	1.35e-73	253	PREDICTED: peroxisomal carnitine O-octanoyltransferase isoform X1 [Myotis davidii]	225400
XP_036205189.1	XP_045684470	29.356	637	658	612	93	2.46e-73	253	peroxisomal carnitine O-octanoyltransferase [Phyllostomus hastatus]	9423
XP_036205189.1	XP_045684469	29.356	637	658	612	93	2.46e-73	253	peroxisomal carnitine O-octanoyltransferase [Phyllostomus hastatus]	9423
XP_036205189.1	XP_032943895	29.542	633	658	612	93	5.18e-73	251	peroxisomal carnitine O-octanoyltransferase [Rhinolophus ferrumequinum]	59479
XP_036205189.1	XP_032943894	29.542	633	658	612	93	5.18e-73	251	peroxisomal carnitine O-octanoyltransferase [Rhinolophus ferrumequinum]	59479
XP_036205189.1	XP_032943893	29.542	633	658	612	93	5.18e-73	251	peroxisomal carnitine O-octanoyltransferase [Rhinolophus ferrumequinum]	59479
XP_036205189.1	XP_032943892	29.542	633	658	612	93	5.18e-73	251	peroxisomal carnitine O-octanoyltransferase [Rhinolophus ferrumequinum]	59479
XP_036205189.1	XP_032943891	29.542	633	658	612	93	5.18e-73	251	peroxisomal carnitine O-octanoyltransferase [Rhinolophus ferrumequinum]	59479
XP_036205189.1	XP_045052786	26.754	684	658	672	92	1.34e-72	252	carnitine O-acetyltransferase isoform X3 [Desmodus rotundus]	9430
XP_036205189.1	XP_045052785	26.754	684	658	672	92	1.34e-72	252	carnitine O-acetyltransferase isoform X3 [Desmodus rotundus]	9430
XP_036205189.1	XP_045052784	26.754	684	658	672	92	1.34e-72	252	carnitine O-acetyltransferase isoform X3 [Desmodus rotundus]	9430
XP_036205189.1	XP_045052783	26.754	684	658	672	92	1.41e-72	252	carnitine O-acetyltransferase isoform X2 [Desmodus rotundus]	9430
XP_036205189.1	XP_035866561	29.356	637	658	612	93	1.55e-72	250	peroxisomal carnitine O-octanoyltransferase [Phyllostomus discolor]	89673
XP_036205189.1	XP_028381939	29.356	637	658	612	93	1.55e-72	250	peroxisomal carnitine O-octanoyltransferase [Phyllostomus discolor]	89673
XP_036205189.1	XP_035866560	29.356	637	658	612	93	1.55e-72	250	peroxisomal carnitine O-octanoyltransferase [Phyllostomus discolor]	89673
XP_036205189.1	XP_028381938	29.356	637	658	612	93	1.55e-72	250	peroxisomal carnitine O-octanoyltransferase [Phyllostomus discolor]	89673
XP_036205189.1	XP_045052782	26.754	684	658	704	92	1.91e-72	252	carnitine O-acetyltransferase isoform X1 [Desmodus rotundus]	9430
XP_036205189.1	XP_054420084	29.310	638	658	612	93	2.07e-72	250	peroxisomal carnitine O-octanoyltransferase isoform X2 [Pteronotus mesoamericanus]	1884717
XP_036205189.1	XP_054420083	29.310	638	658	612	93	2.07e-72	250	peroxisomal carnitine O-octanoyltransferase isoform X2 [Pteronotus mesoamericanus]	1884717
XP_036205189.1	XP_054420082	29.310	638	658	612	93	2.07e-72	250	peroxisomal carnitine O-octanoyltransferase isoform X2 [Pteronotus mesoamericanus]	1884717
XP_036205189.1	XP_054420081	29.310	638	658	612	93	2.07e-72	250	peroxisomal carnitine O-octanoyltransferase isoform X2 [Pteronotus mesoamericanus]	1884717
XP_036205189.1	XP_054420080	29.310	638	658	612	93	2.07e-72	250	peroxisomal carnitine O-octanoyltransferase isoform X2 [Pteronotus mesoamericanus]	1884717
XP_036205189.1	XP_054420079	29.310	638	658	612	93	2.07e-72	250	peroxisomal carnitine O-octanoyltransferase isoform X2 [Pteronotus mesoamericanus]	1884717
XP_036205189.1	XP_054420078	29.310	638	658	612	93	2.07e-72	250	peroxisomal carnitine O-octanoyltransferase isoform X2 [Pteronotus mesoamericanus]	1884717
XP_036205189.1	XP_054420077	29.310	638	658	612	93	2.07e-72	250	peroxisomal carnitine O-octanoyltransferase isoform X2 [Pteronotus mesoamericanus]	1884717
XP_036205189.1	XP_036922027	28.972	642	658	612	93	2.86e-72	249	peroxisomal carnitine O-octanoyltransferase [Sturnira hondurensis]	192404
XP_036205189.1	XP_036922026	28.972	642	658	612	93	2.86e-72	249	peroxisomal carnitine O-octanoyltransferase [Sturnira hondurensis]	192404
XP_036205189.1	XP_036922025	28.972	642	658	612	93	2.86e-72	249	peroxisomal carnitine O-octanoyltransferase [Sturnira hondurensis]	192404
XP_036205189.1	XP_054420076	29.310	638	658	620	93	3.65e-72	249	peroxisomal carnitine O-octanoyltransferase isoform X1 [Pteronotus mesoamericanus]	1884717
XP_036205189.1	XP_066098945	29.747	632	658	641	91	1.92e-71	248	choline O-acetyltransferase isoform X2 [Saccopteryx bilineata]	59482
XP_036205189.1	XP_036103334	29.653	634	658	612	93	2.13e-71	247	peroxisomal carnitine O-octanoyltransferase [Molossus molossus]	27622
XP_036205189.1	XP_015455278	29.088	636	658	612	93	2.19e-71	247	peroxisomal carnitine O-octanoyltransferase [Pteropus alecto]	9402
XP_036205189.1	XP_015455279	29.088	636	658	612	93	2.19e-71	247	peroxisomal carnitine O-octanoyltransferase [Pteropus alecto]	9402
XP_036205189.1	XP_006925787	29.088	636	658	612	93	2.19e-71	247	peroxisomal carnitine O-octanoyltransferase [Pteropus alecto]	9402
XP_036205189.1	XP_066098944	29.747	632	658	662	91	2.98e-71	248	choline O-acetyltransferase isoform X1 [Saccopteryx bilineata]	59482
XP_036205189.1	XP_039734153	29.088	636	658	612	93	3.99e-71	246	peroxisomal carnitine O-octanoyltransferase [Pteropus medius]	143291
XP_036205189.1	XP_039734152	29.088	636	658	612	93	3.99e-71	246	peroxisomal carnitine O-octanoyltransferase [Pteropus medius]	143291
XP_036205189.1	XP_039734151	29.088	636	658	612	93	3.99e-71	246	peroxisomal carnitine O-octanoyltransferase [Pteropus medius]	143291
XP_036205189.1	XP_039734150	29.088	636	658	612	93	3.99e-71	246	peroxisomal carnitine O-octanoyltransferase [Pteropus medius]	143291
XP_036205189.1	XP_080523182	29.560	636	658	612	93	5.22e-71	246	peroxisomal carnitine O-octanoyltransferase isoform 1 [Plecotus auritus]	61862
XP_036205189.1	XP_080523181	29.560	636	658	612	93	5.22e-71	246	peroxisomal carnitine O-octanoyltransferase isoform 1 [Plecotus auritus]	61862
XP_036205189.1	XP_080523180	29.560	636	658	612	93	5.22e-71	246	peroxisomal carnitine O-octanoyltransferase isoform 1 [Plecotus auritus]	61862
XP_036205189.1	XP_080523179	29.560	636	658	612	93	5.22e-71	246	peroxisomal carnitine O-octanoyltransferase isoform 1 [Plecotus auritus]	61862
XP_036205189.1	XP_080523178	29.560	636	658	612	93	5.22e-71	246	peroxisomal carnitine O-octanoyltransferase isoform 1 [Plecotus auritus]	61862
XP_036205189.1	XP_080523177	29.560	636	658	612	93	5.22e-71	246	peroxisomal carnitine O-octanoyltransferase isoform 1 [Plecotus auritus]	61862
XP_036205189.1	XP_080523176	29.560	636	658	612	93	5.22e-71	246	peroxisomal carnitine O-octanoyltransferase isoform 1 [Plecotus auritus]	61862
XP_036205189.1	XP_080523175	29.560	636	658	612	93	5.22e-71	246	peroxisomal carnitine O-octanoyltransferase isoform 1 [Plecotus auritus]	61862
XP_036205189.1	XP_080523174	29.560	636	658	612	93	5.22e-71	246	peroxisomal carnitine O-octanoyltransferase isoform 1 [Plecotus auritus]	61862
XP_036205189.1	XP_011362519	29.088	636	658	612	93	6.97e-71	246	peroxisomal carnitine O-octanoyltransferase isoform X2 [Pteropus vampyrus]	132908
XP_036205189.1	XP_023389220	29.088	636	658	612	93	6.97e-71	246	peroxisomal carnitine O-octanoyltransferase isoform X2 [Pteropus vampyrus]	132908
XP_036205189.1	XP_011362510	29.088	636	658	612	93	6.97e-71	246	peroxisomal carnitine O-octanoyltransferase isoform X2 [Pteropus vampyrus]	132908
XP_036205189.1	XP_054582290	29.560	636	658	612	93	9.31e-71	246	peroxisomal carnitine O-octanoyltransferase isoform X1 [Eptesicus fuscus]	29078
XP_036205189.1	XP_054582289	29.560	636	658	612	93	9.31e-71	246	peroxisomal carnitine O-octanoyltransferase isoform X1 [Eptesicus fuscus]	29078
XP_036205189.1	XP_079642314	29.560	636	658	612	93	1.16e-70	245	peroxisomal carnitine O-octanoyltransferase [Cnephaeus nilssonii]	3371016
XP_036205189.1	XP_011362499	29.088	636	658	651	93	1.65e-70	246	peroxisomal carnitine O-octanoyltransferase isoform X1 [Pteropus vampyrus]	132908
XP_036205189.1	XP_019605325	28.616	636	658	612	93	3.38e-70	244	peroxisomal carnitine O-octanoyltransferase [Rhinolophus sinicus]	89399
XP_036205189.1	XP_019605324	28.616	636	658	612	93	3.38e-70	244	peroxisomal carnitine O-octanoyltransferase [Rhinolophus sinicus]	89399
XP_036205189.1	XP_019605323	28.616	636	658	612	93	3.38e-70	244	peroxisomal carnitine O-octanoyltransferase [Rhinolophus sinicus]	89399
XP_036205189.1	XP_036985154	28.840	638	658	613	93	6.16e-70	243	peroxisomal carnitine O-octanoyltransferase [Artibeus jamaicensis]	9417
XP_036205189.1	XP_036985152	28.840	638	658	613	93	6.16e-70	243	peroxisomal carnitine O-octanoyltransferase [Artibeus jamaicensis]	9417
XP_036205189.1	XP_066096542	28.707	634	658	612	93	6.75e-70	243	peroxisomal carnitine O-octanoyltransferase [Saccopteryx bilineata]	59482
XP_036205189.1	XP_066096541	28.707	634	658	612	93	6.75e-70	243	peroxisomal carnitine O-octanoyltransferase [Saccopteryx bilineata]	59482
XP_036205189.1	XP_066096540	28.707	634	658	612	93	6.75e-70	243	peroxisomal carnitine O-octanoyltransferase [Saccopteryx bilineata]	59482
XP_036205189.1	XP_066204894	29.653	634	658	641	91	3.44e-69	242	choline O-acetyltransferase isoform X2 [Saccopteryx leptura]	249018
XP_036205189.1	XP_006917900	29.969	644	658	772	92	3.69e-69	244	carnitine O-palmitoyltransferase 1, muscle isoform isoform X2 [Pteropus alecto]	9402
XP_036205189.1	XP_066204893	29.653	634	658	662	91	4.76e-69	242	choline O-acetyltransferase isoform X1 [Saccopteryx leptura]	249018
XP_036205189.1	XP_039718980	29.969	644	658	772	92	6.07e-69	244	carnitine O-palmitoyltransferase 1, muscle isoform [Pteropus medius]	143291
XP_036205189.1	XP_079650093	29.825	627	658	630	91	6.08e-69	241	choline O-acetyltransferase isoform 2 [Cnephaeus nilssonii]	3371016
XP_036205189.1	XP_016074354	29.180	634	658	612	93	6.19e-69	241	PREDICTED: peroxisomal carnitine O-octanoyltransferase isoform X1 [Miniopterus natalensis]	291302
XP_036205189.1	XP_008147308	29.825	627	658	630	91	6.53e-69	241	choline O-acetyltransferase [Eptesicus fuscus]	29078
XP_036205189.1	XP_023618481	30.179	560	658	533	82	7.51e-69	238	peroxisomal carnitine O-octanoyltransferase isoform X3 [Myotis lucifugus]	59463
XP_036205189.1	XP_039717445	28.246	570	658	566	83	8.80e-69	239	carnitine O-acetyltransferase isoform X3 [Pteropus medius]	143291
XP_036205189.1	XP_079650092	29.825	627	658	656	91	9.52e-69	241	choline O-acetyltransferase isoform 1 [Cnephaeus nilssonii]	3371016
XP_036205189.1	XP_079650091	29.825	627	658	656	91	9.52e-69	241	choline O-acetyltransferase isoform 1 [Cnephaeus nilssonii]	3371016
XP_036205189.1	XP_011362440	28.246	570	658	566	83	1.16e-68	239	carnitine O-acetyltransferase isoform X3 [Pteropus vampyrus]	132908
XP_036205189.1	XP_081003733	29.180	634	658	612	93	1.88e-68	239	peroxisomal carnitine O-octanoyltransferase isoform 1 [Miniopterus schreibersii]	9433
XP_036205189.1	XP_019479274	28.370	638	658	612	93	2.11e-68	239	PREDICTED: peroxisomal carnitine O-octanoyltransferase isoform X1 [Hipposideros armiger]	186990
XP_036205189.1	XP_019479273	28.370	638	658	612	93	2.11e-68	239	PREDICTED: peroxisomal carnitine O-octanoyltransferase isoform X1 [Hipposideros armiger]	186990
XP_036205189.1	XP_019479272	28.370	638	658	612	93	2.11e-68	239	PREDICTED: peroxisomal carnitine O-octanoyltransferase isoform X1 [Hipposideros armiger]	186990
XP_036205189.1	XP_019479270	28.370	638	658	612	93	2.11e-68	239	PREDICTED: peroxisomal carnitine O-octanoyltransferase isoform X1 [Hipposideros armiger]	186990
XP_036205189.1	XP_019479269	28.370	638	658	612	93	2.11e-68	239	PREDICTED: peroxisomal carnitine O-octanoyltransferase isoform X1 [Hipposideros armiger]	186990
XP_036205189.1	XP_019479268	28.370	638	658	612	93	2.11e-68	239	PREDICTED: peroxisomal carnitine O-octanoyltransferase isoform X1 [Hipposideros armiger]	186990
XP_036205189.1	XP_019479267	28.370	638	658	612	93	2.11e-68	239	PREDICTED: peroxisomal carnitine O-octanoyltransferase isoform X1 [Hipposideros armiger]	186990
XP_036205189.1	XP_015449814	28.621	573	658	566	83	2.42e-68	238	carnitine O-acetyltransferase isoform X3 [Pteropus alecto]	9402
XP_036205189.1	XP_016074355	29.883	599	658	573	88	3.11e-68	238	PREDICTED: peroxisomal carnitine O-octanoyltransferase isoform X2 [Miniopterus natalensis]	291302
XP_036205189.1	XP_011382436	29.814	644	658	772	92	3.32e-68	242	carnitine O-palmitoyltransferase 1, muscle isoform isoform X1 [Pteropus vampyrus]	132908
XP_036205189.1	XP_023617083	29.524	630	658	631	91	3.78e-68	239	choline O-acetyltransferase isoform X2 [Myotis lucifugus]	59463
XP_036205189.1	XP_024414897	29.283	642	658	612	93	4.90e-68	238	peroxisomal carnitine O-octanoyltransferase [Desmodus rotundus]	9430
XP_036205189.1	XP_024414888	29.283	642	658	612	93	4.90e-68	238	peroxisomal carnitine O-octanoyltransferase [Desmodus rotundus]	9430
XP_036205189.1	XP_036285439	29.002	631	658	612	93	6.60e-68	238	peroxisomal carnitine O-octanoyltransferase isoform X1 [Pipistrellus kuhlii]	59472
XP_036205189.1	XP_036285438	29.002	631	658	612	93	6.60e-68	238	peroxisomal carnitine O-octanoyltransferase isoform X1 [Pipistrellus kuhlii]	59472
XP_036205189.1	XP_006757220	28.889	675	658	655	98	8.53e-68	239	PREDICTED: choline O-acetyltransferase [Myotis davidii]	225400
XP_036205189.1	XP_036211925	29.524	630	658	632	91	1.06e-67	238	choline O-acetyltransferase [Myotis myotis]	51298
XP_036205189.1	XP_080961553	29.365	630	658	632	91	1.48e-67	237	choline O-acetyltransferase [Myotis nattereri]	109481
XP_036205189.1	XP_036120750	29.100	622	658	663	91	1.54e-67	238	choline O-acetyltransferase [Molossus molossus]	27622
XP_036205189.1	XP_059518080	29.365	630	658	632	91	2.10e-67	237	choline O-acetyltransferase [Myotis daubentonii]	98922
XP_036205189.1	XP_059518079	29.365	630	658	632	91	2.10e-67	237	choline O-acetyltransferase [Myotis daubentonii]	98922
XP_036205189.1	XP_059518078	29.365	630	658	632	91	2.10e-67	237	choline O-acetyltransferase [Myotis daubentonii]	98922
XP_036205189.1	XP_023617082	29.524	630	658	632	91	2.26e-67	237	choline O-acetyltransferase isoform X1 [Myotis lucifugus]	59463
XP_036205189.1	XP_081003734	29.883	599	658	593	88	2.37e-67	236	peroxisomal carnitine O-octanoyltransferase isoform 2 [Miniopterus schreibersii]	9433
XP_036205189.1	XP_036093694	29.348	644	658	775	92	4.27e-67	239	carnitine O-palmitoyltransferase 1, muscle isoform [Rousettus aegyptiacus]	9407
XP_036205189.1	XP_015980819	29.348	644	658	775	92	4.27e-67	239	carnitine O-palmitoyltransferase 1, muscle isoform [Rousettus aegyptiacus]	9407
XP_036205189.1	XP_015996417	28.997	638	658	641	93	4.55e-67	236	choline O-acetyltransferase [Rousettus aegyptiacus]	9407
XP_036205189.1	XP_070288040	29.524	630	658	687	91	4.59e-67	237	choline O-acetyltransferase [Myotis yumanensis]	159337
XP_036205189.1	XP_054428307	29.700	633	658	641	91	5.14e-67	236	choline O-acetyltransferase [Pteronotus mesoamericanus]	1884717
XP_036205189.1	XP_032985639	29.421	639	658	641	93	1.40e-66	235	choline O-acetyltransferase [Rhinolophus ferrumequinum]	59479
XP_036205189.1	XP_070286585	27.944	569	658	601	83	2.58e-66	233	carnitine O-acetyltransferase isoform X4 [Myotis yumanensis]	159337
XP_036205189.1	XP_066209894	28.549	634	658	612	93	2.63e-66	233	peroxisomal carnitine O-octanoyltransferase [Saccopteryx leptura]	249018
XP_036205189.1	XP_066209893	28.549	634	658	612	93	2.63e-66	233	peroxisomal carnitine O-octanoyltransferase [Saccopteryx leptura]	249018
XP_036205189.1	XP_066209892	28.549	634	658	612	93	2.63e-66	233	peroxisomal carnitine O-octanoyltransferase [Saccopteryx leptura]	249018
XP_036205189.1	XP_070286582	27.944	569	658	629	83	2.87e-66	234	carnitine O-acetyltransferase isoform X1 [Myotis yumanensis]	159337
XP_036205189.1	XP_019585673	28.864	634	658	694	93	3.56e-66	235	choline O-acetyltransferase [Rhinolophus sinicus]	89399
XP_036205189.1	XP_070286583	27.944	569	658	629	83	4.06e-66	233	carnitine O-acetyltransferase isoform X2 [Myotis yumanensis]	159337
XP_036205189.1	XP_019573368	28.819	635	658	772	92	5.61e-66	236	carnitine O-palmitoyltransferase 1, muscle isoform [Rhinolophus sinicus]	89399
XP_036205189.1	XP_036904549	29.449	635	658	772	92	7.37e-66	236	carnitine O-palmitoyltransferase 1, muscle isoform [Sturnira hondurensis]	192404
XP_036205189.1	XP_036904540	29.449	635	658	772	92	7.37e-66	236	carnitine O-palmitoyltransferase 1, muscle isoform [Sturnira hondurensis]	192404
XP_036205189.1	XP_006917013	29.577	639	658	642	93	1.08e-65	233	choline O-acetyltransferase [Pteropus alecto]	9402
XP_036205189.1	XP_011353713	29.577	639	658	640	93	1.19e-65	233	choline O-acetyltransferase [Pteropus vampyrus]	132908
XP_036205189.1	XP_036317091	28.889	630	658	630	91	1.28e-65	232	choline O-acetyltransferase [Pipistrellus kuhlii]	59472
XP_036205189.1	XP_080917493	28.661	635	658	664	92	1.71e-65	233	carnitine O-palmitoyltransferase 1, muscle isoform 5 [Rhinolophus hipposideros]	77218
XP_036205189.1	XP_037016644	29.134	635	658	772	92	1.72e-65	234	carnitine O-palmitoyltransferase 1, muscle isoform [Artibeus jamaicensis]	9417
XP_036205189.1	XP_080917492	28.661	635	658	666	92	2.35e-65	232	carnitine O-palmitoyltransferase 1, muscle isoform 4 [Rhinolophus hipposideros]	77218
XP_036205189.1	XP_080917491	28.661	635	658	666	92	2.35e-65	232	carnitine O-palmitoyltransferase 1, muscle isoform 4 [Rhinolophus hipposideros]	77218
XP_036205189.1	XP_035882589	28.399	662	658	662	96	2.52e-65	232	choline O-acetyltransferase isoform X1 [Phyllostomus discolor]	89673
XP_036205189.1	XP_045051850	29.319	631	658	641	91	2.58e-65	231	choline O-acetyltransferase [Desmodus rotundus]	9430
XP_036205189.1	XP_080497266	29.027	627	658	634	91	2.77e-65	231	choline O-acetyltransferase isoform 2 [Plecotus auritus]	61862
XP_036205189.1	XP_080497265	29.027	627	658	634	91	2.77e-65	231	choline O-acetyltransferase isoform 2 [Plecotus auritus]	61862
XP_036205189.1	XP_080497264	29.027	627	658	634	91	2.77e-65	231	choline O-acetyltransferase isoform 2 [Plecotus auritus]	61862
XP_036205189.1	XP_080497263	29.027	627	658	634	91	2.77e-65	231	choline O-acetyltransferase isoform 2 [Plecotus auritus]	61862
XP_036205189.1	XP_080917490	28.661	635	658	706	92	3.44e-65	233	carnitine O-palmitoyltransferase 1, muscle isoform 3 [Rhinolophus hipposideros]	77218
XP_036205189.1	XP_080917489	28.661	635	658	706	92	3.44e-65	233	carnitine O-palmitoyltransferase 1, muscle isoform 3 [Rhinolophus hipposideros]	77218
XP_036205189.1	XP_045690807	29.513	637	658	772	92	4.33e-65	233	carnitine O-palmitoyltransferase 1, muscle isoform [Phyllostomus hastatus]	9423
XP_036205189.1	XP_045690806	29.513	637	658	772	92	4.33e-65	233	carnitine O-palmitoyltransferase 1, muscle isoform [Phyllostomus hastatus]	9423
XP_036205189.1	XP_028369001	28.935	629	658	641	91	4.86e-65	231	choline O-acetyltransferase isoform X2 [Phyllostomus discolor]	89673
XP_036205189.1	XP_080497262	29.027	627	658	660	91	5.06e-65	231	choline O-acetyltransferase isoform 1 [Plecotus auritus]	61862
XP_036205189.1	XP_045698190	29.094	629	658	641	91	5.27e-65	231	choline O-acetyltransferase [Phyllostomus hastatus]	9423
XP_036205189.1	XP_039728387	29.577	639	658	640	93	5.39e-65	231	choline O-acetyltransferase [Pteropus medius]	143291
XP_036205189.1	XP_080917486	28.661	635	658	772	92	9.02e-65	233	carnitine O-palmitoyltransferase 1, muscle isoform 1 [Rhinolophus hipposideros]	77218
XP_036205189.1	XP_080917484	28.661	635	658	772	92	9.02e-65	233	carnitine O-palmitoyltransferase 1, muscle isoform 1 [Rhinolophus hipposideros]	77218
XP_036205189.1	XP_080930854	28.885	637	658	641	93	9.93e-65	230	choline O-acetyltransferase isoform 1 [Rhinolophus hipposideros]	77218
XP_036205189.1	XP_045043197	29.321	648	658	772	92	1.73e-64	232	carnitine O-palmitoyltransferase 1, muscle isoform [Desmodus rotundus]	9430
XP_036205189.1	XP_024435080	29.321	648	658	772	92	1.73e-64	232	carnitine O-palmitoyltransferase 1, muscle isoform [Desmodus rotundus]	9430
XP_036205189.1	XP_054426437	29.108	639	658	771	93	4.90e-64	231	carnitine O-palmitoyltransferase 1, muscle isoform [Pteronotus mesoamericanus]	1884717
XP_036205189.1	XP_036999022	28.708	627	658	641	91	5.79e-64	228	choline O-acetyltransferase [Artibeus jamaicensis]	9417
XP_036205189.1	XP_014320103	28.481	632	658	578	93	1.44e-63	225	peroxisomal carnitine O-octanoyltransferase isoform X2 [Myotis lucifugus]	59463
XP_036205189.1	XP_036912580	28.708	627	658	641	91	2.01e-63	226	choline O-acetyltransferase [Sturnira hondurensis]	192404
XP_036205189.1	XP_036184207	28.481	632	658	578	93	2.10e-63	225	peroxisomal carnitine O-octanoyltransferase isoform X2 [Myotis myotis]	51298
XP_036205189.1	XP_032973441	28.346	635	658	772	92	3.84e-63	228	carnitine O-palmitoyltransferase 1, muscle isoform [Rhinolophus ferrumequinum]	59479
XP_036205189.1	XP_016056333	28.640	625	658	640	91	3.93e-63	226	PREDICTED: choline O-acetyltransferase [Miniopterus natalensis]	291302
XP_036205189.1	XP_035875704	28.885	637	658	772	92	3.96e-63	228	carnitine O-palmitoyltransferase 1, muscle isoform isoform X1 [Phyllostomus discolor]	89673
XP_036205189.1	XP_028388542	28.885	637	658	772	92	3.96e-63	228	carnitine O-palmitoyltransferase 1, muscle isoform isoform X1 [Phyllostomus discolor]	89673
XP_036205189.1	XP_035875705	28.885	637	658	772	92	4.04e-63	228	carnitine O-palmitoyltransferase 1, muscle isoform isoform X2 [Phyllostomus discolor]	89673
XP_036205189.1	XP_081014709	28.503	628	658	640	91	4.09e-63	226	choline O-acetyltransferase [Miniopterus schreibersii]	9433
XP_036205189.1	XP_014403136	28.323	632	658	578	93	8.62e-63	223	PREDICTED: peroxisomal carnitine O-octanoyltransferase isoform X2 [Myotis brandtii]	109478
XP_036205189.1	XP_080515566	28.482	639	658	778	92	3.55e-62	226	carnitine O-palmitoyltransferase 1, muscle isoform 1 [Plecotus auritus]	61862
XP_036205189.1	XP_080515565	28.482	639	658	778	92	3.55e-62	226	carnitine O-palmitoyltransferase 1, muscle isoform 1 [Plecotus auritus]	61862
XP_036205189.1	XP_080515564	28.482	639	658	778	92	3.55e-62	226	carnitine O-palmitoyltransferase 1, muscle isoform 1 [Plecotus auritus]	61862
XP_036205189.1	XP_080515563	28.482	639	658	778	92	3.55e-62	226	carnitine O-palmitoyltransferase 1, muscle isoform 1 [Plecotus auritus]	61862
XP_036205189.1	XP_059568185	27.943	637	658	578	93	4.47e-62	221	peroxisomal carnitine O-octanoyltransferase isoform X2 [Myotis daubentonii]	98922
XP_036205189.1	XP_080937137	28.416	644	658	778	92	5.68e-62	225	carnitine O-palmitoyltransferase 1, muscle isoform [Myotis nattereri]	109481
XP_036205189.1	XP_036286038	28.438	640	658	778	92	6.59e-62	225	carnitine O-palmitoyltransferase 1, muscle isoform [Pipistrellus kuhlii]	59472
XP_036205189.1	XP_054575660	28.326	639	658	778	92	1.38e-61	224	carnitine O-palmitoyltransferase 1, muscle isoform [Eptesicus fuscus]	29078
XP_036205189.1	XP_054575659	28.326	639	658	778	92	1.38e-61	224	carnitine O-palmitoyltransferase 1, muscle isoform [Eptesicus fuscus]	29078
XP_036205189.1	XP_008153657	28.326	639	658	778	92	1.38e-61	224	carnitine O-palmitoyltransferase 1, muscle isoform [Eptesicus fuscus]	29078
XP_036205189.1	XP_036134134	28.346	635	658	772	92	1.95e-61	223	carnitine O-palmitoyltransferase 1, muscle isoform [Molossus molossus]	27622
XP_036205189.1	XP_036134133	28.346	635	658	772	92	1.95e-61	223	carnitine O-palmitoyltransferase 1, muscle isoform [Molossus molossus]	27622
XP_036205189.1	XP_015413765	28.344	628	658	578	93	2.07e-61	219	PREDICTED: peroxisomal carnitine O-octanoyltransferase isoform X2 [Myotis davidii]	225400
XP_036205189.1	XP_006771154	28.483	646	658	778	92	2.66e-61	223	PREDICTED: carnitine O-palmitoyltransferase 1, muscle isoform [Myotis davidii]	225400
XP_036205189.1	XP_006771153	28.483	646	658	778	92	2.66e-61	223	PREDICTED: carnitine O-palmitoyltransferase 1, muscle isoform [Myotis davidii]	225400
XP_036205189.1	XP_079631937	28.326	639	658	778	92	3.03e-61	223	carnitine O-palmitoyltransferase 1, muscle isoform [Cnephaeus nilssonii]	3371016
XP_036205189.1	XP_059537248	28.483	646	658	778	92	3.12e-61	223	carnitine O-palmitoyltransferase 1, muscle isoform [Myotis daubentonii]	98922
XP_036205189.1	XP_059537247	28.483	646	658	778	92	3.12e-61	223	carnitine O-palmitoyltransferase 1, muscle isoform [Myotis daubentonii]	98922
XP_036205189.1	XP_023602977	28.483	646	658	712	92	3.74e-61	221	carnitine O-palmitoyltransferase 1, muscle isoform isoform X3 [Myotis lucifugus]	59463
XP_036205189.1	XP_036167238	28.393	641	658	772	92	4.34e-61	223	carnitine O-palmitoyltransferase 1, muscle isoform isoform X1 [Myotis myotis]	51298
XP_036205189.1	XP_036167237	28.393	641	658	772	92	4.34e-61	223	carnitine O-palmitoyltransferase 1, muscle isoform isoform X1 [Myotis myotis]	51298
XP_036205189.1	XP_019524163	28.037	642	658	772	92	5.14e-61	222	PREDICTED: carnitine O-palmitoyltransferase 1, muscle isoform [Hipposideros armiger]	186990
XP_036205189.1	XP_070267472	28.483	646	658	778	92	5.40e-61	222	carnitine O-palmitoyltransferase 1, muscle isoform [Myotis yumanensis]	159337
XP_036205189.1	XP_070267471	28.483	646	658	778	92	5.40e-61	222	carnitine O-palmitoyltransferase 1, muscle isoform [Myotis yumanensis]	159337
XP_036205189.1	XP_005868291	28.483	646	658	778	92	5.40e-61	222	PREDICTED: carnitine O-palmitoyltransferase 1, muscle isoform isoform X2 [Myotis brandtii]	109478
XP_036205189.1	XP_080917485	28.189	635	658	659	92	7.40e-61	220	carnitine O-palmitoyltransferase 1, muscle isoform 6 [Rhinolophus hipposideros]	77218
XP_036205189.1	XP_006106431	28.483	646	658	778	92	7.73e-61	222	carnitine O-palmitoyltransferase 1, muscle isoform isoform X1 [Myotis lucifugus]	59463
XP_036205189.1	XP_014396694	28.261	644	658	846	92	8.61e-61	223	PREDICTED: carnitine O-palmitoyltransferase 1, muscle isoform isoform X1 [Myotis brandtii]	109478
XP_036205189.1	XP_019479275	27.215	632	658	570	93	1.17e-60	217	PREDICTED: peroxisomal carnitine O-octanoyltransferase isoform X2 [Hipposideros armiger]	186990
XP_036205189.1	XP_066214893	28.237	641	658	772	92	1.86e-60	221	carnitine O-palmitoyltransferase 1, muscle isoform [Saccopteryx leptura]	249018
XP_036205189.1	XP_066214892	28.237	641	658	772	92	1.86e-60	221	carnitine O-palmitoyltransferase 1, muscle isoform [Saccopteryx leptura]	249018
XP_036205189.1	XP_066214891	28.237	641	658	772	92	1.86e-60	221	carnitine O-palmitoyltransferase 1, muscle isoform [Saccopteryx leptura]	249018
XP_036205189.1	XP_080917488	28.189	635	658	765	92	3.23e-60	220	carnitine O-palmitoyltransferase 1, muscle isoform 2 [Rhinolophus hipposideros]	77218
XP_036205189.1	XP_080917487	28.189	635	658	765	92	3.23e-60	220	carnitine O-palmitoyltransferase 1, muscle isoform 2 [Rhinolophus hipposideros]	77218
XP_036205189.1	XP_066110663	28.031	635	658	772	92	6.57e-60	219	carnitine O-palmitoyltransferase 1, muscle isoform [Saccopteryx bilineata]	59482
XP_036205189.1	XP_066110656	28.031	635	658	772	92	6.57e-60	219	carnitine O-palmitoyltransferase 1, muscle isoform [Saccopteryx bilineata]	59482
XP_036205189.1	XP_066110652	28.031	635	658	772	92	6.57e-60	219	carnitine O-palmitoyltransferase 1, muscle isoform [Saccopteryx bilineata]	59482
XP_036205189.1	XP_080983173	28.049	656	658	772	92	1.15e-59	218	carnitine O-palmitoyltransferase 1, muscle isoform [Miniopterus schreibersii]	9433
XP_036205189.1	XP_015987244	28.483	646	658	773	93	4.43e-59	217	carnitine O-palmitoyltransferase 1, liver isoform [Rousettus aegyptiacus]	9407
XP_036205189.1	XP_080930855	28.617	622	658	640	90	6.91e-59	214	choline O-acetyltransferase isoform 2 [Rhinolophus hipposideros]	77218
XP_036205189.1	XP_036991099	28.571	609	658	773	89	7.50e-59	216	carnitine O-palmitoyltransferase 1, liver isoform [Artibeus jamaicensis]	9417
XP_036205189.1	XP_036991100	28.571	609	658	773	89	7.50e-59	216	carnitine O-palmitoyltransferase 1, liver isoform [Artibeus jamaicensis]	9417
XP_036205189.1	XP_053779888	28.595	612	658	773	89	2.00e-58	215	carnitine O-palmitoyltransferase 1, liver isoform [Desmodus rotundus]	9430
XP_036205189.1	XP_053779887	28.595	612	658	773	89	2.00e-58	215	carnitine O-palmitoyltransferase 1, liver isoform [Desmodus rotundus]	9430
XP_036205189.1	XP_006911062	28.019	646	658	773	93	2.34e-58	215	carnitine O-palmitoyltransferase 1, liver isoform [Pteropus alecto]	9402
XP_036205189.1	XP_036918461	28.618	608	658	773	89	3.51e-58	214	carnitine O-palmitoyltransferase 1, liver isoform [Sturnira hondurensis]	192404
XP_036205189.1	XP_036918460	28.618	608	658	773	89	3.51e-58	214	carnitine O-palmitoyltransferase 1, liver isoform [Sturnira hondurensis]	192404
XP_036205189.1	XP_036918459	28.618	608	658	773	89	3.51e-58	214	carnitine O-palmitoyltransferase 1, liver isoform [Sturnira hondurensis]	192404
XP_036205189.1	XP_023603602	28.105	612	658	773	89	7.75e-58	213	carnitine O-palmitoyltransferase 1, liver isoform [Myotis lucifugus]	59463
XP_036205189.1	XP_014304557	28.105	612	658	773	89	7.75e-58	213	carnitine O-palmitoyltransferase 1, liver isoform [Myotis lucifugus]	59463
XP_036205189.1	XP_039696557	28.455	615	658	771	89	9.59e-58	213	LOW QUALITY PROTEIN: carnitine O-palmitoyltransferase 1, liver isoform [Pteropus medius]	143291
XP_036205189.1	XP_028371191	28.105	612	658	773	89	2.04e-57	212	carnitine O-palmitoyltransferase 1, liver isoform [Phyllostomus discolor]	89673
XP_036205189.1	XP_028371192	28.105	612	658	773	89	2.04e-57	212	carnitine O-palmitoyltransferase 1, liver isoform [Phyllostomus discolor]	89673
XP_036205189.1	XP_014393619	27.778	612	658	773	89	2.69e-57	212	PREDICTED: carnitine O-palmitoyltransferase 1, liver isoform [Myotis brandtii]	109478
XP_036205189.1	XP_005864423	27.778	612	658	773	89	2.69e-57	212	PREDICTED: carnitine O-palmitoyltransferase 1, liver isoform [Myotis brandtii]	109478
XP_036205189.1	XP_070282385	27.778	612	658	784	89	3.52e-57	212	LOW QUALITY PROTEIN: carnitine O-palmitoyltransferase 1, liver isoform [Myotis yumanensis]	159337
XP_036205189.1	XP_036114085	28.618	615	658	773	89	3.58e-57	211	carnitine O-palmitoyltransferase 1, liver isoform isoform X1 [Molossus molossus]	27622
XP_036205189.1	XP_036114082	28.618	615	658	773	89	3.58e-57	211	carnitine O-palmitoyltransferase 1, liver isoform isoform X1 [Molossus molossus]	27622
XP_036205189.1	XP_036114081	28.618	615	658	773	89	3.58e-57	211	carnitine O-palmitoyltransferase 1, liver isoform isoform X1 [Molossus molossus]	27622
XP_036205189.1	XP_080955554	27.941	612	658	773	89	4.41e-57	211	carnitine O-palmitoyltransferase 1, liver isoform [Myotis nattereri]	109481
XP_036205189.1	XP_023602975	27.937	630	658	740	92	5.53e-57	211	carnitine O-palmitoyltransferase 1, muscle isoform isoform X2 [Myotis lucifugus]	59463
XP_036205189.1	XP_054426746	27.994	618	658	773	89	7.73e-57	211	carnitine O-palmitoyltransferase 1, liver isoform [Pteronotus mesoamericanus]	1884717
XP_036205189.1	XP_054426745	27.994	618	658	773	89	7.73e-57	211	carnitine O-palmitoyltransferase 1, liver isoform [Pteronotus mesoamericanus]	1884717
XP_036205189.1	XP_054426744	27.994	618	658	773	89	7.73e-57	211	carnitine O-palmitoyltransferase 1, liver isoform [Pteronotus mesoamericanus]	1884717
XP_036205189.1	XP_059565826	27.614	612	658	773	89	1.19e-56	210	carnitine O-palmitoyltransferase 1, liver isoform isoform X1 [Myotis daubentonii]	98922
XP_036205189.1	XP_054580699	27.967	615	658	773	89	1.37e-56	210	carnitine O-palmitoyltransferase 1, liver isoform [Eptesicus fuscus]	29078
XP_036205189.1	XP_036182262	27.778	612	658	773	89	1.50e-56	210	carnitine O-palmitoyltransferase 1, liver isoform isoform X1 [Myotis myotis]	51298
XP_036205189.1	XP_036182261	27.778	612	658	773	89	1.50e-56	210	carnitine O-palmitoyltransferase 1, liver isoform isoform X1 [Myotis myotis]	51298
XP_036205189.1	XP_019510245	27.387	639	658	773	92	2.24e-56	209	PREDICTED: carnitine O-palmitoyltransferase 1, liver isoform [Hipposideros armiger]	186990
XP_036205189.1	XP_019510244	27.387	639	658	773	92	2.24e-56	209	PREDICTED: carnitine O-palmitoyltransferase 1, liver isoform [Hipposideros armiger]	186990
XP_036205189.1	XP_054444518	29.466	655	658	803	93	2.51e-56	209	palmitoyl thioesterase CPT1C isoform X1 [Pteronotus mesoamericanus]	1884717
XP_036205189.1	XP_024904059	29.466	655	658	719	93	2.77e-56	208	carnitine O-palmitoyltransferase 1, brain isoform isoform X3 [Pteropus alecto]	9402
XP_036205189.1	XP_045710814	28.314	611	658	773	89	3.49e-56	209	carnitine O-palmitoyltransferase 1, liver isoform [Phyllostomus hastatus]	9423
XP_036205189.1	XP_045710813	28.314	611	658	773	89	3.49e-56	209	carnitine O-palmitoyltransferase 1, liver isoform [Phyllostomus hastatus]	9423
XP_036205189.1	XP_036282966	27.642	615	658	773	89	4.09e-56	209	carnitine O-palmitoyltransferase 1, liver isoform isoform X3 [Pipistrellus kuhlii]	59472
XP_036205189.1	XP_080497801	27.948	619	658	773	89	4.13e-56	209	carnitine O-palmitoyltransferase 1, liver isoform [Plecotus auritus]	61862
XP_036205189.1	XP_036282964	27.642	615	658	782	89	4.23e-56	209	carnitine O-palmitoyltransferase 1, liver isoform isoform X1 [Pipistrellus kuhlii]	59472
XP_036205189.1	XP_036167239	28.621	573	658	700	84	4.57e-56	207	carnitine O-palmitoyltransferase 1, muscle isoform isoform X2 [Myotis myotis]	51298
XP_036205189.1	XP_006905080	29.466	655	658	802	93	6.42e-56	208	carnitine O-palmitoyltransferase 1, brain isoform isoform X1 [Pteropus alecto]	9402
XP_036205189.1	XP_079643043	27.805	615	658	773	89	7.09e-56	208	carnitine O-palmitoyltransferase 1, liver isoform 1 [Cnephaeus nilssonii]	3371016
XP_036205189.1	XP_079643042	27.805	615	658	773	89	7.09e-56	208	carnitine O-palmitoyltransferase 1, liver isoform 1 [Cnephaeus nilssonii]	3371016
XP_036205189.1	XP_036285440	27.389	628	658	578	93	7.56e-56	204	peroxisomal carnitine O-octanoyltransferase isoform X2 [Pipistrellus kuhlii]	59472
XP_036205189.1	XP_039734564	29.205	654	658	718	93	9.93e-56	207	palmitoyl thioesterase CPT1C isoform X3 [Pteropus medius]	143291
XP_036205189.1	XP_045433093	28.943	653	658	802	93	2.36e-55	207	carnitine O-palmitoyltransferase 1, brain isoform isoform X1 [Pipistrellus kuhlii]	59472
XP_036205189.1	XP_036281607	28.943	653	658	802	93	2.36e-55	207	carnitine O-palmitoyltransferase 1, brain isoform isoform X1 [Pipistrellus kuhlii]	59472
XP_036205189.1	XP_015978002	29.313	655	658	719	93	2.53e-55	206	carnitine O-palmitoyltransferase 1, brain isoform isoform X4 [Rousettus aegyptiacus]	9407
XP_036205189.1	XP_039734562	29.205	654	658	801	93	2.89e-55	206	palmitoyl thioesterase CPT1C isoform X1 [Pteropus medius]	143291
XP_036205189.1	XP_039734561	29.205	654	658	801	93	2.89e-55	206	palmitoyl thioesterase CPT1C isoform X1 [Pteropus medius]	143291
XP_036205189.1	XP_036130711	29.160	655	658	804	93	3.23e-55	206	carnitine O-palmitoyltransferase 1, brain isoform [Molossus molossus]	27622
XP_036205189.1	XP_066108361	28.247	616	658	776	89	3.39e-55	206	carnitine O-palmitoyltransferase 1, liver isoform [Saccopteryx bilineata]	59482
XP_036205189.1	XP_045056368	29.205	654	658	805	93	3.53e-55	206	palmitoyl thioesterase CPT1C isoform X2 [Desmodus rotundus]	9430
XP_036205189.1	XP_066239900	28.247	616	658	776	89	4.34e-55	206	carnitine O-palmitoyltransferase 1, liver isoform [Saccopteryx leptura]	249018
XP_036205189.1	XP_036087718	29.313	655	658	802	93	5.20e-55	206	carnitine O-palmitoyltransferase 1, brain isoform isoform X2 [Rousettus aegyptiacus]	9407
XP_036205189.1	XP_015978001	29.313	655	658	802	93	5.20e-55	206	carnitine O-palmitoyltransferase 1, brain isoform isoform X2 [Rousettus aegyptiacus]	9407
XP_036205189.1	XP_074192948	27.642	615	658	773	89	5.91e-55	205	carnitine O-palmitoyltransferase 1, liver isoform [Rhinolophus sinicus]	89399
XP_036205189.1	XP_036087716	29.313	655	658	825	93	6.28e-55	206	carnitine O-palmitoyltransferase 1, brain isoform isoform X1 [Rousettus aegyptiacus]	9407
XP_036205189.1	XP_036281610	28.725	651	658	800	93	6.76e-55	206	carnitine O-palmitoyltransferase 1, brain isoform isoform X3 [Pipistrellus kuhlii]	59472
XP_036205189.1	XP_016068952	28.409	616	658	773	89	7.05e-55	205	PREDICTED: carnitine O-palmitoyltransferase 1, liver isoform [Miniopterus natalensis]	291302
XP_036205189.1	XP_023602978	29.020	541	658	676	79	7.70e-55	203	carnitine O-palmitoyltransferase 1, muscle isoform isoform X4 [Myotis lucifugus]	59463
XP_036205189.1	XP_036996771	29.535	623	658	803	89	8.65e-55	205	carnitine O-palmitoyltransferase 1, brain isoform [Artibeus jamaicensis]	9417
XP_036205189.1	XP_036996770	29.535	623	658	803	89	8.65e-55	205	carnitine O-palmitoyltransferase 1, brain isoform [Artibeus jamaicensis]	9417
XP_036205189.1	XP_054566443	29.511	654	658	790	93	1.21e-54	204	carnitine O-palmitoyltransferase 1, brain isoform [Eptesicus fuscus]	29078
XP_036205189.1	XP_024422180	29.421	656	658	803	93	1.34e-54	205	palmitoyl thioesterase CPT1C isoform X3 [Desmodus rotundus]	9430
XP_036205189.1	XP_080975864	29.096	653	658	822	93	1.60e-54	205	palmitoyl thioesterase CPT1C [Miniopterus schreibersii]	9433
XP_036205189.1	XP_081011117	28.247	616	658	773	89	1.61e-54	204	carnitine O-palmitoyltransferase 1, liver isoform 1 [Miniopterus schreibersii]	9433
XP_036205189.1	XP_081011116	28.247	616	658	773	89	1.61e-54	204	carnitine O-palmitoyltransferase 1, liver isoform 1 [Miniopterus schreibersii]	9433
XP_036205189.1	XP_081011115	28.247	616	658	773	89	1.61e-54	204	carnitine O-palmitoyltransferase 1, liver isoform 1 [Miniopterus schreibersii]	9433
XP_036205189.1	XP_081011114	28.247	616	658	773	89	1.61e-54	204	carnitine O-palmitoyltransferase 1, liver isoform 1 [Miniopterus schreibersii]	9433
XP_036205189.1	XP_053772001	29.421	656	658	806	93	1.73e-54	204	palmitoyl thioesterase CPT1C isoform X1 [Desmodus rotundus]	9430
XP_036205189.1	XP_080964587	28.462	650	658	790	93	1.82e-54	204	palmitoyl thioesterase CPT1C isoform 2 [Myotis nattereri]	109481
XP_036205189.1	XP_080964586	28.462	650	658	790	93	1.82e-54	204	palmitoyl thioesterase CPT1C isoform 2 [Myotis nattereri]	109481
XP_036205189.1	XP_080919941	27.480	615	658	773	89	1.82e-54	204	carnitine O-palmitoyltransferase 1, liver isoform 1 [Rhinolophus hipposideros]	77218
XP_036205189.1	XP_080919940	27.480	615	658	773	89	1.82e-54	204	carnitine O-palmitoyltransferase 1, liver isoform 1 [Rhinolophus hipposideros]	77218
XP_036205189.1	XP_080919939	27.480	615	658	773	89	1.82e-54	204	carnitine O-palmitoyltransferase 1, liver isoform 1 [Rhinolophus hipposideros]	77218
XP_036205189.1	XP_080919938	27.480	615	658	773	89	1.82e-54	204	carnitine O-palmitoyltransferase 1, liver isoform 1 [Rhinolophus hipposideros]	77218
XP_036205189.1	XP_080919937	27.480	615	658	773	89	1.82e-54	204	carnitine O-palmitoyltransferase 1, liver isoform 1 [Rhinolophus hipposideros]	77218
XP_036205189.1	XP_032975839	27.317	615	658	773	89	2.89e-54	203	carnitine O-palmitoyltransferase 1, liver isoform [Rhinolophus ferrumequinum]	59479
XP_036205189.1	XP_066230126	28.482	639	658	801	91	3.22e-54	204	palmitoyl thioesterase CPT1C isoform X4 [Saccopteryx leptura]	249018
XP_036205189.1	XP_066127615	28.482	639	658	804	91	5.10e-54	203	palmitoyl thioesterase CPT1C isoform X4 [Saccopteryx bilineata]	59482
XP_036205189.1	XP_080964585	28.528	652	658	792	93	5.33e-54	203	palmitoyl thioesterase CPT1C isoform 1 [Myotis nattereri]	109481
XP_036205189.1	XP_080500784	29.205	654	658	790	93	5.54e-54	203	palmitoyl thioesterase CPT1C isoform 2 [Plecotus auritus]	61862
XP_036205189.1	XP_080500783	29.205	654	658	790	93	5.54e-54	203	palmitoyl thioesterase CPT1C isoform 2 [Plecotus auritus]	61862
XP_036205189.1	XP_079615645	29.205	654	658	790	93	5.70e-54	202	palmitoyl thioesterase CPT1C [Cnephaeus nilssonii]	3371016
XP_036205189.1	XP_066230124	28.549	641	658	803	91	5.90e-54	203	palmitoyl thioesterase CPT1C isoform X2 [Saccopteryx leptura]	249018
XP_036205189.1	XP_016067165	28.546	557	658	952	80	9.70e-54	204	PREDICTED: carnitine O-palmitoyltransferase 1, muscle isoform [Miniopterus natalensis]	291302
XP_036205189.1	XP_028385622	28.875	658	658	803	93	1.05e-53	202	carnitine O-palmitoyltransferase 1, brain isoform isoform X2 [Phyllostomus discolor]	89673
XP_036205189.1	XP_066127613	28.549	641	658	806	91	1.13e-53	202	palmitoyl thioesterase CPT1C isoform X2 [Saccopteryx bilineata]	59482
XP_036205189.1	XP_080500782	29.268	656	658	792	93	1.80e-53	201	palmitoyl thioesterase CPT1C isoform 1 [Plecotus auritus]	61862
XP_036205189.1	XP_080500781	29.268	656	658	792	93	1.80e-53	201	palmitoyl thioesterase CPT1C isoform 1 [Plecotus auritus]	61862
XP_036205189.1	XP_036163142	28.899	654	658	790	93	1.87e-53	201	carnitine O-palmitoyltransferase 1, brain isoform isoform X6 [Myotis myotis]	51298
XP_036205189.1	XP_066230125	28.594	640	658	802	91	2.21e-53	201	palmitoyl thioesterase CPT1C isoform X3 [Saccopteryx leptura]	249018
XP_036205189.1	XP_035868467	29.091	660	658	805	93	2.56e-53	201	carnitine O-palmitoyltransferase 1, brain isoform isoform X1 [Phyllostomus discolor]	89673
XP_036205189.1	XP_035868466	29.091	660	658	805	93	2.56e-53	201	carnitine O-palmitoyltransferase 1, brain isoform isoform X1 [Phyllostomus discolor]	89673
XP_036205189.1	XP_080964589	28.173	646	658	779	93	2.83e-53	201	palmitoyl thioesterase CPT1C isoform 4 [Myotis nattereri]	109481
XP_036205189.1	XP_066230123	28.660	642	658	804	91	3.20e-53	201	palmitoyl thioesterase CPT1C isoform X1 [Saccopteryx leptura]	249018
XP_036205189.1	XP_066127614	28.594	640	658	805	91	3.70e-53	201	palmitoyl thioesterase CPT1C isoform X3 [Saccopteryx bilineata]	59482
XP_036205189.1	XP_036184208	30.323	465	658	503	68	3.72e-53	195	peroxisomal carnitine O-octanoyltransferase isoform X3 [Myotis myotis]	51298
XP_036205189.1	XP_045712362	28.723	658	658	803	93	4.50e-53	200	carnitine O-palmitoyltransferase 1, brain isoform [Phyllostomus hastatus]	9423
XP_036205189.1	XP_059521291	28.746	654	658	790	93	4.58e-53	200	carnitine O-palmitoyltransferase 1, brain isoform isoform X2 [Myotis daubentonii]	98922
XP_036205189.1	XP_036163141	28.963	656	658	792	93	4.63e-53	200	carnitine O-palmitoyltransferase 1, brain isoform isoform X5 [Myotis myotis]	51298
XP_036205189.1	XP_019597171	28.550	655	658	802	93	4.68e-53	200	palmitoyl thioesterase CPT1C isoform X1 [Rhinolophus sinicus]	89399
XP_036205189.1	XP_074172180	28.550	655	658	802	93	4.68e-53	200	palmitoyl thioesterase CPT1C isoform X1 [Rhinolophus sinicus]	89399
XP_036205189.1	XP_019597170	28.550	655	658	802	93	4.68e-53	200	palmitoyl thioesterase CPT1C isoform X1 [Rhinolophus sinicus]	89399
XP_036205189.1	XP_074172179	28.550	655	658	802	93	4.68e-53	200	palmitoyl thioesterase CPT1C isoform X1 [Rhinolophus sinicus]	89399
XP_036205189.1	XP_019597169	28.550	655	658	802	93	4.68e-53	200	palmitoyl thioesterase CPT1C isoform X1 [Rhinolophus sinicus]	89399
XP_036205189.1	XP_080964588	28.328	646	658	782	93	6.49e-53	199	palmitoyl thioesterase CPT1C isoform 3 [Myotis nattereri]	109481
XP_036205189.1	XP_066127612	28.660	642	658	807	91	7.51e-53	200	palmitoyl thioesterase CPT1C isoform X1 [Saccopteryx bilineata]	59482
XP_036205189.1	XP_070258098	28.702	655	658	790	93	1.18e-52	199	palmitoyl thioesterase CPT1C isoform X2 [Myotis yumanensis]	159337
XP_036205189.1	XP_059521290	28.811	656	658	792	93	1.26e-52	199	carnitine O-palmitoyltransferase 1, brain isoform isoform X1 [Myotis daubentonii]	98922
XP_036205189.1	XP_059521289	28.811	656	658	792	93	1.26e-52	199	carnitine O-palmitoyltransferase 1, brain isoform isoform X1 [Myotis daubentonii]	98922
XP_036205189.1	XP_059521288	28.811	656	658	792	93	1.26e-52	199	carnitine O-palmitoyltransferase 1, brain isoform isoform X1 [Myotis daubentonii]	98922
XP_036205189.1	XP_019513945	29.027	658	658	804	93	1.37e-52	199	PREDICTED: carnitine O-palmitoyltransferase 1, brain isoform [Hipposideros armiger]	186990
XP_036205189.1	XP_019513944	29.027	658	658	804	93	1.37e-52	199	PREDICTED: carnitine O-palmitoyltransferase 1, brain isoform [Hipposideros armiger]	186990
XP_036205189.1	XP_019513943	29.027	658	658	804	93	1.37e-52	199	PREDICTED: carnitine O-palmitoyltransferase 1, brain isoform [Hipposideros armiger]	186990
XP_036205189.1	XP_019597172	28.922	612	658	769	87	2.54e-52	198	palmitoyl thioesterase CPT1C isoform X2 [Rhinolophus sinicus]	89399
XP_036205189.1	XP_066230127	28.840	638	658	765	91	2.79e-52	197	palmitoyl thioesterase CPT1C isoform X5 [Saccopteryx leptura]	249018
XP_036205189.1	XP_070258097	28.767	657	658	792	93	3.52e-52	197	palmitoyl thioesterase CPT1C isoform X1 [Myotis yumanensis]	159337
XP_036205189.1	XP_070258096	28.767	657	658	792	93	3.52e-52	197	palmitoyl thioesterase CPT1C isoform X1 [Myotis yumanensis]	159337
XP_036205189.1	XP_032984038	28.397	655	658	802	93	5.22e-52	197	carnitine O-palmitoyltransferase 1, brain isoform [Rhinolophus ferrumequinum]	59479
XP_036205189.1	XP_032984037	28.397	655	658	802	93	5.22e-52	197	carnitine O-palmitoyltransferase 1, brain isoform [Rhinolophus ferrumequinum]	59479
XP_036205189.1	XP_032984036	28.397	655	658	802	93	5.22e-52	197	carnitine O-palmitoyltransferase 1, brain isoform [Rhinolophus ferrumequinum]	59479
XP_036205189.1	XP_080888160	28.550	655	658	802	93	2.40e-51	195	palmitoyl thioesterase CPT1C isoform 1 [Rhinolophus hipposideros]	77218
XP_036205189.1	XP_080888159	28.550	655	658	802	93	2.40e-51	195	palmitoyl thioesterase CPT1C isoform 1 [Rhinolophus hipposideros]	77218
XP_036205189.1	XP_036182264	26.744	602	658	735	89	3.12e-51	194	carnitine O-palmitoyltransferase 1, liver isoform isoform X3 [Myotis myotis]	51298
XP_036205189.1	XP_036282965	26.254	598	658	744	89	3.51e-51	194	carnitine O-palmitoyltransferase 1, liver isoform isoform X2 [Pipistrellus kuhlii]	59472
XP_036205189.1	XP_059565827	26.578	602	658	735	89	5.76e-51	193	carnitine O-palmitoyltransferase 1, liver isoform isoform X2 [Myotis daubentonii]	98922
XP_036205189.1	XP_070258099	28.637	653	658	784	93	6.89e-51	194	palmitoyl thioesterase CPT1C isoform X3 [Myotis yumanensis]	159337
XP_036205189.1	XP_036182263	26.689	607	658	747	89	2.01e-50	192	carnitine O-palmitoyltransferase 1, liver isoform isoform X2 [Myotis myotis]	51298
XP_036205189.1	XP_036163138	29.118	601	658	835	86	1.02e-49	191	carnitine O-palmitoyltransferase 1, brain isoform isoform X2 [Myotis myotis]	51298
XP_036205189.1	XP_019510593	29.268	492	658	520	71	1.24e-49	186	PREDICTED: choline O-acetyltransferase [Hipposideros armiger]	186990
XP_036205189.1	XP_036163137	29.187	603	658	837	86	2.49e-49	190	carnitine O-palmitoyltransferase 1, brain isoform isoform X1 [Myotis myotis]	51298
XP_036205189.1	XP_036163136	29.187	603	658	837	86	2.49e-49	190	carnitine O-palmitoyltransferase 1, brain isoform isoform X1 [Myotis myotis]	51298
XP_036205189.1	XP_080500786	28.351	649	658	764	93	1.36e-48	187	palmitoyl thioesterase CPT1C isoform 4 [Plecotus auritus]	61862
XP_036205189.1	XP_080500785	28.418	651	658	766	93	3.98e-48	186	palmitoyl thioesterase CPT1C isoform 3 [Plecotus auritus]	61862
XP_036205189.1	XP_045434442	28.433	517	658	498	76	5.40e-48	181	peroxisomal carnitine O-octanoyltransferase isoform X3 [Pipistrellus kuhlii]	59472
XP_036205189.1	XP_036163139	29.048	599	658	829	86	7.90e-48	186	carnitine O-palmitoyltransferase 1, brain isoform isoform X3 [Myotis myotis]	51298
XP_036205189.1	XP_081003735	29.677	465	658	508	68	8.63e-48	181	peroxisomal carnitine O-octanoyltransferase isoform 3 [Miniopterus schreibersii]	9433
XP_036205189.1	XP_070258100	28.158	657	658	783	93	2.23e-47	184	palmitoyl thioesterase CPT1C isoform X4 [Myotis yumanensis]	159337
XP_036205189.1	XP_036114083	27.667	600	658	739	86	2.58e-47	183	carnitine O-palmitoyltransferase 1, liver isoform isoform X2 [Molossus molossus]	27622
XP_036205189.1	XP_054444519	28.616	643	658	752	93	7.42e-47	182	palmitoyl thioesterase CPT1C isoform X2 [Pteronotus mesoamericanus]	1884717
XP_036205189.1	XP_016061429	28.346	635	658	893	90	3.61e-45	178	PREDICTED: carnitine O-palmitoyltransferase 1, brain isoform [Miniopterus natalensis]	291302
XP_036205189.1	XP_039734563	30.879	489	658	721	69	7.48e-45	176	palmitoyl thioesterase CPT1C isoform X2 [Pteropus medius]	143291
XP_036205189.1	XP_015448137	30.879	489	658	722	69	8.54e-45	176	carnitine O-palmitoyltransferase 1, brain isoform isoform X2 [Pteropus alecto]	9402
XP_036205189.1	XP_023375934	30.879	489	658	818	69	1.48e-44	176	carnitine O-palmitoyltransferase 1, brain isoform [Pteropus vampyrus]	132908
XP_036205189.1	XP_036163140	27.926	598	658	811	86	4.14e-44	174	carnitine O-palmitoyltransferase 1, brain isoform isoform X4 [Myotis myotis]	51298
XP_036205189.1	XP_066230129	27.911	627	658	751	91	8.15e-44	173	palmitoyl thioesterase CPT1C isoform X6 [Saccopteryx leptura]	249018
XP_036205189.1	XP_066127617	27.911	627	658	754	91	2.29e-43	172	palmitoyl thioesterase CPT1C isoform X5 [Saccopteryx bilineata]	59482
XP_036205189.1	XP_015424435	26.966	623	658	751	89	7.36e-43	170	PREDICTED: carnitine O-palmitoyltransferase 1, liver isoform [Myotis davidii]	225400
XP_036205189.1	XP_036114084	26.817	619	658	728	89	7.93e-42	167	carnitine O-palmitoyltransferase 1, liver isoform isoform X3 [Molossus molossus]	27622
XP_036205189.1	XP_023381548	26.565	655	658	954	89	2.19e-40	164	carnitine O-palmitoyltransferase 1, liver isoform [Pteropus vampyrus]	132908
XP_036205189.1	XP_014386201	29.429	350	658	389	51	7.16e-39	153	PREDICTED: choline O-acetyltransferase, partial [Myotis brandtii]	109478
XP_036205189.1	XP_024906841	30.357	392	658	885	92	8.56e-38	156	carnitine O-palmitoyltransferase 1, muscle isoform isoform X1 [Pteropus alecto]	9402
XP_036205189.1	XP_024906841	29.242	277	658	885	92	1.96e-19	99.0	carnitine O-palmitoyltransferase 1, muscle isoform isoform X1 [Pteropus alecto]	9402
XP_036205189.1	XP_019497203	32.069	290	658	538	73	9.76e-38	152	PREDICTED: carnitine O-acetyltransferase [Hipposideros armiger]	186990
XP_036205189.1	XP_019497203	25.628	199	658	538	73	1.01e-11	73.6	PREDICTED: carnitine O-acetyltransferase [Hipposideros armiger]	186990
XP_036205189.1	XP_070280274	30.362	359	658	394	51	1.76e-34	140	peroxisomal carnitine O-octanoyltransferase isoform X2 [Myotis yumanensis]	159337
XP_036205189.1	XP_015420930	26.797	612	658	770	88	2.58e-34	145	PREDICTED: carnitine O-palmitoyltransferase 1, brain isoform [Myotis davidii]	225400
XP_036205189.1	XP_036163143	26.138	593	658	776	86	1.27e-33	142	carnitine O-palmitoyltransferase 1, brain isoform isoform X7 [Myotis myotis]	51298
XP_036205189.1	XP_006108670	30.548	347	658	476	50	3.50e-32	135	carnitine O-palmitoyltransferase 1, brain isoform, partial [Myotis lucifugus]	59463
XP_036205189.1	XP_045433094	30.747	348	658	747	50	2.18e-31	135	carnitine O-palmitoyltransferase 1, brain isoform isoform X2 [Pipistrellus kuhlii]	59472
XP_036205189.1	XP_074172182	28.818	347	658	747	50	8.46e-30	131	palmitoyl thioesterase CPT1C isoform X3 [Rhinolophus sinicus]	89399
XP_036205189.1	XP_036087719	29.107	347	658	770	50	1.15e-29	130	carnitine O-palmitoyltransferase 1, brain isoform isoform X3 [Rousettus aegyptiacus]	9407
XP_036205189.1	XP_080936358	29.934	304	658	303	44	3.73e-29	123	peroxisomal carnitine O-octanoyltransferase isoform 2 [Rhinolophus hipposideros]	77218
XP_036205189.1	XP_006107537	29.379	354	658	365	50	3.72e-25	112	carnitine O-palmitoyltransferase 1, brain isoform, partial [Myotis lucifugus]	59463
XP_036205189.1	XP_023381221	30.345	290	658	735	70	1.46e-24	114	carnitine O-palmitoyltransferase 1, muscle isoform isoform X2 [Pteropus vampyrus]	132908
XP_036205189.1	XP_023381221	31.282	195	658	735	70	4.03e-12	75.1	carnitine O-palmitoyltransferase 1, muscle isoform isoform X2 [Pteropus vampyrus]	132908
XP_036205189.1	XP_014405925	29.377	337	658	684	47	1.29e-22	108	PREDICTED: carnitine O-palmitoyltransferase 1, brain isoform [Myotis brandtii]	109478
XP_036205189.1	XP_024906842	29.242	277	658	664	41	1.30e-19	99.0	carnitine O-palmitoyltransferase 1, muscle isoform isoform X3 [Pteropus alecto]	9402
XP_036205189.1	XP_059568187	36.364	132	658	141	19	3.11e-17	84.0	peroxisomal carnitine O-octanoyltransferase isoform X4 [Myotis daubentonii]	98922
XP_036205189.1	XP_036184212	36.364	132	658	141	19	3.11e-17	84.0	peroxisomal carnitine O-octanoyltransferase isoform X5 [Myotis myotis]	51298
XP_036205189.1	XP_036184211	36.364	132	658	141	19	3.11e-17	84.0	peroxisomal carnitine O-octanoyltransferase isoform X5 [Myotis myotis]	51298
XP_036205189.1	XP_023618484	36.364	132	658	141	19	3.11e-17	84.0	peroxisomal carnitine O-octanoyltransferase isoform X4 [Myotis lucifugus]	59463
XP_036205189.1	XP_023618483	36.364	132	658	141	19	3.11e-17	84.0	peroxisomal carnitine O-octanoyltransferase isoform X4 [Myotis lucifugus]	59463
XP_036205189.1	XP_023618482	36.364	132	658	141	19	3.11e-17	84.0	peroxisomal carnitine O-octanoyltransferase isoform X4 [Myotis lucifugus]	59463
XP_036205189.1	XP_059568186	36.364	132	658	161	19	5.70e-17	84.0	peroxisomal carnitine O-octanoyltransferase isoform X3 [Myotis daubentonii]	98922
XP_036205189.1	XP_014403137	36.364	132	658	161	19	6.98e-17	83.6	PREDICTED: peroxisomal carnitine O-octanoyltransferase isoform X3 [Myotis brandtii]	109478
XP_036205189.1	XP_036184210	36.364	132	658	161	19	6.98e-17	83.6	peroxisomal carnitine O-octanoyltransferase isoform X4 [Myotis myotis]	51298
XP_036205189.1	XP_036184209	36.364	132	658	161	19	6.98e-17	83.6	peroxisomal carnitine O-octanoyltransferase isoform X4 [Myotis myotis]	51298
XP_036205189.1	XP_005853268	29.044	272	658	333	40	8.55e-17	87.4	PREDICTED: choline O-acetyltransferase [Myotis brandtii]	109478
XP_036205189.1	XP_054582291	44.444	72	658	85	11	6.08e-15	75.5	peroxisomal carnitine O-octanoyltransferase isoform X2 [Eptesicus fuscus]	29078
XP_036205189.1	XP_081003736	44.776	67	658	85	10	3.41e-14	73.6	peroxisomal carnitine O-octanoyltransferase isoform 4 [Miniopterus schreibersii]	9433
