XP_036183642.1	XP_028010919	100.000	502	502	502	100	0.0	1017	cyclic AMP-responsive element-binding protein 5 [Eptesicus fuscus]	29078
XP_036183642.1	XP_036309612	100.000	502	502	502	100	0.0	1017	cyclic AMP-responsive element-binding protein 5 isoform X1 [Pipistrellus kuhlii]	59472
XP_036183642.1	XP_036183642	100.000	502	502	502	100	0.0	1017	cyclic AMP-responsive element-binding protein 5 isoform X1 [Myotis myotis]	51298
XP_036183642.1	XP_080520499	100.000	502	502	502	100	0.0	1017	cyclic AMP-responsive element-binding protein 5 isoform 1 [Plecotus auritus]	61862
XP_036183642.1	XP_079642014	100.000	502	502	502	100	0.0	1017	cyclic AMP-responsive element-binding protein 5 isoform 3 [Cnephaeus nilssonii]	3371016
XP_036183642.1	XP_079642012	100.000	502	502	526	100	0.0	1016	cyclic AMP-responsive element-binding protein 5 isoform 1 [Cnephaeus nilssonii]	3371016
XP_036183642.1	XP_079642011	100.000	502	502	526	100	0.0	1016	cyclic AMP-responsive element-binding protein 5 isoform 1 [Cnephaeus nilssonii]	3371016
XP_036183642.1	XP_079642010	100.000	502	502	526	100	0.0	1016	cyclic AMP-responsive element-binding protein 5 isoform 1 [Cnephaeus nilssonii]	3371016
XP_036183642.1	XP_014392488	100.000	502	502	526	100	0.0	1015	PREDICTED: cyclic AMP-responsive element-binding protein 5 isoform X1 [Myotis brandtii]	109478
XP_036183642.1	XP_005863018	100.000	502	502	526	100	0.0	1015	PREDICTED: cyclic AMP-responsive element-binding protein 5 isoform X1 [Myotis brandtii]	109478
XP_036183642.1	XP_014392487	100.000	502	502	526	100	0.0	1015	PREDICTED: cyclic AMP-responsive element-binding protein 5 isoform X1 [Myotis brandtii]	109478
XP_036183642.1	XP_059568632	99.801	502	502	509	100	0.0	1014	cyclic AMP-responsive element-binding protein 5 isoform X1 [Myotis daubentonii]	98922
XP_036183642.1	XP_059568634	99.801	502	502	502	100	0.0	1014	cyclic AMP-responsive element-binding protein 5 isoform X3 [Myotis daubentonii]	98922
XP_036183642.1	XP_081002912	99.004	502	502	509	100	0.0	1013	cyclic AMP-responsive element-binding protein 5 isoform 3 [Miniopterus schreibersii]	9433
XP_036183642.1	XP_019495495	99.203	502	502	502	100	0.0	1011	PREDICTED: cyclic AMP-responsive element-binding protein 5 isoform X1 [Hipposideros armiger]	186990
XP_036183642.1	XP_081002917	99.004	502	502	502	100	0.0	1011	cyclic AMP-responsive element-binding protein 5 isoform 4 [Miniopterus schreibersii]	9433
XP_036183642.1	XP_081002913	99.004	502	502	502	100	0.0	1011	cyclic AMP-responsive element-binding protein 5 isoform 4 [Miniopterus schreibersii]	9433
XP_036183642.1	XP_045443180	99.801	502	502	501	100	0.0	1011	cyclic AMP-responsive element-binding protein 5 isoform X2 [Pipistrellus kuhlii]	59472
XP_036183642.1	XP_036183643	99.801	502	502	501	100	0.0	1011	cyclic AMP-responsive element-binding protein 5 isoform X2 [Myotis myotis]	51298
XP_036183642.1	XP_080958880	99.801	502	502	501	100	0.0	1011	cyclic AMP-responsive element-binding protein 5 isoform 2 [Myotis nattereri]	109481
XP_036183642.1	XP_080520500	99.801	502	502	501	100	0.0	1011	cyclic AMP-responsive element-binding protein 5 isoform 2 [Plecotus auritus]	61862
XP_036183642.1	XP_016077750	99.004	502	502	526	100	0.0	1010	PREDICTED: cyclic AMP-responsive element-binding protein 5 isoform X4 [Miniopterus natalensis]	291302
XP_036183642.1	XP_081002910	99.004	502	502	526	100	0.0	1010	cyclic AMP-responsive element-binding protein 5 isoform 1 [Miniopterus schreibersii]	9433
XP_036183642.1	XP_023609597	99.602	502	502	501	100	0.0	1010	cyclic AMP-responsive element-binding protein 5 isoform X2 [Myotis lucifugus]	59463
XP_036183642.1	XP_079642013	99.801	502	502	525	100	0.0	1010	cyclic AMP-responsive element-binding protein 5 isoform 2 [Cnephaeus nilssonii]	3371016
XP_036183642.1	XP_036086317	98.805	502	502	509	100	0.0	1009	cyclic AMP-responsive element-binding protein 5 isoform X1 [Rousettus aegyptiacus]	9407
XP_036183642.1	XP_032944608	99.004	502	502	502	100	0.0	1009	cyclic AMP-responsive element-binding protein 5 isoform X1 [Rhinolophus ferrumequinum]	59479
XP_036183642.1	XP_024902639	98.805	502	502	502	100	0.0	1009	cyclic AMP-responsive element-binding protein 5 isoform X1 [Pteropus alecto]	9402
XP_036183642.1	XP_015445000	98.805	502	502	502	100	0.0	1009	cyclic AMP-responsive element-binding protein 5 isoform X1 [Pteropus alecto]	9402
XP_036183642.1	XP_036086322	98.805	502	502	502	100	0.0	1009	cyclic AMP-responsive element-binding protein 5 isoform X3 [Rousettus aegyptiacus]	9407
XP_036183642.1	XP_036086319	98.805	502	502	502	100	0.0	1009	cyclic AMP-responsive element-binding protein 5 isoform X3 [Rousettus aegyptiacus]	9407
XP_036183642.1	XP_059568633	99.602	502	502	508	100	0.0	1008	cyclic AMP-responsive element-binding protein 5 isoform X2 [Myotis daubentonii]	98922
XP_036183642.1	XP_019581722	98.805	502	502	509	100	0.0	1008	cyclic AMP-responsive element-binding protein 5 isoform X1 [Rhinolophus sinicus]	89399
XP_036183642.1	XP_039718556	98.606	502	502	502	100	0.0	1008	cyclic AMP-responsive element-binding protein 5 isoform X1 [Pteropus medius]	143291
XP_036183642.1	XP_074197024	98.805	502	502	502	100	0.0	1007	cyclic AMP-responsive element-binding protein 5 isoform X3 [Rhinolophus sinicus]	89399
XP_036183642.1	XP_036102952	99.004	502	502	508	100	0.0	1007	cyclic AMP-responsive element-binding protein 5 isoform X1 [Molossus molossus]	27622
XP_036183642.1	XP_016077753	98.805	502	502	508	100	0.0	1006	PREDICTED: cyclic AMP-responsive element-binding protein 5 isoform X7 [Miniopterus natalensis]	291302
XP_036183642.1	XP_036102954	99.004	502	502	501	100	0.0	1005	cyclic AMP-responsive element-binding protein 5 isoform X2 [Molossus molossus]	27622
XP_036183642.1	XP_036102953	99.004	502	502	501	100	0.0	1005	cyclic AMP-responsive element-binding protein 5 isoform X2 [Molossus molossus]	27622
XP_036183642.1	XP_081002914	98.805	502	502	501	100	0.0	1005	cyclic AMP-responsive element-binding protein 5 isoform 5 [Miniopterus schreibersii]	9433
XP_036183642.1	XP_019495496	99.004	502	502	501	100	0.0	1004	PREDICTED: cyclic AMP-responsive element-binding protein 5 isoform X2 [Hipposideros armiger]	186990
XP_036183642.1	XP_016077751	98.805	502	502	525	100	0.0	1004	PREDICTED: cyclic AMP-responsive element-binding protein 5 isoform X5 [Miniopterus natalensis]	291302
XP_036183642.1	XP_081002911	98.805	502	502	525	100	0.0	1004	cyclic AMP-responsive element-binding protein 5 isoform 2 [Miniopterus schreibersii]	9433
XP_036183642.1	XP_036086318	98.606	502	502	508	100	0.0	1003	cyclic AMP-responsive element-binding protein 5 isoform X2 [Rousettus aegyptiacus]	9407
XP_036183642.1	XP_066210249	99.004	502	502	501	100	0.0	1003	cyclic AMP-responsive element-binding protein 5 isoform X1 [Saccopteryx leptura]	249018
XP_036183642.1	XP_066210248	99.004	502	502	501	100	0.0	1003	cyclic AMP-responsive element-binding protein 5 isoform X1 [Saccopteryx leptura]	249018
XP_036183642.1	XP_066095534	99.004	502	502	501	100	0.0	1003	cyclic AMP-responsive element-binding protein 5 isoform X1 [Saccopteryx bilineata]	59482
XP_036183642.1	XP_066095533	99.004	502	502	501	100	0.0	1003	cyclic AMP-responsive element-binding protein 5 isoform X1 [Saccopteryx bilineata]	59482
XP_036183642.1	XP_054420131	98.805	502	502	500	100	0.0	1003	cyclic AMP-responsive element-binding protein 5 [Pteronotus mesoamericanus]	1884717
XP_036183642.1	XP_032944609	98.805	502	502	501	100	0.0	1003	cyclic AMP-responsive element-binding protein 5 isoform X2 [Rhinolophus ferrumequinum]	59479
XP_036183642.1	XP_080935602	98.805	502	502	501	100	0.0	1003	cyclic AMP-responsive element-binding protein 5 isoform 1 [Rhinolophus hipposideros]	77218
XP_036183642.1	XP_080935601	98.805	502	502	501	100	0.0	1003	cyclic AMP-responsive element-binding protein 5 isoform 1 [Rhinolophus hipposideros]	77218
XP_036183642.1	XP_015445001	98.606	502	502	501	100	0.0	1002	cyclic AMP-responsive element-binding protein 5 isoform X2 [Pteropus alecto]	9402
XP_036183642.1	XP_019581723	98.606	502	502	508	100	0.0	1002	cyclic AMP-responsive element-binding protein 5 isoform X2 [Rhinolophus sinicus]	89399
XP_036183642.1	XP_024418758	98.606	502	502	501	100	0.0	1001	cyclic AMP-responsive element-binding protein 5 isoform X1 [Desmodus rotundus]	9430
XP_036183642.1	XP_053783028	98.606	502	502	501	100	0.0	1001	cyclic AMP-responsive element-binding protein 5 isoform X1 [Desmodus rotundus]	9430
XP_036183642.1	XP_039718557	98.406	502	502	501	100	0.0	1001	cyclic AMP-responsive element-binding protein 5 isoform X2 [Pteropus medius]	143291
XP_036183642.1	XP_053519623	97.809	502	502	502	100	0.0	998	cyclic AMP-responsive element-binding protein 5 isoform X1 [Artibeus jamaicensis]	9417
XP_036183642.1	XP_028382030	97.809	502	502	501	100	0.0	994	cyclic AMP-responsive element-binding protein 5 isoform X2 [Phyllostomus discolor]	89673
XP_036183642.1	XP_045684259	97.809	502	502	501	100	0.0	993	cyclic AMP-responsive element-binding protein 5 isoform X1 [Phyllostomus hastatus]	9423
XP_036183642.1	XP_036982509	97.610	502	502	501	100	0.0	992	cyclic AMP-responsive element-binding protein 5 isoform X2 [Artibeus jamaicensis]	9417
XP_036183642.1	XP_015413613	93.625	502	502	476	100	0.0	931	PREDICTED: cyclic AMP-responsive element-binding protein 5 [Myotis davidii]	225400
XP_036183642.1	XP_014392489	99.777	449	502	473	89	0.0	912	PREDICTED: cyclic AMP-responsive element-binding protein 5 isoform X2 [Myotis brandtii]	109478
XP_036183642.1	XP_045443181	99.777	449	502	449	89	0.0	912	cyclic AMP-responsive element-binding protein 5 isoform X3 [Pipistrellus kuhlii]	59472
XP_036183642.1	XP_036183644	99.777	449	502	449	89	0.0	912	cyclic AMP-responsive element-binding protein 5 isoform X3 [Myotis myotis]	51298
XP_036183642.1	XP_059568635	99.555	449	502	456	89	0.0	911	cyclic AMP-responsive element-binding protein 5 isoform X4 [Myotis daubentonii]	98922
XP_036183642.1	XP_016077752	98.886	449	502	521	89	0.0	911	PREDICTED: cyclic AMP-responsive element-binding protein 5 isoform X6 [Miniopterus natalensis]	291302
XP_036183642.1	XP_016077749	98.886	449	502	528	89	0.0	911	PREDICTED: cyclic AMP-responsive element-binding protein 5 isoform X3 [Miniopterus natalensis]	291302
XP_036183642.1	XP_016077747	98.886	449	502	545	89	0.0	911	PREDICTED: cyclic AMP-responsive element-binding protein 5 isoform X1 [Miniopterus natalensis]	291302
XP_036183642.1	XP_019495497	99.109	449	502	449	89	0.0	909	PREDICTED: cyclic AMP-responsive element-binding protein 5 isoform X3 [Hipposideros armiger]	186990
XP_036183642.1	XP_036086320	98.664	449	502	456	89	0.0	908	cyclic AMP-responsive element-binding protein 5 isoform X4 [Rousettus aegyptiacus]	9407
XP_036183642.1	XP_074197025	98.664	449	502	456	89	0.0	907	cyclic AMP-responsive element-binding protein 5 isoform X4 [Rhinolophus sinicus]	89399
XP_036183642.1	XP_016077754	98.664	449	502	473	89	0.0	907	PREDICTED: cyclic AMP-responsive element-binding protein 5 isoform X8 [Miniopterus natalensis]	291302
XP_036183642.1	XP_032944610	98.886	449	502	449	89	0.0	907	cyclic AMP-responsive element-binding protein 5 isoform X3 [Rhinolophus ferrumequinum]	59479
XP_036183642.1	XP_081002915	98.664	449	502	473	89	0.0	907	cyclic AMP-responsive element-binding protein 5 isoform 6 [Miniopterus schreibersii]	9433
XP_036183642.1	XP_015445002	98.664	449	502	449	89	0.0	906	cyclic AMP-responsive element-binding protein 5 isoform X3 [Pteropus alecto]	9402
XP_036183642.1	XP_039718558	98.664	449	502	449	89	0.0	906	cyclic AMP-responsive element-binding protein 5 isoform X3 [Pteropus medius]	143291
XP_036183642.1	XP_016077748	98.664	449	502	544	89	0.0	905	PREDICTED: cyclic AMP-responsive element-binding protein 5 isoform X2 [Miniopterus natalensis]	291302
XP_036183642.1	XP_014392490	99.718	354	502	369	71	0.0	702	PREDICTED: cyclic AMP-responsive element-binding protein 5 isoform X3 [Myotis brandtii]	109478
XP_036183642.1	XP_036309613	99.718	354	502	369	71	0.0	702	cyclic AMP-responsive element-binding protein 5 isoform X4 [Pipistrellus kuhlii]	59472
XP_036183642.1	XP_080958879	99.718	354	502	369	71	0.0	702	cyclic AMP-responsive element-binding protein 5 isoform 1 [Myotis nattereri]	109481
XP_036183642.1	XP_080520501	99.718	354	502	369	71	0.0	702	cyclic AMP-responsive element-binding protein 5 isoform 3 [Plecotus auritus]	61862
XP_036183642.1	XP_079642015	99.718	354	502	369	71	0.0	702	cyclic AMP-responsive element-binding protein 5 isoform 4 [Cnephaeus nilssonii]	3371016
XP_036183642.1	XP_006088815	99.435	354	502	369	71	0.0	701	cyclic AMP-responsive element-binding protein 5 isoform X1 [Myotis lucifugus]	59463
XP_036183642.1	XP_070280592	99.435	354	502	369	71	0.0	700	cyclic AMP-responsive element-binding protein 5 [Myotis yumanensis]	159337
XP_036183642.1	XP_066210250	99.435	354	502	369	71	0.0	699	cyclic AMP-responsive element-binding protein 5 isoform X2 [Saccopteryx leptura]	249018
XP_036183642.1	XP_066095535	99.435	354	502	369	71	0.0	699	cyclic AMP-responsive element-binding protein 5 isoform X2 [Saccopteryx bilineata]	59482
XP_036183642.1	XP_016077755	99.153	354	502	369	71	0.0	699	PREDICTED: cyclic AMP-responsive element-binding protein 5 isoform X9 [Miniopterus natalensis]	291302
XP_036183642.1	XP_081002916	99.153	354	502	369	71	0.0	699	cyclic AMP-responsive element-binding protein 5 isoform 7 [Miniopterus schreibersii]	9433
XP_036183642.1	XP_024418760	99.153	354	502	369	71	0.0	698	cyclic AMP-responsive element-binding protein 5 isoform X2 [Desmodus rotundus]	9430
XP_036183642.1	XP_019495499	98.870	354	502	369	71	0.0	697	PREDICTED: cyclic AMP-responsive element-binding protein 5 isoform X4 [Hipposideros armiger]	186990
XP_036183642.1	XP_080935603	98.870	354	502	369	71	0.0	697	cyclic AMP-responsive element-binding protein 5 isoform 2 [Rhinolophus hipposideros]	77218
XP_036183642.1	XP_019581725	98.870	354	502	369	71	0.0	697	cyclic AMP-responsive element-binding protein 5 isoform X5 [Rhinolophus sinicus]	89399
XP_036183642.1	XP_015445004	98.870	354	502	369	71	0.0	697	cyclic AMP-responsive element-binding protein 5 isoform X4 [Pteropus alecto]	9402
XP_036183642.1	XP_036086321	98.870	354	502	369	71	0.0	697	cyclic AMP-responsive element-binding protein 5 isoform X5 [Rousettus aegyptiacus]	9407
XP_036183642.1	XP_039718559	98.588	354	502	369	71	0.0	696	cyclic AMP-responsive element-binding protein 5 isoform X4 [Pteropus medius]	143291
XP_036183642.1	XP_036897130	98.588	354	502	369	71	0.0	695	cyclic AMP-responsive element-binding protein 5 [Sturnira hondurensis]	192404
XP_036183642.1	XP_028382031	98.023	354	502	369	71	0.0	691	cyclic AMP-responsive element-binding protein 5 isoform X1 [Phyllostomus discolor]	89673
XP_036183642.1	XP_045684260	97.472	356	502	357	71	0.0	690	cyclic AMP-responsive element-binding protein 5 isoform X2 [Phyllostomus hastatus]	9423
XP_036183642.1	XP_011360033	98.859	263	502	263	52	0.0	525	cyclic AMP-responsive element-binding protein 5 [Pteropus vampyrus]	132908
XP_036183642.1	XP_023387287	97.382	191	502	205	38	3.71e-133	388	cyclic AMP-responsive element-binding protein 5-like isoform X3 [Pteropus vampyrus]	132908
XP_036183642.1	XP_011360032	97.382	191	502	205	38	3.71e-133	388	cyclic AMP-responsive element-binding protein 5-like isoform X3 [Pteropus vampyrus]	132908
XP_036183642.1	XP_036109610	43.393	507	502	462	99	7.47e-120	364	cyclic AMP-dependent transcription factor ATF-2 isoform X2 [Molossus molossus]	27622
XP_036183642.1	XP_036278221	40.255	549	502	505	99	1.66e-114	352	cyclic AMP-dependent transcription factor ATF-2 isoform X2 [Pipistrellus kuhlii]	59472
XP_036183642.1	XP_074194380	40.255	549	502	505	99	5.64e-114	350	cyclic AMP-dependent transcription factor ATF-2 isoform X2 [Rhinolophus sinicus]	89399
XP_036183642.1	XP_019583036	40.255	549	502	505	99	5.64e-114	350	cyclic AMP-dependent transcription factor ATF-2 isoform X2 [Rhinolophus sinicus]	89399
XP_036183642.1	XP_015990182	40.073	549	502	505	99	7.79e-114	350	cyclic AMP-dependent transcription factor ATF-2 isoform X1 [Rousettus aegyptiacus]	9407
XP_036183642.1	XP_059560003	40.255	549	502	505	99	8.31e-114	350	cyclic AMP-dependent transcription factor ATF-2 isoform X1 [Myotis daubentonii]	98922
XP_036183642.1	XP_036174904	40.255	549	502	505	99	8.31e-114	350	cyclic AMP-dependent transcription factor ATF-2 isoform X1 [Myotis myotis]	51298
XP_036183642.1	XP_006083156	40.073	549	502	505	99	9.16e-114	350	cyclic AMP-dependent transcription factor ATF-2 isoform X1 [Myotis lucifugus]	59463
XP_036183642.1	XP_006760659	40.255	549	502	506	99	1.10e-113	350	PREDICTED: LOW QUALITY PROTEIN: cyclic AMP-dependent transcription factor ATF-2 [Myotis davidii]	225400
XP_036183642.1	XP_070278815	40.073	549	502	505	99	1.59e-113	349	cyclic AMP-dependent transcription factor ATF-2 isoform X1 [Myotis yumanensis]	159337
XP_036183642.1	XP_054578933	40.073	549	502	505	99	1.59e-113	349	cyclic AMP-dependent transcription factor ATF-2 [Eptesicus fuscus]	29078
XP_036183642.1	XP_080525400	40.073	549	502	505	99	1.59e-113	349	cyclic AMP-dependent transcription factor ATF-2 isoform 1 [Plecotus auritus]	61862
XP_036183642.1	XP_079638513	40.073	549	502	505	99	1.59e-113	349	cyclic AMP-dependent transcription factor ATF-2 isoform 1 [Cnephaeus nilssonii]	3371016
XP_036183642.1	XP_079638512	40.073	549	502	505	99	1.59e-113	349	cyclic AMP-dependent transcription factor ATF-2 isoform 1 [Cnephaeus nilssonii]	3371016
XP_036183642.1	XP_005857667	40.073	549	502	506	99	1.62e-113	349	PREDICTED: LOW QUALITY PROTEIN: cyclic AMP-dependent transcription factor ATF-2 [Myotis brandtii]	109478
XP_036183642.1	XP_080952204	40.255	549	502	505	99	1.85e-113	349	cyclic AMP-dependent transcription factor ATF-2 [Myotis nattereri]	109481
XP_036183642.1	XP_036900307	42.337	522	502	484	98	2.10e-113	348	cyclic AMP-dependent transcription factor ATF-2 isoform X2 [Sturnira hondurensis]	192404
XP_036183642.1	XP_024417228	42.146	522	502	484	98	2.66e-113	348	cyclic AMP-dependent transcription factor ATF-2 isoform X2 [Desmodus rotundus]	9430
XP_036183642.1	XP_037011751	42.146	522	502	484	98	2.66e-113	348	cyclic AMP-dependent transcription factor ATF-2 isoform X2 [Artibeus jamaicensis]	9417
XP_036183642.1	XP_045679523	42.146	522	502	484	98	2.66e-113	348	cyclic AMP-dependent transcription factor ATF-2 isoform X2 [Phyllostomus hastatus]	9423
XP_036183642.1	XP_036109609	40.073	549	502	505	99	2.69e-113	348	cyclic AMP-dependent transcription factor ATF-2 isoform X1 [Molossus molossus]	27622
XP_036183642.1	XP_035879160	42.146	522	502	484	98	2.93e-113	348	cyclic AMP-dependent transcription factor ATF-2 isoform X2 [Phyllostomus discolor]	89673
XP_036183642.1	XP_019509264	40.073	549	502	505	99	3.10e-113	348	PREDICTED: cyclic AMP-dependent transcription factor ATF-2 isoform X1 [Hipposideros armiger]	186990
XP_036183642.1	XP_006921284	40.073	549	502	505	99	3.20e-113	348	cyclic AMP-dependent transcription factor ATF-2 isoform X1 [Pteropus alecto]	9402
XP_036183642.1	XP_011355520	40.073	549	502	505	99	3.20e-113	348	cyclic AMP-dependent transcription factor ATF-2 [Pteropus vampyrus]	132908
XP_036183642.1	XP_039711818	40.073	549	502	505	99	3.20e-113	348	cyclic AMP-dependent transcription factor ATF-2 isoform X1 [Pteropus medius]	143291
XP_036183642.1	XP_080908318	40.073	549	502	505	99	3.24e-113	348	cyclic AMP-dependent transcription factor ATF-2 isoform 1 [Rhinolophus hipposideros]	77218
XP_036183642.1	XP_032967854	40.073	549	502	505	99	3.85e-113	348	cyclic AMP-dependent transcription factor ATF-2 isoform X1 [Rhinolophus ferrumequinum]	59479
XP_036183642.1	XP_080997933	40.073	549	502	505	99	3.97e-113	348	cyclic AMP-dependent transcription factor ATF-2 isoform 2 [Miniopterus schreibersii]	9433
XP_036183642.1	XP_080997932	40.073	549	502	505	99	3.97e-113	348	cyclic AMP-dependent transcription factor ATF-2 isoform 2 [Miniopterus schreibersii]	9433
XP_036183642.1	XP_036900306	40.516	543	502	505	98	5.86e-113	348	cyclic AMP-dependent transcription factor ATF-2 isoform X1 [Sturnira hondurensis]	192404
XP_036183642.1	XP_066089350	39.891	549	502	505	99	1.37e-112	347	cyclic AMP-dependent transcription factor ATF-2 isoform X2 [Saccopteryx bilineata]	59482
XP_036183642.1	XP_028366856	40.331	543	502	505	98	1.40e-112	347	cyclic AMP-dependent transcription factor ATF-2 isoform X1 [Phyllostomus discolor]	89673
XP_036183642.1	XP_028366855	40.331	543	502	505	98	1.40e-112	347	cyclic AMP-dependent transcription factor ATF-2 isoform X1 [Phyllostomus discolor]	89673
XP_036183642.1	XP_028366853	40.331	543	502	505	98	1.40e-112	347	cyclic AMP-dependent transcription factor ATF-2 isoform X1 [Phyllostomus discolor]	89673
XP_036183642.1	XP_024417226	40.331	543	502	505	98	1.92e-112	347	cyclic AMP-dependent transcription factor ATF-2 isoform X1 [Desmodus rotundus]	9430
XP_036183642.1	XP_037011750	40.331	543	502	505	98	1.92e-112	347	cyclic AMP-dependent transcription factor ATF-2 isoform X1 [Artibeus jamaicensis]	9417
XP_036183642.1	XP_045679450	40.331	543	502	505	98	1.92e-112	347	cyclic AMP-dependent transcription factor ATF-2 isoform X1 [Phyllostomus hastatus]	9423
XP_036183642.1	XP_036278220	39.394	561	502	517	99	2.58e-112	347	cyclic AMP-dependent transcription factor ATF-2 isoform X1 [Pipistrellus kuhlii]	59472
XP_036183642.1	XP_074194371	39.394	561	502	517	99	3.03e-112	346	cyclic AMP-dependent transcription factor ATF-2 isoform X1 [Rhinolophus sinicus]	89399
XP_036183642.1	XP_074194363	39.394	561	502	517	99	3.03e-112	346	cyclic AMP-dependent transcription factor ATF-2 isoform X1 [Rhinolophus sinicus]	89399
XP_036183642.1	XP_054418507	39.709	549	502	505	99	7.55e-112	345	cyclic AMP-dependent transcription factor ATF-2 [Pteronotus mesoamericanus]	1884717
XP_036183642.1	XP_016062444	39.216	561	502	517	99	2.89e-111	344	PREDICTED: cyclic AMP-dependent transcription factor ATF-2 isoform X1 [Miniopterus natalensis]	291302
XP_036183642.1	XP_016062366	39.216	561	502	517	99	2.89e-111	344	PREDICTED: cyclic AMP-dependent transcription factor ATF-2 isoform X1 [Miniopterus natalensis]	291302
XP_036183642.1	XP_080997931	39.216	561	502	517	99	2.89e-111	344	cyclic AMP-dependent transcription factor ATF-2 isoform 1 [Miniopterus schreibersii]	9433
XP_036183642.1	XP_080997930	39.216	561	502	517	99	2.89e-111	344	cyclic AMP-dependent transcription factor ATF-2 isoform 1 [Miniopterus schreibersii]	9433
XP_036183642.1	XP_066089349	39.531	554	502	510	99	5.00e-110	340	cyclic AMP-dependent transcription factor ATF-2 isoform X1 [Saccopteryx bilineata]	59482
XP_036183642.1	XP_066089348	39.531	554	502	510	99	5.00e-110	340	cyclic AMP-dependent transcription factor ATF-2 isoform X1 [Saccopteryx bilineata]	59482
XP_036183642.1	XP_066089347	39.531	554	502	510	99	5.00e-110	340	cyclic AMP-dependent transcription factor ATF-2 isoform X1 [Saccopteryx bilineata]	59482
XP_036183642.1	XP_066089346	39.531	554	502	510	99	5.00e-110	340	cyclic AMP-dependent transcription factor ATF-2 isoform X1 [Saccopteryx bilineata]	59482
XP_036183642.1	XP_066089345	39.531	554	502	510	99	5.00e-110	340	cyclic AMP-dependent transcription factor ATF-2 isoform X1 [Saccopteryx bilineata]	59482
XP_036183642.1	XP_066089344	39.531	554	502	510	99	5.00e-110	340	cyclic AMP-dependent transcription factor ATF-2 isoform X1 [Saccopteryx bilineata]	59482
XP_036183642.1	XP_066089343	39.531	554	502	510	99	5.00e-110	340	cyclic AMP-dependent transcription factor ATF-2 isoform X1 [Saccopteryx bilineata]	59482
XP_036183642.1	XP_066089342	39.531	554	502	510	99	5.00e-110	340	cyclic AMP-dependent transcription factor ATF-2 isoform X1 [Saccopteryx bilineata]	59482
XP_036183642.1	XP_066089340	39.531	554	502	510	99	5.00e-110	340	cyclic AMP-dependent transcription factor ATF-2 isoform X1 [Saccopteryx bilineata]	59482
XP_036183642.1	XP_066089339	39.531	554	502	510	99	5.00e-110	340	cyclic AMP-dependent transcription factor ATF-2 isoform X1 [Saccopteryx bilineata]	59482
XP_036183642.1	XP_066089338	39.531	554	502	510	99	5.00e-110	340	cyclic AMP-dependent transcription factor ATF-2 isoform X1 [Saccopteryx bilineata]	59482
XP_036183642.1	XP_045052195	42.604	507	502	468	98	1.59e-109	338	cyclic AMP-dependent transcription factor ATF-2 isoform X3 [Desmodus rotundus]	9430
XP_036183642.1	XP_037011752	42.604	507	502	468	98	1.59e-109	338	cyclic AMP-dependent transcription factor ATF-2 isoform X3 [Artibeus jamaicensis]	9417
XP_036183642.1	XP_036106891	42.315	553	502	484	98	2.20e-109	338	cyclic AMP-dependent transcription factor ATF-7 isoform X2 [Molossus molossus]	27622
XP_036183642.1	XP_036106890	42.315	553	502	484	98	2.20e-109	338	cyclic AMP-dependent transcription factor ATF-7 isoform X2 [Molossus molossus]	27622
XP_036183642.1	XP_066202121	39.709	549	502	505	99	2.69e-109	338	cyclic AMP-dependent transcription factor ATF-2 isoform X2 [Saccopteryx leptura]	249018
XP_036183642.1	XP_036106892	42.086	556	502	483	99	6.08e-109	337	cyclic AMP-dependent transcription factor ATF-7 isoform X3 [Molossus molossus]	27622
XP_036183642.1	XP_019579986	41.261	555	502	483	99	1.17e-108	336	cyclic AMP-dependent transcription factor ATF-7 isoform X1 [Rhinolophus sinicus]	89399
XP_036183642.1	XP_019579985	41.261	555	502	483	99	1.17e-108	336	cyclic AMP-dependent transcription factor ATF-7 isoform X1 [Rhinolophus sinicus]	89399
XP_036183642.1	XP_036310949	41.468	545	502	484	99	1.24e-108	336	cyclic AMP-dependent transcription factor ATF-7 isoform X1 [Pipistrellus kuhlii]	59472
XP_036183642.1	XP_036310948	41.468	545	502	484	99	1.24e-108	336	cyclic AMP-dependent transcription factor ATF-7 isoform X1 [Pipistrellus kuhlii]	59472
XP_036183642.1	XP_036310947	41.468	545	502	484	99	1.24e-108	336	cyclic AMP-dependent transcription factor ATF-7 isoform X1 [Pipistrellus kuhlii]	59472
XP_036183642.1	XP_036310951	41.544	544	502	483	99	1.39e-108	336	cyclic AMP-dependent transcription factor ATF-7 isoform X2 [Pipistrellus kuhlii]	59472
XP_036183642.1	XP_035874806	41.081	555	502	483	99	1.77e-108	335	cyclic AMP-dependent transcription factor ATF-7 isoform X1 [Phyllostomus discolor]	89673
XP_036183642.1	XP_028389272	41.081	555	502	483	99	1.77e-108	335	cyclic AMP-dependent transcription factor ATF-7 isoform X1 [Phyllostomus discolor]	89673
XP_036183642.1	XP_035874805	41.081	555	502	483	99	1.77e-108	335	cyclic AMP-dependent transcription factor ATF-7 isoform X1 [Phyllostomus discolor]	89673
XP_036183642.1	XP_036093186	41.463	492	502	436	89	2.17e-108	333	cyclic AMP-dependent transcription factor ATF-2 isoform X3 [Rousettus aegyptiacus]	9407
XP_036183642.1	XP_054574974	41.835	545	502	484	99	2.33e-108	335	cyclic AMP-dependent transcription factor ATF-7 isoform X1 [Eptesicus fuscus]	29078
XP_036183642.1	XP_028000280	41.835	545	502	484	99	2.33e-108	335	cyclic AMP-dependent transcription factor ATF-7 isoform X1 [Eptesicus fuscus]	29078
XP_036183642.1	XP_028000279	41.835	545	502	484	99	2.33e-108	335	cyclic AMP-dependent transcription factor ATF-7 isoform X1 [Eptesicus fuscus]	29078
XP_036183642.1	XP_008138994	41.912	544	502	483	99	2.42e-108	335	cyclic AMP-dependent transcription factor ATF-7 isoform X2 [Eptesicus fuscus]	29078
XP_036183642.1	XP_032972314	41.081	555	502	483	99	3.84e-108	335	cyclic AMP-dependent transcription factor ATF-7 isoform X1 [Rhinolophus ferrumequinum]	59479
XP_036183642.1	XP_032972313	41.081	555	502	483	99	3.84e-108	335	cyclic AMP-dependent transcription factor ATF-7 isoform X1 [Rhinolophus ferrumequinum]	59479
XP_036183642.1	XP_080914453	41.547	556	502	475	99	3.99e-108	334	cyclic AMP-dependent transcription factor ATF-7 isoform 2 [Rhinolophus hipposideros]	77218
XP_036183642.1	XP_080914452	41.547	556	502	475	99	3.99e-108	334	cyclic AMP-dependent transcription factor ATF-7 isoform 2 [Rhinolophus hipposideros]	77218
XP_036183642.1	XP_036278223	41.667	492	502	460	89	4.23e-108	334	cyclic AMP-dependent transcription factor ATF-2 isoform X4 [Pipistrellus kuhlii]	59472
XP_036183642.1	XP_080914451	41.081	555	502	483	99	4.28e-108	335	cyclic AMP-dependent transcription factor ATF-7 isoform 1 [Rhinolophus hipposideros]	77218
XP_036183642.1	XP_080914450	41.081	555	502	483	99	4.28e-108	335	cyclic AMP-dependent transcription factor ATF-7 isoform 1 [Rhinolophus hipposideros]	77218
XP_036183642.1	XP_079631248	41.284	545	502	484	99	4.81e-108	334	cyclic AMP-dependent transcription factor ATF-7 isoform 1 [Cnephaeus nilssonii]	3371016
XP_036183642.1	XP_079631247	41.284	545	502	484	99	4.81e-108	334	cyclic AMP-dependent transcription factor ATF-7 isoform 1 [Cnephaeus nilssonii]	3371016
XP_036183642.1	XP_080940957	41.101	545	502	484	99	4.91e-108	334	cyclic AMP-dependent transcription factor ATF-7 isoform 1 [Myotis nattereri]	109481
XP_036183642.1	XP_080940956	41.101	545	502	484	99	4.91e-108	334	cyclic AMP-dependent transcription factor ATF-7 isoform 1 [Myotis nattereri]	109481
XP_036183642.1	XP_080940958	41.176	544	502	483	99	5.14e-108	334	cyclic AMP-dependent transcription factor ATF-7 isoform 2 [Myotis nattereri]	109481
XP_036183642.1	XP_079631249	41.360	544	502	483	99	5.54e-108	334	cyclic AMP-dependent transcription factor ATF-7 isoform 2 [Cnephaeus nilssonii]	3371016
XP_036183642.1	XP_080515038	41.284	545	502	484	99	5.71e-108	334	cyclic AMP-dependent transcription factor ATF-7 isoform 1 [Plecotus auritus]	61862
XP_036183642.1	XP_080515037	41.284	545	502	484	99	5.71e-108	334	cyclic AMP-dependent transcription factor ATF-7 isoform 1 [Plecotus auritus]	61862
XP_036183642.1	XP_080515036	41.284	545	502	484	99	5.71e-108	334	cyclic AMP-dependent transcription factor ATF-7 isoform 1 [Plecotus auritus]	61862
XP_036183642.1	XP_080515035	41.284	545	502	484	99	5.71e-108	334	cyclic AMP-dependent transcription factor ATF-7 isoform 1 [Plecotus auritus]	61862
XP_036183642.1	XP_080515034	41.284	545	502	484	99	5.71e-108	334	cyclic AMP-dependent transcription factor ATF-7 isoform 1 [Plecotus auritus]	61862
XP_036183642.1	XP_080515040	41.360	544	502	483	99	7.03e-108	334	cyclic AMP-dependent transcription factor ATF-7 isoform 2 [Plecotus auritus]	61862
XP_036183642.1	XP_080515039	41.360	544	502	483	99	7.03e-108	334	cyclic AMP-dependent transcription factor ATF-7 isoform 2 [Plecotus auritus]	61862
XP_036183642.1	XP_045040024	40.901	555	502	483	99	1.39e-107	333	cyclic AMP-dependent transcription factor ATF-7 isoform X3 [Desmodus rotundus]	9430
XP_036183642.1	XP_024431153	40.901	555	502	483	99	1.39e-107	333	cyclic AMP-dependent transcription factor ATF-7 isoform X3 [Desmodus rotundus]	9430
XP_036183642.1	XP_024431152	40.901	555	502	483	99	1.39e-107	333	cyclic AMP-dependent transcription factor ATF-7 isoform X3 [Desmodus rotundus]	9430
XP_036183642.1	XP_016056857	41.544	544	502	483	99	1.65e-107	333	PREDICTED: cyclic AMP-dependent transcription factor ATF-7 isoform X2 [Miniopterus natalensis]	291302
XP_036183642.1	XP_016056856	41.544	544	502	483	99	1.65e-107	333	PREDICTED: cyclic AMP-dependent transcription factor ATF-7 isoform X2 [Miniopterus natalensis]	291302
XP_036183642.1	XP_080986048	41.544	544	502	483	99	1.65e-107	333	cyclic AMP-dependent transcription factor ATF-7 isoform 1 [Miniopterus schreibersii]	9433
XP_036183642.1	XP_080986047	41.544	544	502	483	99	1.65e-107	333	cyclic AMP-dependent transcription factor ATF-7 isoform 1 [Miniopterus schreibersii]	9433
XP_036183642.1	XP_066225701	40.180	555	502	483	99	1.81e-107	333	cyclic AMP-dependent transcription factor ATF-7 [Saccopteryx leptura]	249018
XP_036183642.1	XP_059560004	41.667	492	502	460	89	2.07e-107	332	cyclic AMP-dependent transcription factor ATF-2 isoform X2 [Myotis daubentonii]	98922
XP_036183642.1	XP_036174905	41.667	492	502	460	89	2.07e-107	332	cyclic AMP-dependent transcription factor ATF-2 isoform X2 [Myotis myotis]	51298
XP_036183642.1	XP_015415066	40.917	545	502	484	99	2.79e-107	332	PREDICTED: cyclic AMP-dependent transcription factor ATF-7 isoform X1 [Myotis davidii]	225400
XP_036183642.1	XP_006757027	40.917	545	502	484	99	2.79e-107	332	PREDICTED: cyclic AMP-dependent transcription factor ATF-7 isoform X1 [Myotis davidii]	225400
XP_036183642.1	XP_015415065	40.917	545	502	484	99	2.79e-107	332	PREDICTED: cyclic AMP-dependent transcription factor ATF-7 isoform X1 [Myotis davidii]	225400
XP_036183642.1	XP_006757025	40.917	545	502	484	99	2.79e-107	332	PREDICTED: cyclic AMP-dependent transcription factor ATF-7 isoform X1 [Myotis davidii]	225400
XP_036183642.1	XP_006757026	40.917	545	502	484	99	2.79e-107	332	PREDICTED: cyclic AMP-dependent transcription factor ATF-7 isoform X1 [Myotis davidii]	225400
XP_036183642.1	XP_036153546	40.917	545	502	484	99	2.79e-107	332	cyclic AMP-dependent transcription factor ATF-7 isoform X1 [Myotis myotis]	51298
XP_036183642.1	XP_036153545	40.917	545	502	484	99	2.79e-107	332	cyclic AMP-dependent transcription factor ATF-7 isoform X1 [Myotis myotis]	51298
XP_036183642.1	XP_036153544	40.917	545	502	484	99	2.79e-107	332	cyclic AMP-dependent transcription factor ATF-7 isoform X1 [Myotis myotis]	51298
XP_036183642.1	XP_036153543	40.917	545	502	484	99	2.79e-107	332	cyclic AMP-dependent transcription factor ATF-7 isoform X1 [Myotis myotis]	51298
XP_036183642.1	XP_036153542	40.917	545	502	484	99	2.79e-107	332	cyclic AMP-dependent transcription factor ATF-7 isoform X1 [Myotis myotis]	51298
XP_036183642.1	XP_006757028	40.993	544	502	483	99	2.85e-107	332	PREDICTED: cyclic AMP-dependent transcription factor ATF-7 isoform X2 [Myotis davidii]	225400
XP_036183642.1	XP_036153547	40.993	544	502	483	99	2.85e-107	332	cyclic AMP-dependent transcription factor ATF-7 isoform X2 [Myotis myotis]	51298
XP_036183642.1	XP_014397525	40.721	555	502	484	99	2.91e-107	332	PREDICTED: cyclic AMP-dependent transcription factor ATF-7 isoform X1 [Myotis brandtii]	109478
XP_036183642.1	XP_014397524	40.721	555	502	484	99	2.91e-107	332	PREDICTED: cyclic AMP-dependent transcription factor ATF-7 isoform X1 [Myotis brandtii]	109478
XP_036183642.1	XP_014397523	40.721	555	502	484	99	2.91e-107	332	PREDICTED: cyclic AMP-dependent transcription factor ATF-7 isoform X1 [Myotis brandtii]	109478
XP_036183642.1	XP_014397522	40.721	555	502	484	99	2.91e-107	332	PREDICTED: cyclic AMP-dependent transcription factor ATF-7 isoform X1 [Myotis brandtii]	109478
XP_036183642.1	XP_005869214	40.721	555	502	484	99	2.91e-107	332	PREDICTED: cyclic AMP-dependent transcription factor ATF-7 isoform X1 [Myotis brandtii]	109478
XP_036183642.1	XP_070266207	40.917	545	502	484	99	3.46e-107	332	cyclic AMP-dependent transcription factor ATF-7 isoform X3 [Myotis yumanensis]	159337
XP_036183642.1	XP_070266206	40.917	545	502	484	99	3.46e-107	332	cyclic AMP-dependent transcription factor ATF-7 isoform X3 [Myotis yumanensis]	159337
XP_036183642.1	XP_006095828	40.993	544	502	483	99	3.54e-107	332	cyclic AMP-dependent transcription factor ATF-7 isoform X2 [Myotis lucifugus]	59463
XP_036183642.1	XP_014397526	40.721	555	502	483	99	4.21e-107	332	PREDICTED: cyclic AMP-dependent transcription factor ATF-7 isoform X2 [Myotis brandtii]	109478
XP_036183642.1	XP_070278817	41.463	492	502	460	89	4.40e-107	331	cyclic AMP-dependent transcription factor ATF-2 isoform X2 [Myotis yumanensis]	159337
XP_036183642.1	XP_070278816	41.463	492	502	460	89	4.40e-107	331	cyclic AMP-dependent transcription factor ATF-2 isoform X2 [Myotis yumanensis]	159337
XP_036183642.1	XP_066202120	39.350	554	502	510	99	7.26e-107	332	cyclic AMP-dependent transcription factor ATF-2 isoform X1 [Saccopteryx leptura]	249018
XP_036183642.1	XP_066202119	39.350	554	502	510	99	7.26e-107	332	cyclic AMP-dependent transcription factor ATF-2 isoform X1 [Saccopteryx leptura]	249018
XP_036183642.1	XP_066202117	39.350	554	502	510	99	7.26e-107	332	cyclic AMP-dependent transcription factor ATF-2 isoform X1 [Saccopteryx leptura]	249018
XP_036183642.1	XP_066202116	39.350	554	502	510	99	7.26e-107	332	cyclic AMP-dependent transcription factor ATF-2 isoform X1 [Saccopteryx leptura]	249018
XP_036183642.1	XP_066202115	39.350	554	502	510	99	7.26e-107	332	cyclic AMP-dependent transcription factor ATF-2 isoform X1 [Saccopteryx leptura]	249018
XP_036183642.1	XP_066202114	39.350	554	502	510	99	7.26e-107	332	cyclic AMP-dependent transcription factor ATF-2 isoform X1 [Saccopteryx leptura]	249018
XP_036183642.1	XP_066202113	39.350	554	502	510	99	7.26e-107	332	cyclic AMP-dependent transcription factor ATF-2 isoform X1 [Saccopteryx leptura]	249018
XP_036183642.1	XP_066202112	39.350	554	502	510	99	7.26e-107	332	cyclic AMP-dependent transcription factor ATF-2 isoform X1 [Saccopteryx leptura]	249018
XP_036183642.1	XP_066202111	39.350	554	502	510	99	7.26e-107	332	cyclic AMP-dependent transcription factor ATF-2 isoform X1 [Saccopteryx leptura]	249018
XP_036183642.1	XP_066202110	39.350	554	502	510	99	7.26e-107	332	cyclic AMP-dependent transcription factor ATF-2 isoform X1 [Saccopteryx leptura]	249018
XP_036183642.1	XP_066202109	39.350	554	502	510	99	7.26e-107	332	cyclic AMP-dependent transcription factor ATF-2 isoform X1 [Saccopteryx leptura]	249018
XP_036183642.1	XP_005869216	40.608	559	502	483	99	1.11e-106	331	PREDICTED: cyclic AMP-dependent transcription factor ATF-7 isoform X3 [Myotis brandtii]	109478
XP_036183642.1	XP_045685069	40.901	555	502	483	99	2.36e-106	330	cyclic AMP-dependent transcription factor ATF-7 [Phyllostomus hastatus]	9423
XP_036183642.1	XP_045685068	40.901	555	502	483	99	2.36e-106	330	cyclic AMP-dependent transcription factor ATF-7 [Phyllostomus hastatus]	9423
XP_036183642.1	XP_070266208	40.917	545	502	483	99	1.46e-105	328	cyclic AMP-dependent transcription factor ATF-7 isoform X4 [Myotis yumanensis]	159337
XP_036183642.1	XP_015998240	40.842	546	502	483	99	1.81e-104	325	cyclic AMP-dependent transcription factor ATF-7 isoform X1 [Rousettus aegyptiacus]	9407
XP_036183642.1	XP_015998237	40.842	546	502	483	99	1.81e-104	325	cyclic AMP-dependent transcription factor ATF-7 isoform X1 [Rousettus aegyptiacus]	9407
XP_036183642.1	XP_015998236	40.842	546	502	483	99	1.81e-104	325	cyclic AMP-dependent transcription factor ATF-7 isoform X1 [Rousettus aegyptiacus]	9407
XP_036183642.1	XP_070280593	100.000	148	502	154	29	2.96e-104	313	cyclic AMP-responsive element-binding protein 5-like [Myotis yumanensis]	159337
XP_036183642.1	XP_066114658	38.957	575	502	503	99	6.11e-103	322	cyclic AMP-dependent transcription factor ATF-7 [Saccopteryx bilineata]	59482
XP_036183642.1	XP_023600462	38.251	549	502	476	99	8.25e-103	321	cyclic AMP-dependent transcription factor ATF-2 isoform X2 [Myotis lucifugus]	59463
XP_036183642.1	XP_059539032	39.450	545	502	484	99	4.05e-100	314	cyclic AMP-dependent transcription factor ATF-7 isoform X3 [Myotis daubentonii]	98922
XP_036183642.1	XP_059539031	39.450	545	502	484	99	4.05e-100	314	cyclic AMP-dependent transcription factor ATF-7 isoform X3 [Myotis daubentonii]	98922
XP_036183642.1	XP_006904574	40.110	546	502	483	99	6.18e-100	313	cyclic AMP-dependent transcription factor ATF-7 isoform X2 [Pteropus alecto]	9402
XP_036183642.1	XP_006904575	40.110	546	502	483	99	6.18e-100	313	cyclic AMP-dependent transcription factor ATF-7 isoform X2 [Pteropus alecto]	9402
XP_036183642.1	XP_011374088	40.110	546	502	483	99	6.18e-100	313	cyclic AMP-dependent transcription factor ATF-7 isoform X2 [Pteropus vampyrus]	132908
XP_036183642.1	XP_011374090	40.110	546	502	483	99	6.18e-100	313	cyclic AMP-dependent transcription factor ATF-7 isoform X2 [Pteropus vampyrus]	132908
XP_036183642.1	XP_039718231	40.110	546	502	483	99	6.18e-100	313	cyclic AMP-dependent transcription factor ATF-7 isoform X2 [Pteropus medius]	143291
XP_036183642.1	XP_039718230	40.110	546	502	483	99	6.18e-100	313	cyclic AMP-dependent transcription factor ATF-7 isoform X2 [Pteropus medius]	143291
XP_036183642.1	XP_036106889	41.590	541	502	496	96	4.83e-99	311	cyclic AMP-dependent transcription factor ATF-7 isoform X1 [Molossus molossus]	27622
XP_036183642.1	XP_019515316	39.744	546	502	483	99	4.92e-99	311	PREDICTED: cyclic AMP-dependent transcription factor ATF-7 isoform X1 [Hipposideros armiger]	186990
XP_036183642.1	XP_019515315	39.744	546	502	483	99	4.92e-99	311	PREDICTED: cyclic AMP-dependent transcription factor ATF-7 isoform X1 [Hipposideros armiger]	186990
XP_036183642.1	XP_014317274	39.677	557	502	484	99	8.58e-99	311	cyclic AMP-dependent transcription factor ATF-7 isoform X1 [Myotis lucifugus]	59463
XP_036183642.1	XP_014317270	39.677	557	502	484	99	8.58e-99	311	cyclic AMP-dependent transcription factor ATF-7 isoform X1 [Myotis lucifugus]	59463
XP_036183642.1	XP_006095827	39.677	557	502	484	99	8.58e-99	311	cyclic AMP-dependent transcription factor ATF-7 isoform X1 [Myotis lucifugus]	59463
XP_036183642.1	XP_054446986	39.964	553	502	483	99	2.58e-98	309	cyclic AMP-dependent transcription factor ATF-7 [Pteronotus mesoamericanus]	1884717
XP_036183642.1	XP_054446985	39.964	553	502	483	99	2.58e-98	309	cyclic AMP-dependent transcription factor ATF-7 [Pteronotus mesoamericanus]	1884717
XP_036183642.1	XP_059539033	39.711	554	502	483	99	3.41e-98	309	cyclic AMP-dependent transcription factor ATF-7 isoform X4 [Myotis daubentonii]	98922
XP_036183642.1	XP_080940960	40.643	529	502	479	96	3.52e-98	309	cyclic AMP-dependent transcription factor ATF-7 isoform 4 [Myotis nattereri]	109481
XP_036183642.1	XP_080940959	40.566	530	502	480	96	3.63e-98	309	cyclic AMP-dependent transcription factor ATF-7 isoform 3 [Myotis nattereri]	109481
XP_036183642.1	XP_036153548	40.454	529	502	469	96	8.29e-98	308	cyclic AMP-dependent transcription factor ATF-7 isoform X3 [Myotis myotis]	51298
XP_036183642.1	XP_070266209	40.377	530	502	480	96	1.82e-97	307	cyclic AMP-dependent transcription factor ATF-7 isoform X5 [Myotis yumanensis]	159337
XP_036183642.1	XP_045040023	40.219	547	502	528	97	8.69e-97	307	cyclic AMP-dependent transcription factor ATF-7 isoform X2 [Desmodus rotundus]	9430
XP_036183642.1	XP_045040022	40.219	547	502	528	97	8.69e-97	307	cyclic AMP-dependent transcription factor ATF-7 isoform X2 [Desmodus rotundus]	9430
XP_036183642.1	XP_045040021	40.219	547	502	575	97	4.19e-96	306	cyclic AMP-dependent transcription factor ATF-7 isoform X1 [Desmodus rotundus]	9430
XP_036183642.1	XP_074194387	39.044	502	502	447	90	8.04e-91	289	cyclic AMP-dependent transcription factor ATF-2 isoform X4 [Rhinolophus sinicus]	89399
XP_036183642.1	XP_036093185	38.845	502	502	447	90	9.97e-91	288	cyclic AMP-dependent transcription factor ATF-2 isoform X2 [Rousettus aegyptiacus]	9407
XP_036183642.1	XP_059539035	38.868	530	502	480	96	1.71e-90	289	cyclic AMP-dependent transcription factor ATF-7 isoform X5 [Myotis daubentonii]	98922
XP_036183642.1	XP_059539034	38.868	530	502	480	96	1.71e-90	289	cyclic AMP-dependent transcription factor ATF-7 isoform X5 [Myotis daubentonii]	98922
XP_036183642.1	XP_080908319	38.845	502	502	447	90	2.35e-90	288	cyclic AMP-dependent transcription factor ATF-2 isoform 2 [Rhinolophus hipposideros]	77218
XP_036183642.1	XP_023600468	38.845	502	502	447	90	2.43e-90	288	cyclic AMP-dependent transcription factor ATF-2 isoform X3 [Myotis lucifugus]	59463
XP_036183642.1	XP_032967855	38.845	502	502	447	90	2.73e-90	287	cyclic AMP-dependent transcription factor ATF-2 isoform X2 [Rhinolophus ferrumequinum]	59479
XP_036183642.1	XP_024895109	38.845	502	502	447	90	3.01e-90	287	cyclic AMP-dependent transcription factor ATF-2 isoform X2 [Pteropus alecto]	9402
XP_036183642.1	XP_039711819	38.845	502	502	447	90	3.01e-90	287	cyclic AMP-dependent transcription factor ATF-2 isoform X2 [Pteropus medius]	143291
XP_036183642.1	XP_080525401	38.845	502	502	447	90	3.21e-90	287	cyclic AMP-dependent transcription factor ATF-2 isoform 2 [Plecotus auritus]	61862
XP_036183642.1	XP_079638514	38.845	502	502	447	90	3.21e-90	287	cyclic AMP-dependent transcription factor ATF-2 isoform 2 [Cnephaeus nilssonii]	3371016
XP_036183642.1	XP_019509265	38.845	502	502	447	90	3.50e-90	287	PREDICTED: cyclic AMP-dependent transcription factor ATF-2 isoform X2 [Hipposideros armiger]	186990
XP_036183642.1	XP_080997935	38.845	502	502	447	90	3.61e-90	287	cyclic AMP-dependent transcription factor ATF-2 isoform 4 [Miniopterus schreibersii]	9433
XP_036183642.1	XP_024900843	39.548	531	502	496	96	4.95e-90	288	cyclic AMP-dependent transcription factor ATF-7 isoform X1 [Pteropus alecto]	9402
XP_036183642.1	XP_023376526	39.548	531	502	496	96	4.95e-90	288	cyclic AMP-dependent transcription factor ATF-7 isoform X1 [Pteropus vampyrus]	132908
XP_036183642.1	XP_039718229	39.548	531	502	496	96	4.95e-90	288	cyclic AMP-dependent transcription factor ATF-7 isoform X1 [Pteropus medius]	143291
XP_036183642.1	XP_036900308	39.315	496	502	447	89	1.29e-89	286	cyclic AMP-dependent transcription factor ATF-2 isoform X3 [Sturnira hondurensis]	192404
XP_036183642.1	XP_036278224	38.132	514	502	459	90	2.24e-89	285	cyclic AMP-dependent transcription factor ATF-2 isoform X5 [Pipistrellus kuhlii]	59472
XP_036183642.1	XP_036310956	40.156	513	502	452	93	4.97e-89	284	cyclic AMP-dependent transcription factor ATF-7 isoform X5 [Pipistrellus kuhlii]	59472
XP_036183642.1	XP_074194383	38.132	514	502	459	90	8.29e-89	284	cyclic AMP-dependent transcription factor ATF-2 isoform X3 [Rhinolophus sinicus]	89399
XP_036183642.1	XP_080940961	39.766	513	502	452	93	1.18e-88	283	cyclic AMP-dependent transcription factor ATF-7 isoform 5 [Myotis nattereri]	109481
XP_036183642.1	XP_016062512	37.938	514	502	459	90	4.55e-88	282	PREDICTED: cyclic AMP-dependent transcription factor ATF-2 isoform X2 [Miniopterus natalensis]	291302
XP_036183642.1	XP_080997934	37.938	514	502	459	90	4.55e-88	282	cyclic AMP-dependent transcription factor ATF-2 isoform 3 [Miniopterus schreibersii]	9433
XP_036183642.1	XP_036153551	39.571	513	502	452	93	7.09e-88	281	cyclic AMP-dependent transcription factor ATF-7 isoform X4 [Myotis myotis]	51298
XP_036183642.1	XP_036153550	39.571	513	502	452	93	7.09e-88	281	cyclic AMP-dependent transcription factor ATF-7 isoform X4 [Myotis myotis]	51298
XP_036183642.1	XP_036993454	38.879	553	502	483	99	1.88e-87	281	cyclic AMP-dependent transcription factor ATF-7 isoform X1 [Artibeus jamaicensis]	9417
XP_036183642.1	XP_036993453	38.879	553	502	483	99	1.88e-87	281	cyclic AMP-dependent transcription factor ATF-7 isoform X1 [Artibeus jamaicensis]	9417
XP_036183642.1	XP_036993452	38.879	553	502	483	99	1.88e-87	281	cyclic AMP-dependent transcription factor ATF-7 isoform X1 [Artibeus jamaicensis]	9417
XP_036183642.1	XP_066202125	38.492	504	502	452	89	9.46e-87	278	cyclic AMP-dependent transcription factor ATF-2 isoform X3 [Saccopteryx leptura]	249018
XP_036183642.1	XP_066202124	38.492	504	502	452	89	9.46e-87	278	cyclic AMP-dependent transcription factor ATF-2 isoform X3 [Saccopteryx leptura]	249018
XP_036183642.1	XP_066202123	38.492	504	502	452	89	9.46e-87	278	cyclic AMP-dependent transcription factor ATF-2 isoform X3 [Saccopteryx leptura]	249018
XP_036183642.1	XP_066202122	38.492	504	502	452	89	9.46e-87	278	cyclic AMP-dependent transcription factor ATF-2 isoform X3 [Saccopteryx leptura]	249018
XP_036183642.1	XP_066089354	38.294	504	502	452	89	1.98e-86	278	cyclic AMP-dependent transcription factor ATF-2 isoform X3 [Saccopteryx bilineata]	59482
XP_036183642.1	XP_066089353	38.294	504	502	452	89	1.98e-86	278	cyclic AMP-dependent transcription factor ATF-2 isoform X3 [Saccopteryx bilineata]	59482
XP_036183642.1	XP_066089352	38.294	504	502	452	89	1.98e-86	278	cyclic AMP-dependent transcription factor ATF-2 isoform X3 [Saccopteryx bilineata]	59482
XP_036183642.1	XP_066089351	38.294	504	502	452	89	1.98e-86	278	cyclic AMP-dependent transcription factor ATF-2 isoform X3 [Saccopteryx bilineata]	59482
XP_036183642.1	XP_036900309	38.731	457	502	395	82	2.16e-86	276	cyclic AMP-dependent transcription factor ATF-2 isoform X4 [Sturnira hondurensis]	192404
XP_036183642.1	XP_035879161	38.731	457	502	395	82	2.23e-86	276	cyclic AMP-dependent transcription factor ATF-2 isoform X3 [Phyllostomus discolor]	89673
XP_036183642.1	XP_074181714	39.223	515	502	453	91	4.89e-85	274	cyclic AMP-dependent transcription factor ATF-7 isoform X2 [Rhinolophus sinicus]	89399
XP_036183642.1	XP_074181713	39.223	515	502	453	91	4.89e-85	274	cyclic AMP-dependent transcription factor ATF-7 isoform X2 [Rhinolophus sinicus]	89399
XP_036183642.1	XP_036310954	39.567	508	502	454	91	5.78e-85	274	cyclic AMP-dependent transcription factor ATF-7 isoform X3 [Pipistrellus kuhlii]	59472
XP_036183642.1	XP_036310953	39.567	508	502	454	91	5.78e-85	274	cyclic AMP-dependent transcription factor ATF-7 isoform X3 [Pipistrellus kuhlii]	59472
XP_036183642.1	XP_045443988	39.484	504	502	453	91	5.80e-85	274	cyclic AMP-dependent transcription factor ATF-7 isoform X4 [Pipistrellus kuhlii]	59472
XP_036183642.1	XP_035874809	39.029	515	502	453	91	1.08e-84	273	cyclic AMP-dependent transcription factor ATF-7 isoform X2 [Phyllostomus discolor]	89673
XP_036183642.1	XP_035874808	39.029	515	502	453	91	1.08e-84	273	cyclic AMP-dependent transcription factor ATF-7 isoform X2 [Phyllostomus discolor]	89673
XP_036183642.1	XP_035874807	39.029	515	502	453	91	1.08e-84	273	cyclic AMP-dependent transcription factor ATF-7 isoform X2 [Phyllostomus discolor]	89673
XP_036183642.1	XP_080914455	39.029	515	502	453	91	1.29e-84	273	cyclic AMP-dependent transcription factor ATF-7 isoform 3 [Rhinolophus hipposideros]	77218
XP_036183642.1	XP_080914454	39.029	515	502	453	91	1.29e-84	273	cyclic AMP-dependent transcription factor ATF-7 isoform 3 [Rhinolophus hipposideros]	77218
XP_036183642.1	XP_080914456	39.535	516	502	445	91	2.13e-84	272	cyclic AMP-dependent transcription factor ATF-7 isoform 4 [Rhinolophus hipposideros]	77218
XP_036183642.1	XP_036278222	34.938	561	502	488	99	2.33e-84	273	cyclic AMP-dependent transcription factor ATF-2 isoform X3 [Pipistrellus kuhlii]	59472
XP_036183642.1	XP_070266210	38.812	505	502	454	91	1.51e-83	270	cyclic AMP-dependent transcription factor ATF-7 isoform X6 [Myotis yumanensis]	159337
XP_036183642.1	XP_070266204	38.976	508	502	496	91	9.57e-83	270	cyclic AMP-dependent transcription factor ATF-7 isoform X1 [Myotis yumanensis]	159337
XP_036183642.1	XP_016056855	39.406	505	502	496	91	1.34e-81	266	PREDICTED: cyclic AMP-dependent transcription factor ATF-7 isoform X1 [Miniopterus natalensis]	291302
XP_036183642.1	XP_070266205	38.812	505	502	495	91	4.45e-81	265	cyclic AMP-dependent transcription factor ATF-7 isoform X2 [Myotis yumanensis]	159337
XP_036183642.1	XP_036091939	38.521	514	502	451	93	2.04e-79	259	cyclic AMP-dependent transcription factor ATF-7 isoform X2 [Rousettus aegyptiacus]	9407
XP_036183642.1	XP_036091938	38.521	514	502	451	93	2.04e-79	259	cyclic AMP-dependent transcription factor ATF-7 isoform X2 [Rousettus aegyptiacus]	9407
XP_036183642.1	XP_036993459	38.772	521	502	451	93	4.54e-79	258	cyclic AMP-dependent transcription factor ATF-7 isoform X3 [Artibeus jamaicensis]	9417
XP_036183642.1	XP_036993457	38.012	513	502	453	91	4.79e-75	248	cyclic AMP-dependent transcription factor ATF-7 isoform X2 [Artibeus jamaicensis]	9417
XP_036183642.1	XP_036993456	38.012	513	502	453	91	4.79e-75	248	cyclic AMP-dependent transcription factor ATF-7 isoform X2 [Artibeus jamaicensis]	9417
XP_036183642.1	XP_036993455	38.012	513	502	453	91	4.79e-75	248	cyclic AMP-dependent transcription factor ATF-7 isoform X2 [Artibeus jamaicensis]	9417
XP_036183642.1	XP_039718232	39.381	485	502	428	91	1.61e-74	246	cyclic AMP-dependent transcription factor ATF-7 isoform X3 [Pteropus medius]	143291
XP_036183642.1	XP_059539030	37.549	514	502	495	91	6.69e-74	246	cyclic AMP-dependent transcription factor ATF-7 isoform X2 [Myotis daubentonii]	98922
XP_036183642.1	XP_032972315	39.431	492	502	428	91	1.13e-73	244	cyclic AMP-dependent transcription factor ATF-7 isoform X2 [Rhinolophus ferrumequinum]	59479
XP_036183642.1	XP_036091940	39.175	485	502	428	91	1.14e-73	244	cyclic AMP-dependent transcription factor ATF-7 isoform X3 [Rousettus aegyptiacus]	9407
XP_036183642.1	XP_080914457	42.593	378	502	388	74	3.01e-67	226	cyclic AMP-dependent transcription factor ATF-7 isoform 5 [Rhinolophus hipposideros]	77218
XP_036183642.1	XP_019515317	42.593	378	502	408	74	7.44e-67	225	PREDICTED: cyclic AMP-dependent transcription factor ATF-7 isoform X2 [Hipposideros armiger]	186990
XP_036183642.1	XP_059539037	42.328	378	502	452	90	4.02e-66	225	cyclic AMP-dependent transcription factor ATF-7 isoform X6 [Myotis daubentonii]	98922
XP_036183642.1	XP_059539037	56.250	80	502	452	90	2.62e-16	86.7	cyclic AMP-dependent transcription factor ATF-7 isoform X6 [Myotis daubentonii]	98922
XP_036183642.1	XP_059539036	42.520	381	502	454	88	1.16e-65	224	cyclic AMP-dependent transcription factor ATF-7 isoform X1 [Myotis daubentonii]	98922
XP_036183642.1	XP_059539036	52.778	72	502	454	88	4.43e-13	76.6	cyclic AMP-dependent transcription factor ATF-7 isoform X1 [Myotis daubentonii]	98922
XP_036183642.1	XP_059539029	42.520	381	502	454	88	1.16e-65	224	cyclic AMP-dependent transcription factor ATF-7 isoform X1 [Myotis daubentonii]	98922
XP_036183642.1	XP_059539029	52.778	72	502	454	88	4.43e-13	76.6	cyclic AMP-dependent transcription factor ATF-7 isoform X1 [Myotis daubentonii]	98922
XP_036183642.1	XP_036897191	98.889	90	502	130	18	5.52e-59	195	cyclic AMP-responsive element-binding protein 5-like [Sturnira hondurensis]	192404
XP_036183642.1	XP_059539038	36.740	411	502	398	74	3.09e-52	186	cyclic AMP-dependent transcription factor ATF-7 isoform X7 [Myotis daubentonii]	98922
XP_036183642.1	XP_079638515	42.188	192	502	209	29	6.93e-43	156	cyclic AMP-dependent transcription factor ATF-2 isoform 3 [Cnephaeus nilssonii]	3371016
XP_036183642.1	XP_014397527	68.235	85	502	117	17	7.23e-35	131	PREDICTED: cyclic AMP-dependent transcription factor ATF-7 isoform X4 [Myotis brandtii]	109478
XP_036183642.1	XP_054574975	68.235	85	502	117	17	8.53e-35	131	cyclic AMP-dependent transcription factor ATF-7 isoform X3 [Eptesicus fuscus]	29078
XP_036183642.1	XP_036993460	64.583	48	502	87	10	1.73e-14	73.9	cyclic AMP-dependent transcription factor ATF-7 isoform X4 [Artibeus jamaicensis]	9417
