XP_036199350.1	XP_036199350	100.000	394	394	394	100	0.0	805	cyclic AMP-responsive element-binding protein 3-like protein 4 [Myotis myotis]	51298
XP_036199350.1	XP_014396245	99.239	394	394	394	100	0.0	798	PREDICTED: cyclic AMP-responsive element-binding protein 3-like protein 4 [Myotis brandtii]	109478
XP_036199350.1	XP_059530752	98.731	394	394	394	100	0.0	795	cyclic AMP-responsive element-binding protein 3-like protein 4 [Myotis daubentonii]	98922
XP_036199350.1	XP_070252439	98.477	394	394	394	100	0.0	792	cyclic AMP-responsive element-binding protein 3-like protein 4 isoform X3 [Myotis yumanensis]	159337
XP_036199350.1	XP_015427263	98.477	394	394	393	100	0.0	791	PREDICTED: cyclic AMP-responsive element-binding protein 3-like protein 4 [Myotis davidii]	225400
XP_036199350.1	XP_014316670	98.477	394	394	394	100	0.0	790	cyclic AMP-responsive element-binding protein 3-like protein 4 isoform X3 [Myotis lucifugus]	59463
XP_036199350.1	XP_080968607	98.477	394	394	392	100	0.0	788	cyclic AMP-responsive element-binding protein 3-like protein 4 [Myotis nattereri]	109481
XP_036199350.1	XP_070252438	96.278	403	394	403	100	0.0	785	cyclic AMP-responsive element-binding protein 3-like protein 4 isoform X2 [Myotis yumanensis]	159337
XP_036199350.1	XP_079618035	94.162	394	394	394	100	0.0	763	cyclic AMP-responsive element-binding protein 3-like protein 4 isoform 2 [Cnephaeus nilssonii]	3371016
XP_036199350.1	XP_023615042	85.366	451	394	451	100	0.0	759	cyclic AMP-responsive element-binding protein 3-like protein 4 isoform X1 [Myotis lucifugus]	59463
XP_036199350.1	XP_023615041	85.366	451	394	451	100	0.0	759	cyclic AMP-responsive element-binding protein 3-like protein 4 isoform X1 [Myotis lucifugus]	59463
XP_036199350.1	XP_014316669	85.366	451	394	451	100	0.0	759	cyclic AMP-responsive element-binding protein 3-like protein 4 isoform X1 [Myotis lucifugus]	59463
XP_036199350.1	XP_070252437	85.366	451	394	451	100	0.0	758	cyclic AMP-responsive element-binding protein 3-like protein 4 isoform X1 [Myotis yumanensis]	159337
XP_036199350.1	XP_054567799	92.640	394	394	394	100	0.0	753	cyclic AMP-responsive element-binding protein 3-like protein 4 [Eptesicus fuscus]	29078
XP_036199350.1	XP_079618034	89.183	416	394	416	100	0.0	749	cyclic AMP-responsive element-binding protein 3-like protein 4 isoform 1 [Cnephaeus nilssonii]	3371016
XP_036199350.1	XP_080503525	92.386	394	394	394	100	0.0	744	cyclic AMP-responsive element-binding protein 3-like protein 4 [Plecotus auritus]	61862
XP_036199350.1	XP_036297628	92.132	394	394	394	100	0.0	744	cyclic AMP-responsive element-binding protein 3-like protein 4 isoform X2 [Pipistrellus kuhlii]	59472
XP_036199350.1	XP_036297627	90.750	400	394	400	100	0.0	737	cyclic AMP-responsive element-binding protein 3-like protein 4 isoform X1 [Pipistrellus kuhlii]	59472
XP_036199350.1	XP_016077070	89.340	394	394	393	100	0.0	711	PREDICTED: cyclic AMP-responsive element-binding protein 3-like protein 4 [Miniopterus natalensis]	291302
XP_036199350.1	XP_080976511	89.086	394	394	393	100	0.0	710	cyclic AMP-responsive element-binding protein 3-like protein 4 isoform 2 [Miniopterus schreibersii]	9433
XP_036199350.1	XP_080976510	89.086	394	394	393	100	0.0	710	cyclic AMP-responsive element-binding protein 3-like protein 4 isoform 2 [Miniopterus schreibersii]	9433
XP_036199350.1	XP_024429027	87.817	394	394	394	100	0.0	699	cyclic AMP-responsive element-binding protein 3-like protein 4 isoform X2 [Desmodus rotundus]	9430
XP_036199350.1	XP_028358317	87.310	394	394	394	100	0.0	696	cyclic AMP-responsive element-binding protein 3-like protein 4 [Phyllostomus discolor]	89673
XP_036199350.1	XP_024429013	87.817	394	394	436	100	0.0	696	cyclic AMP-responsive element-binding protein 3-like protein 4 isoform X1 [Desmodus rotundus]	9430
XP_036199350.1	XP_080976509	83.971	418	394	417	100	0.0	696	cyclic AMP-responsive element-binding protein 3-like protein 4 isoform 1 [Miniopterus schreibersii]	9433
XP_036199350.1	XP_080976508	83.971	418	394	417	100	0.0	696	cyclic AMP-responsive element-binding protein 3-like protein 4 isoform 1 [Miniopterus schreibersii]	9433
XP_036199350.1	XP_036128900	87.817	394	394	393	100	0.0	695	cyclic AMP-responsive element-binding protein 3-like protein 4 isoform X1 [Molossus molossus]	27622
XP_036199350.1	XP_045673292	86.802	394	394	394	100	0.0	691	cyclic AMP-responsive element-binding protein 3-like protein 4 [Phyllostomus hastatus]	9423
XP_036199350.1	XP_023615043	83.981	412	394	412	90	0.0	677	cyclic AMP-responsive element-binding protein 3-like protein 4 isoform X2 [Myotis lucifugus]	59463
XP_036199350.1	XP_037018337	85.025	394	394	394	100	0.0	675	cyclic AMP-responsive element-binding protein 3-like protein 4 isoform X2 [Artibeus jamaicensis]	9417
XP_036199350.1	XP_037018336	83.582	402	394	402	100	0.0	669	cyclic AMP-responsive element-binding protein 3-like protein 4 isoform X1 [Artibeus jamaicensis]	9417
XP_036199350.1	XP_032949687	82.785	395	394	395	100	0.0	660	cyclic AMP-responsive element-binding protein 3-like protein 4 isoform X7 [Rhinolophus ferrumequinum]	59479
XP_036199350.1	XP_036906600	84.772	394	394	478	100	0.0	660	cyclic AMP-responsive element-binding protein 3-like protein 4 [Sturnira hondurensis]	192404
XP_036199350.1	XP_019568900	82.785	395	394	445	100	0.0	654	cyclic AMP-responsive element-binding protein 3-like protein 4 isoform X5 [Rhinolophus sinicus]	89399
XP_036199350.1	XP_074174768	82.576	396	394	446	100	0.0	650	cyclic AMP-responsive element-binding protein 3-like protein 4 isoform X3 [Rhinolophus sinicus]	89399
XP_036199350.1	XP_054419340	75.682	440	394	440	100	0.0	649	LOW QUALITY PROTEIN: cyclic AMP-responsive element-binding protein 3-like protein 4 [Pteronotus mesoamericanus]	1884717
XP_036199350.1	XP_074174773	82.576	396	394	395	100	0.0	649	cyclic AMP-responsive element-binding protein 3-like protein 4 isoform X7 [Rhinolophus sinicus]	89399
XP_036199350.1	XP_080882967	81.772	395	394	395	100	0.0	648	cyclic AMP-responsive element-binding protein 3-like protein 4 isoform 7 [Rhinolophus hipposideros]	77218
XP_036199350.1	XP_032949686	78.230	418	394	418	100	0.0	646	cyclic AMP-responsive element-binding protein 3-like protein 4 isoform X6 [Rhinolophus ferrumequinum]	59479
XP_036199350.1	XP_080882966	81.566	396	394	396	100	0.0	644	cyclic AMP-responsive element-binding protein 3-like protein 4 isoform 6 [Rhinolophus hipposideros]	77218
XP_036199350.1	XP_080882965	81.566	396	394	396	100	0.0	644	cyclic AMP-responsive element-binding protein 3-like protein 4 isoform 6 [Rhinolophus hipposideros]	77218
XP_036199350.1	XP_074174767	78.417	417	394	467	100	0.0	641	cyclic AMP-responsive element-binding protein 3-like protein 4 isoform X2 [Rhinolophus sinicus]	89399
XP_036199350.1	XP_019568898	78.230	418	394	468	100	0.0	640	cyclic AMP-responsive element-binding protein 3-like protein 4 isoform X1 [Rhinolophus sinicus]	89399
XP_036199350.1	XP_074174772	78.230	418	394	417	100	0.0	639	cyclic AMP-responsive element-binding protein 3-like protein 4 isoform X6 [Rhinolophus sinicus]	89399
XP_036199350.1	XP_074174771	78.230	418	394	417	100	0.0	639	cyclic AMP-responsive element-binding protein 3-like protein 4 isoform X6 [Rhinolophus sinicus]	89399
XP_036199350.1	XP_074174770	78.230	418	394	417	100	0.0	639	cyclic AMP-responsive element-binding protein 3-like protein 4 isoform X6 [Rhinolophus sinicus]	89399
XP_036199350.1	XP_032949685	73.318	446	394	446	100	0.0	635	cyclic AMP-responsive element-binding protein 3-like protein 4 isoform X5 [Rhinolophus ferrumequinum]	59479
XP_036199350.1	XP_080882964	77.458	417	394	417	100	0.0	634	cyclic AMP-responsive element-binding protein 3-like protein 4 isoform 5 [Rhinolophus hipposideros]	77218
XP_036199350.1	XP_080882963	77.273	418	394	418	100	0.0	634	cyclic AMP-responsive element-binding protein 3-like protein 4 isoform 4 [Rhinolophus hipposideros]	77218
XP_036199350.1	XP_036090788	82.278	395	394	466	100	0.0	632	cyclic AMP-responsive element-binding protein 3-like protein 4 isoform X3 [Rousettus aegyptiacus]	9407
XP_036199350.1	XP_032949682	73.154	447	394	447	100	0.0	631	cyclic AMP-responsive element-binding protein 3-like protein 4 isoform X3 [Rhinolophus ferrumequinum]	59479
XP_036199350.1	XP_039705652	82.025	395	394	395	100	0.0	630	cyclic AMP-responsive element-binding protein 3-like protein 4 [Pteropus medius]	143291
XP_036199350.1	XP_039705651	82.025	395	394	395	100	0.0	630	cyclic AMP-responsive element-binding protein 3-like protein 4 [Pteropus medius]	143291
XP_036199350.1	XP_039705650	82.025	395	394	395	100	0.0	630	cyclic AMP-responsive element-binding protein 3-like protein 4 [Pteropus medius]	143291
XP_036199350.1	XP_039705649	82.025	395	394	395	100	0.0	630	cyclic AMP-responsive element-binding protein 3-like protein 4 [Pteropus medius]	143291
XP_036199350.1	XP_039705648	82.025	395	394	395	100	0.0	630	cyclic AMP-responsive element-binding protein 3-like protein 4 [Pteropus medius]	143291
XP_036199350.1	XP_039705647	82.025	395	394	395	100	0.0	630	cyclic AMP-responsive element-binding protein 3-like protein 4 [Pteropus medius]	143291
XP_036199350.1	XP_019482825	82.025	395	394	394	100	0.0	629	PREDICTED: cyclic AMP-responsive element-binding protein 3-like protein 4 isoform X5 [Hipposideros armiger]	186990
XP_036199350.1	XP_024896670	81.772	395	394	395	100	0.0	626	cyclic AMP-responsive element-binding protein 3-like protein 4 [Pteropus alecto]	9402
XP_036199350.1	XP_015453859	81.772	395	394	395	100	0.0	626	cyclic AMP-responsive element-binding protein 3-like protein 4 [Pteropus alecto]	9402
XP_036199350.1	XP_024896669	81.772	395	394	395	100	0.0	626	cyclic AMP-responsive element-binding protein 3-like protein 4 [Pteropus alecto]	9402
XP_036199350.1	XP_015453858	81.772	395	394	395	100	0.0	626	cyclic AMP-responsive element-binding protein 3-like protein 4 [Pteropus alecto]	9402
XP_036199350.1	XP_015453857	81.772	395	394	395	100	0.0	626	cyclic AMP-responsive element-binding protein 3-like protein 4 [Pteropus alecto]	9402
XP_036199350.1	XP_015453856	81.772	395	394	395	100	0.0	626	cyclic AMP-responsive element-binding protein 3-like protein 4 [Pteropus alecto]	9402
XP_036199350.1	XP_024896668	81.772	395	394	395	100	0.0	626	cyclic AMP-responsive element-binding protein 3-like protein 4 [Pteropus alecto]	9402
XP_036199350.1	XP_024896667	81.772	395	394	395	100	0.0	626	cyclic AMP-responsive element-binding protein 3-like protein 4 [Pteropus alecto]	9402
XP_036199350.1	XP_015453854	81.772	395	394	395	100	0.0	626	cyclic AMP-responsive element-binding protein 3-like protein 4 [Pteropus alecto]	9402
XP_036199350.1	XP_024896666	81.772	395	394	395	100	0.0	626	cyclic AMP-responsive element-binding protein 3-like protein 4 [Pteropus alecto]	9402
XP_036199350.1	XP_019482824	81.818	396	394	395	100	0.0	624	PREDICTED: cyclic AMP-responsive element-binding protein 3-like protein 4 isoform X4 [Hipposideros armiger]	186990
XP_036199350.1	XP_032949680	69.872	468	394	468	100	0.0	623	cyclic AMP-responsive element-binding protein 3-like protein 4 isoform X2 [Rhinolophus ferrumequinum]	59479
XP_036199350.1	XP_032949679	69.723	469	394	469	100	0.0	622	cyclic AMP-responsive element-binding protein 3-like protein 4 isoform X1 [Rhinolophus ferrumequinum]	59479
XP_036199350.1	XP_032949678	69.723	469	394	469	100	0.0	622	cyclic AMP-responsive element-binding protein 3-like protein 4 isoform X1 [Rhinolophus ferrumequinum]	59479
XP_036199350.1	XP_032949677	69.723	469	394	469	100	0.0	622	cyclic AMP-responsive element-binding protein 3-like protein 4 isoform X1 [Rhinolophus ferrumequinum]	59479
XP_036199350.1	XP_032949676	69.723	469	394	469	100	0.0	622	cyclic AMP-responsive element-binding protein 3-like protein 4 isoform X1 [Rhinolophus ferrumequinum]	59479
XP_036199350.1	XP_080882962	72.260	447	394	447	100	0.0	619	cyclic AMP-responsive element-binding protein 3-like protein 4 isoform 3 [Rhinolophus hipposideros]	77218
XP_036199350.1	XP_019482822	77.327	419	394	418	100	0.0	615	PREDICTED: cyclic AMP-responsive element-binding protein 3-like protein 4 isoform X2 [Hipposideros armiger]	186990
XP_036199350.1	XP_019482821	77.143	420	394	419	100	0.0	615	PREDICTED: cyclic AMP-responsive element-binding protein 3-like protein 4 isoform X1 [Hipposideros armiger]	186990
XP_036199350.1	XP_019482820	77.143	420	394	419	100	0.0	615	PREDICTED: cyclic AMP-responsive element-binding protein 3-like protein 4 isoform X1 [Hipposideros armiger]	186990
XP_036199350.1	XP_019482819	77.143	420	394	419	100	0.0	615	PREDICTED: cyclic AMP-responsive element-binding protein 3-like protein 4 isoform X1 [Hipposideros armiger]	186990
XP_036199350.1	XP_080882961	69.017	468	394	468	100	0.0	610	cyclic AMP-responsive element-binding protein 3-like protein 4 isoform 2 [Rhinolophus hipposideros]	77218
XP_036199350.1	XP_080882960	68.870	469	394	469	100	0.0	610	cyclic AMP-responsive element-binding protein 3-like protein 4 isoform 1 [Rhinolophus hipposideros]	77218
XP_036199350.1	XP_036128901	90.909	330	394	336	84	0.0	608	cyclic AMP-responsive element-binding protein 3-like protein 4 isoform X2 [Molossus molossus]	27622
XP_036199350.1	XP_074174769	73.923	418	394	446	100	0.0	589	cyclic AMP-responsive element-binding protein 3-like protein 4 isoform X4 [Rhinolophus sinicus]	89399
XP_036199350.1	XP_032949684	65.885	469	394	447	100	0.0	571	cyclic AMP-responsive element-binding protein 3-like protein 4 isoform X4 [Rhinolophus ferrumequinum]	59479
XP_036199350.1	XP_032949683	65.885	469	394	447	100	0.0	571	cyclic AMP-responsive element-binding protein 3-like protein 4 isoform X4 [Rhinolophus ferrumequinum]	59479
XP_036199350.1	XP_019482823	73.333	420	394	397	100	0.0	569	PREDICTED: cyclic AMP-responsive element-binding protein 3-like protein 4 isoform X3 [Hipposideros armiger]	186990
XP_036199350.1	XP_066220156	63.768	483	394	597	100	0.0	545	LOW QUALITY PROTEIN: cyclic AMP-responsive element-binding protein 3-like protein 4 [Saccopteryx leptura]	249018
XP_036199350.1	XP_066110612	63.789	475	394	546	99	0.0	541	LOW QUALITY PROTEIN: cyclic AMP-responsive element-binding protein 3-like protein 4 [Saccopteryx bilineata]	59482
XP_036199350.1	XP_023615045	80.183	328	394	328	69	3.42e-180	508	cyclic AMP-responsive element-binding protein 3-like protein 4 isoform X4 [Myotis lucifugus]	59463
XP_036199350.1	XP_023615044	80.183	328	394	328	69	3.42e-180	508	cyclic AMP-responsive element-binding protein 3-like protein 4 isoform X4 [Myotis lucifugus]	59463
XP_036199350.1	XP_080976512	82.237	304	394	356	70	9.96e-174	493	cyclic AMP-responsive element-binding protein 3-like protein 4 isoform 3 [Miniopterus schreibersii]	9433
XP_036199350.1	XP_036090787	62.619	420	394	480	100	5.00e-156	452	cyclic AMP-responsive element-binding protein 3-like protein 4 isoform X2 [Rousettus aegyptiacus]	9407
XP_036199350.1	XP_036090791	82.909	275	394	374	70	3.50e-154	444	cyclic AMP-responsive element-binding protein 3-like protein 4 isoform X5 [Rousettus aegyptiacus]	9407
XP_036199350.1	XP_036090790	82.160	213	394	435	54	1.01e-108	330	cyclic AMP-responsive element-binding protein 3-like protein 4 isoform X4 [Rousettus aegyptiacus]	9407
XP_036199350.1	XP_036090789	82.160	213	394	435	54	1.01e-108	330	cyclic AMP-responsive element-binding protein 3-like protein 4 isoform X4 [Rousettus aegyptiacus]	9407
XP_036199350.1	XP_036090786	82.160	213	394	506	54	5.46e-108	331	cyclic AMP-responsive element-binding protein 3-like protein 4 isoform X1 [Rousettus aegyptiacus]	9407
XP_036199350.1	XP_011364843	80.405	148	394	316	75	4.13e-74	238	cyclic AMP-responsive element-binding protein 3-like protein 4 [Pteropus vampyrus]	132908
XP_036199350.1	XP_011364843	82.432	148	394	316	75	3.59e-71	230	cyclic AMP-responsive element-binding protein 3-like protein 4 [Pteropus vampyrus]	132908
XP_036199350.1	XP_019509074	48.869	221	394	458	53	1.11e-56	197	PREDICTED: cyclic AMP-responsive element-binding protein 3-like protein 3 isoform X2 [Hipposideros armiger]	186990
XP_036199350.1	XP_019509073	48.869	221	394	459	53	1.23e-56	197	PREDICTED: cyclic AMP-responsive element-binding protein 3-like protein 3 isoform X1 [Hipposideros armiger]	186990
XP_036199350.1	XP_066131941	42.105	285	394	458	66	3.39e-56	196	cyclic AMP-responsive element-binding protein 3-like protein 3 isoform X2 [Saccopteryx bilineata]	59482
XP_036199350.1	XP_066131932	42.105	285	394	459	66	3.62e-56	196	cyclic AMP-responsive element-binding protein 3-like protein 3 isoform X1 [Saccopteryx bilineata]	59482
XP_036199350.1	XP_079628799	56.875	160	394	321	41	4.38e-56	191	cyclic AMP-responsive element-binding protein 3-like protein 3 isoform 3 [Cnephaeus nilssonii]	3371016
XP_036199350.1	XP_006754119	39.869	306	394	409	70	7.53e-56	193	PREDICTED: cyclic AMP-responsive element-binding protein 3-like protein 3 isoform X4 [Myotis davidii]	225400
XP_036199350.1	XP_066200538	41.901	284	394	458	65	8.57e-56	194	cyclic AMP-responsive element-binding protein 3-like protein 3 isoform X2 [Saccopteryx leptura]	249018
XP_036199350.1	XP_015422654	39.869	306	394	410	70	8.67e-56	193	PREDICTED: cyclic AMP-responsive element-binding protein 3-like protein 3 isoform X3 [Myotis davidii]	225400
XP_036199350.1	XP_066200529	41.901	284	394	459	65	1.09e-55	194	cyclic AMP-responsive element-binding protein 3-like protein 3 isoform X1 [Saccopteryx leptura]	249018
XP_036199350.1	XP_006754117	39.869	306	394	458	70	1.51e-55	194	PREDICTED: cyclic AMP-responsive element-binding protein 3-like protein 3 isoform X1 [Myotis davidii]	225400
XP_036199350.1	XP_006754118	39.869	306	394	457	70	1.58e-55	194	PREDICTED: cyclic AMP-responsive element-binding protein 3-like protein 3 isoform X2 [Myotis davidii]	225400
XP_036199350.1	XP_036898462	39.650	343	394	457	86	1.68e-55	194	cyclic AMP-responsive element-binding protein 3-like protein 3 isoform X2 [Sturnira hondurensis]	192404
XP_036199350.1	XP_036170474	43.621	243	394	457	57	1.71e-55	194	cyclic AMP-responsive element-binding protein 3-like protein 3 isoform X2 [Myotis myotis]	51298
XP_036199350.1	XP_080947036	43.621	243	394	457	57	1.71e-55	194	cyclic AMP-responsive element-binding protein 3-like protein 3 isoform 2 [Myotis nattereri]	109481
XP_036199350.1	XP_032990313	58.385	161	394	321	41	1.72e-55	190	cyclic AMP-responsive element-binding protein 3-like protein 3 isoform X2 [Rhinolophus ferrumequinum]	59479
XP_036199350.1	XP_080947035	43.621	243	394	458	57	1.81e-55	194	cyclic AMP-responsive element-binding protein 3-like protein 3 isoform 1 [Myotis nattereri]	109481
XP_036199350.1	XP_036170475	43.083	253	394	452	59	1.89e-55	193	cyclic AMP-responsive element-binding protein 3-like protein 3 isoform X3 [Myotis myotis]	51298
XP_036199350.1	XP_036170472	43.621	243	394	458	57	2.07e-55	193	cyclic AMP-responsive element-binding protein 3-like protein 3 isoform X1 [Myotis myotis]	51298
XP_036199350.1	XP_059553134	43.621	243	394	457	57	2.48e-55	193	cyclic AMP-responsive element-binding protein 3-like protein 3 isoform X1 [Myotis daubentonii]	98922
XP_036199350.1	XP_059553135	43.621	243	394	458	57	2.64e-55	193	cyclic AMP-responsive element-binding protein 3-like protein 3 isoform X2 [Myotis daubentonii]	98922
XP_036199350.1	XP_015440644	43.651	252	394	531	57	3.05e-55	195	cyclic AMP-responsive element-binding protein 3-like protein 3 [Pteropus alecto]	9402
XP_036199350.1	XP_037021171	57.143	161	394	457	41	3.22e-55	193	cyclic AMP-responsive element-binding protein 3-like protein 3 isoform X2 [Artibeus jamaicensis]	9417
XP_036199350.1	XP_037021170	57.143	161	394	458	41	3.44e-55	193	cyclic AMP-responsive element-binding protein 3-like protein 3 isoform X1 [Artibeus jamaicensis]	9417
XP_036199350.1	XP_024425060	57.143	161	394	462	41	4.26e-55	193	cyclic AMP-responsive element-binding protein 3-like protein 3 isoform X6 [Desmodus rotundus]	9430
XP_036199350.1	XP_045686709	57.500	160	394	457	41	4.33e-55	192	cyclic AMP-responsive element-binding protein 3-like protein 3 isoform X2 [Phyllostomus hastatus]	9423
XP_036199350.1	XP_079628798	43.750	256	394	458	62	4.52e-55	192	cyclic AMP-responsive element-binding protein 3-like protein 3 isoform 2 [Cnephaeus nilssonii]	3371016
XP_036199350.1	XP_036315816	57.143	161	394	458	41	4.57e-55	192	cyclic AMP-responsive element-binding protein 3-like protein 3 isoform X1 [Pipistrellus kuhlii]	59472
XP_036199350.1	XP_036315817	57.143	161	394	457	41	4.81e-55	192	cyclic AMP-responsive element-binding protein 3-like protein 3 isoform X2 [Pipistrellus kuhlii]	59472
XP_036199350.1	XP_045686708	57.500	160	394	458	41	4.86e-55	192	cyclic AMP-responsive element-binding protein 3-like protein 3 isoform X1 [Phyllostomus hastatus]	9423
XP_036199350.1	XP_079628797	43.750	256	394	459	62	4.97e-55	192	cyclic AMP-responsive element-binding protein 3-like protein 3 isoform 1 [Cnephaeus nilssonii]	3371016
XP_036199350.1	XP_080932957	53.552	183	394	321	45	4.98e-55	189	cyclic AMP-responsive element-binding protein 3-like protein 3 isoform 3 [Rhinolophus hipposideros]	77218
XP_036199350.1	XP_024425059	57.143	161	394	463	41	5.05e-55	192	cyclic AMP-responsive element-binding protein 3-like protein 3 isoform X5 [Desmodus rotundus]	9430
XP_036199350.1	XP_016053461	46.575	219	394	457	53	5.23e-55	192	PREDICTED: cyclic AMP-responsive element-binding protein 3-like protein 3 isoform X3 [Miniopterus natalensis]	291302
XP_036199350.1	XP_036898461	41.554	296	394	458	74	5.40e-55	192	cyclic AMP-responsive element-binding protein 3-like protein 3 isoform X1 [Sturnira hondurensis]	192404
XP_036199350.1	XP_080531957	46.847	222	394	459	53	5.52e-55	192	cyclic AMP-responsive element-binding protein 3-like protein 3 isoform 1 [Plecotus auritus]	61862
XP_036199350.1	XP_039734307	55.901	161	394	475	41	1.01e-54	192	cyclic AMP-responsive element-binding protein 3-like protein 3, partial [Pteropus medius]	143291
XP_036199350.1	XP_019599837	57.407	162	394	321	41	1.12e-54	187	cyclic AMP-responsive element-binding protein 3-like protein 3 isoform X3 [Rhinolophus sinicus]	89399
XP_036199350.1	XP_016053458	54.286	175	394	459	44	1.20e-54	191	PREDICTED: cyclic AMP-responsive element-binding protein 3-like protein 3 isoform X1 [Miniopterus natalensis]	291302
XP_036199350.1	XP_016053459	54.286	175	394	458	44	1.24e-54	191	PREDICTED: cyclic AMP-responsive element-binding protein 3-like protein 3 isoform X2 [Miniopterus natalensis]	291302
XP_036199350.1	XP_080992947	54.286	175	394	458	44	1.25e-54	191	cyclic AMP-responsive element-binding protein 3-like protein 3 isoform 2 [Miniopterus schreibersii]	9433
XP_036199350.1	XP_080992946	54.286	175	394	459	44	1.31e-54	191	cyclic AMP-responsive element-binding protein 3-like protein 3 isoform 1 [Miniopterus schreibersii]	9433
XP_036199350.1	XP_014388865	46.847	222	394	411	53	2.45e-54	189	PREDICTED: cyclic AMP-responsive element-binding protein 3-like protein 3 isoform X4 [Myotis brandtii]	109478
XP_036199350.1	XP_014388868	46.847	222	394	410	53	2.69e-54	189	PREDICTED: cyclic AMP-responsive element-binding protein 3-like protein 3 isoform X5 [Myotis brandtii]	109478
XP_036199350.1	XP_036089986	55.280	161	394	448	41	3.58e-54	190	cyclic AMP-responsive element-binding protein 3-like protein 3 [Rousettus aegyptiacus]	9407
XP_036199350.1	XP_015999852	55.280	161	394	448	41	3.58e-54	190	cyclic AMP-responsive element-binding protein 3-like protein 3 [Rousettus aegyptiacus]	9407
XP_036199350.1	XP_032990312	56.522	161	394	458	41	4.91e-54	190	cyclic AMP-responsive element-binding protein 3-like protein 3 isoform X1 [Rhinolophus ferrumequinum]	59479
XP_036199350.1	XP_028376933	56.875	160	394	457	41	4.96e-54	190	cyclic AMP-responsive element-binding protein 3-like protein 3 isoform X2 [Phyllostomus discolor]	89673
XP_036199350.1	XP_080932956	44.628	242	394	458	57	5.18e-54	190	cyclic AMP-responsive element-binding protein 3-like protein 3 isoform 2 [Rhinolophus hipposideros]	77218
XP_036199350.1	XP_028376932	56.875	160	394	458	41	5.35e-54	190	cyclic AMP-responsive element-binding protein 3-like protein 3 isoform X1 [Phyllostomus discolor]	89673
XP_036199350.1	XP_006105977	46.847	222	394	458	53	8.22e-54	189	cyclic AMP-responsive element-binding protein 3-like protein 3 isoform X2 [Myotis lucifugus]	59463
XP_036199350.1	XP_006105976	46.847	222	394	459	53	8.49e-54	189	cyclic AMP-responsive element-binding protein 3-like protein 3 isoform X1 [Myotis lucifugus]	59463
XP_036199350.1	XP_005858849	46.847	222	394	458	53	9.33e-54	189	PREDICTED: cyclic AMP-responsive element-binding protein 3-like protein 3 isoform X3 [Myotis brandtii]	109478
XP_036199350.1	XP_014388862	46.847	222	394	458	53	9.33e-54	189	PREDICTED: cyclic AMP-responsive element-binding protein 3-like protein 3 isoform X2 [Myotis brandtii]	109478
XP_036199350.1	XP_005858848	46.847	222	394	459	53	9.34e-54	189	PREDICTED: cyclic AMP-responsive element-binding protein 3-like protein 3 isoform X1 [Myotis brandtii]	109478
XP_036199350.1	XP_036096944	51.087	184	394	458	45	1.00e-53	189	cyclic AMP-responsive element-binding protein 3-like protein 3 isoform X3 [Molossus molossus]	27622
XP_036199350.1	XP_070271920	46.396	222	394	458	53	1.16e-53	189	cyclic AMP-responsive element-binding protein 3-like protein 3 isoform X2 [Myotis yumanensis]	159337
XP_036199350.1	XP_036096942	51.087	184	394	459	45	1.20e-53	189	cyclic AMP-responsive element-binding protein 3-like protein 3 isoform X1 [Molossus molossus]	27622
XP_036199350.1	XP_054573479	47.059	221	394	553	53	1.21e-53	191	cyclic AMP-responsive element-binding protein 3-like protein 3 [Eptesicus fuscus]	29078
XP_036199350.1	XP_036096943	51.087	184	394	460	45	1.21e-53	189	cyclic AMP-responsive element-binding protein 3-like protein 3 isoform X2 [Molossus molossus]	27622
XP_036199350.1	XP_070271919	46.396	222	394	459	53	1.24e-53	189	cyclic AMP-responsive element-binding protein 3-like protein 3 isoform X1 [Myotis yumanensis]	159337
XP_036199350.1	XP_080932955	44.628	242	394	494	57	1.74e-53	189	cyclic AMP-responsive element-binding protein 3-like protein 3 isoform 1 [Rhinolophus hipposideros]	77218
XP_036199350.1	XP_019599836	55.901	161	394	458	41	3.12e-53	187	cyclic AMP-responsive element-binding protein 3-like protein 3 isoform X2 [Rhinolophus sinicus]	89399
XP_036199350.1	XP_054438806	57.516	153	394	457	39	4.90e-53	187	cyclic AMP-responsive element-binding protein 3-like protein 3 isoform X1 [Pteronotus mesoamericanus]	1884717
XP_036199350.1	XP_054438807	57.516	153	394	457	39	5.85e-53	187	cyclic AMP-responsive element-binding protein 3-like protein 3 isoform X2 [Pteronotus mesoamericanus]	1884717
XP_036199350.1	XP_074193698	55.901	161	394	494	41	1.02e-52	187	cyclic AMP-responsive element-binding protein 3-like protein 3 isoform X1 [Rhinolophus sinicus]	89399
XP_036199350.1	XP_045058741	47.449	196	394	498	41	2.11e-48	176	cyclic AMP-responsive element-binding protein 3-like protein 3 isoform X4 [Desmodus rotundus]	9430
XP_036199350.1	XP_045058740	43.810	210	394	513	41	1.39e-45	169	cyclic AMP-responsive element-binding protein 3-like protein 3 isoform X3 [Desmodus rotundus]	9430
XP_036199350.1	XP_054440652	56.863	153	394	364	38	3.02e-44	162	cyclic AMP-responsive element-binding protein 3 isoform X1 [Pteronotus mesoamericanus]	1884717
XP_036199350.1	XP_036117024	56.863	153	394	364	38	3.19e-44	161	cyclic AMP-responsive element-binding protein 3 isoform X1 [Molossus molossus]	27622
XP_036199350.1	XP_011379808	55.484	155	394	362	38	6.96e-44	160	cyclic AMP-responsive element-binding protein 3 isoform X3 [Pteropus vampyrus]	132908
XP_036199350.1	XP_011379806	55.484	155	394	362	38	6.96e-44	160	cyclic AMP-responsive element-binding protein 3 isoform X3 [Pteropus vampyrus]	132908
XP_036199350.1	XP_039731364	55.484	155	394	362	38	7.57e-44	160	cyclic AMP-responsive element-binding protein 3 isoform X4 [Pteropus medius]	143291
XP_036199350.1	XP_039731363	55.484	155	394	362	38	7.57e-44	160	cyclic AMP-responsive element-binding protein 3 isoform X4 [Pteropus medius]	143291
XP_036199350.1	XP_024905516	55.484	155	394	362	38	9.63e-44	160	cyclic AMP-responsive element-binding protein 3 isoform X3 [Pteropus alecto]	9402
XP_036199350.1	XP_006916071	55.484	155	394	362	38	9.63e-44	160	cyclic AMP-responsive element-binding protein 3 isoform X3 [Pteropus alecto]	9402
XP_036199350.1	XP_006916072	55.484	155	394	362	38	9.63e-44	160	cyclic AMP-responsive element-binding protein 3 isoform X3 [Pteropus alecto]	9402
XP_036199350.1	XP_015985775	55.484	155	394	362	38	1.25e-43	160	cyclic AMP-responsive element-binding protein 3 [Rousettus aegyptiacus]	9407
XP_036199350.1	XP_039731361	55.484	155	394	383	38	2.20e-43	160	cyclic AMP-responsive element-binding protein 3 isoform X2 [Pteropus medius]	143291
XP_036199350.1	XP_006916069	55.484	155	394	393	38	2.62e-43	160	cyclic AMP-responsive element-binding protein 3 isoform X1 [Pteropus alecto]	9402
XP_036199350.1	XP_011379804	55.484	155	394	393	38	2.78e-43	160	cyclic AMP-responsive element-binding protein 3 isoform X1 [Pteropus vampyrus]	132908
XP_036199350.1	XP_039731360	55.484	155	394	393	38	2.93e-43	160	cyclic AMP-responsive element-binding protein 3 isoform X1 [Pteropus medius]	143291
XP_036199350.1	XP_036170476	47.126	174	394	425	41	3.07e-43	160	cyclic AMP-responsive element-binding protein 3-like protein 3 isoform X4 [Myotis myotis]	51298
XP_036199350.1	XP_019518835	56.129	155	394	365	38	4.19e-43	159	PREDICTED: cyclic AMP-responsive element-binding protein 3 [Hipposideros armiger]	186990
XP_036199350.1	XP_019518834	56.129	155	394	365	38	4.19e-43	159	PREDICTED: cyclic AMP-responsive element-binding protein 3 [Hipposideros armiger]	186990
XP_036199350.1	XP_045696040	61.417	127	394	331	32	6.94e-43	157	cyclic AMP-responsive element-binding protein 3 isoform X3 [Phyllostomus hastatus]	9423
XP_036199350.1	XP_036892109	56.291	151	394	363	38	7.11e-43	158	cyclic AMP-responsive element-binding protein 3 isoform X4 [Sturnira hondurensis]	192404
XP_036199350.1	XP_016078371	55.844	154	394	361	39	8.12e-43	158	PREDICTED: cyclic AMP-responsive element-binding protein 3 [Miniopterus natalensis]	291302
XP_036199350.1	XP_036892107	56.291	151	394	387	38	8.37e-43	158	cyclic AMP-responsive element-binding protein 3 isoform X2 [Sturnira hondurensis]	192404
XP_036199350.1	XP_081008553	55.844	154	394	361	39	8.38e-43	157	cyclic AMP-responsive element-binding protein 3 isoform 1 [Miniopterus schreibersii]	9433
XP_036199350.1	XP_081008552	55.844	154	394	361	39	8.38e-43	157	cyclic AMP-responsive element-binding protein 3 isoform 1 [Miniopterus schreibersii]	9433
XP_036199350.1	XP_036892108	56.291	151	394	365	38	8.61e-43	158	cyclic AMP-responsive element-binding protein 3 isoform X3 [Sturnira hondurensis]	192404
XP_036199350.1	XP_045696039	61.417	127	394	364	32	9.44e-43	157	cyclic AMP-responsive element-binding protein 3 isoform X2 [Phyllostomus hastatus]	9423
XP_036199350.1	XP_028383864	58.696	138	394	364	35	9.44e-43	157	cyclic AMP-responsive element-binding protein 3 isoform X3 [Phyllostomus discolor]	89673
XP_036199350.1	XP_037000388	55.195	154	394	361	39	1.04e-42	157	cyclic AMP-responsive element-binding protein 3 isoform X2 [Artibeus jamaicensis]	9417
XP_036199350.1	XP_036892106	56.291	151	394	389	38	1.06e-42	158	cyclic AMP-responsive element-binding protein 3 isoform X1 [Sturnira hondurensis]	192404
XP_036199350.1	XP_080531958	47.727	176	394	377	41	1.09e-42	158	cyclic AMP-responsive element-binding protein 3-like protein 3 isoform 2 [Plecotus auritus]	61862
XP_036199350.1	XP_035877800	58.696	138	394	388	35	1.13e-42	158	cyclic AMP-responsive element-binding protein 3 isoform X2 [Phyllostomus discolor]	89673
XP_036199350.1	XP_045696038	61.417	127	394	388	32	1.32e-42	158	cyclic AMP-responsive element-binding protein 3 isoform X1 [Phyllostomus hastatus]	9423
XP_036199350.1	XP_045696037	61.417	127	394	388	32	1.32e-42	158	cyclic AMP-responsive element-binding protein 3 isoform X1 [Phyllostomus hastatus]	9423
XP_036199350.1	XP_045696036	61.417	127	394	388	32	1.32e-42	158	cyclic AMP-responsive element-binding protein 3 isoform X1 [Phyllostomus hastatus]	9423
XP_036199350.1	XP_045696035	61.417	127	394	388	32	1.32e-42	158	cyclic AMP-responsive element-binding protein 3 isoform X1 [Phyllostomus hastatus]	9423
XP_036199350.1	XP_045696034	61.417	127	394	388	32	1.32e-42	158	cyclic AMP-responsive element-binding protein 3 isoform X1 [Phyllostomus hastatus]	9423
XP_036199350.1	XP_035877799	58.696	138	394	390	35	1.47e-42	158	cyclic AMP-responsive element-binding protein 3 isoform X1 [Phyllostomus discolor]	89673
XP_036199350.1	XP_053512351	55.195	154	394	385	39	1.59e-42	157	cyclic AMP-responsive element-binding protein 3 isoform X1 [Artibeus jamaicensis]	9417
XP_036199350.1	XP_053512350	55.195	154	394	385	39	1.59e-42	157	cyclic AMP-responsive element-binding protein 3 isoform X1 [Artibeus jamaicensis]	9417
XP_036199350.1	XP_053512349	55.195	154	394	385	39	1.59e-42	157	cyclic AMP-responsive element-binding protein 3 isoform X1 [Artibeus jamaicensis]	9417
XP_036199350.1	XP_053512348	55.195	154	394	385	39	1.59e-42	157	cyclic AMP-responsive element-binding protein 3 isoform X1 [Artibeus jamaicensis]	9417
XP_036199350.1	XP_037000387	55.195	154	394	385	39	1.59e-42	157	cyclic AMP-responsive element-binding protein 3 isoform X1 [Artibeus jamaicensis]	9417
XP_036199350.1	XP_066223800	59.574	141	394	378	35	1.62e-42	157	cyclic AMP-responsive element-binding protein 3 [Saccopteryx leptura]	249018
XP_036199350.1	XP_066112891	59.574	141	394	378	35	1.64e-42	157	cyclic AMP-responsive element-binding protein 3 [Saccopteryx bilineata]	59482
XP_036199350.1	XP_036315818	46.857	175	394	425	41	6.00e-42	157	cyclic AMP-responsive element-binding protein 3-like protein 3 isoform X3 [Pipistrellus kuhlii]	59472
XP_036199350.1	XP_070271921	47.159	176	394	426	41	6.93e-42	157	cyclic AMP-responsive element-binding protein 3-like protein 3 isoform X3 [Myotis yumanensis]	159337
XP_036199350.1	XP_032977860	54.902	153	394	364	38	7.08e-42	155	cyclic AMP-responsive element-binding protein 3 [Rhinolophus ferrumequinum]	59479
XP_036199350.1	XP_080921770	54.902	153	394	364	38	9.00e-42	155	cyclic AMP-responsive element-binding protein 3 [Rhinolophus hipposideros]	77218
XP_036199350.1	XP_074186804	54.902	153	394	363	38	1.36e-41	154	cyclic AMP-responsive element-binding protein 3 [Rhinolophus sinicus]	89399
XP_036199350.1	XP_019584634	54.902	153	394	363	38	1.36e-41	154	cyclic AMP-responsive element-binding protein 3 [Rhinolophus sinicus]	89399
XP_036199350.1	XP_080525850	56.129	155	394	362	39	5.39e-41	153	cyclic AMP-responsive element-binding protein 3 isoform 3 [Plecotus auritus]	61862
XP_036199350.1	XP_036289286	55.195	154	394	358	39	8.22e-41	152	cyclic AMP-responsive element-binding protein 3 [Pipistrellus kuhlii]	59472
XP_036199350.1	XP_079646781	56.129	155	394	362	39	1.66e-40	152	cyclic AMP-responsive element-binding protein 3 isoform 1 [Cnephaeus nilssonii]	3371016
XP_036199350.1	XP_070287340	55.484	155	394	362	39	1.82e-40	151	cyclic AMP-responsive element-binding protein 3 [Myotis yumanensis]	159337
XP_036199350.1	XP_070287339	55.484	155	394	362	39	1.82e-40	151	cyclic AMP-responsive element-binding protein 3 [Myotis yumanensis]	159337
XP_036199350.1	XP_005884037	55.484	155	394	362	39	1.96e-40	151	PREDICTED: cyclic AMP-responsive element-binding protein 3 isoform X5 [Myotis brandtii]	109478
XP_036199350.1	XP_014386961	55.484	155	394	365	39	2.37e-40	151	PREDICTED: cyclic AMP-responsive element-binding protein 3 isoform X4 [Myotis brandtii]	109478
XP_036199350.1	XP_054583174	54.194	155	394	362	39	4.46e-40	150	cyclic AMP-responsive element-binding protein 3 isoform X1 [Eptesicus fuscus]	29078
XP_036199350.1	XP_054583172	54.194	155	394	362	39	4.46e-40	150	cyclic AMP-responsive element-binding protein 3 isoform X1 [Eptesicus fuscus]	29078
XP_036199350.1	XP_008140145	54.194	155	394	362	39	4.46e-40	150	cyclic AMP-responsive element-binding protein 3 isoform X1 [Eptesicus fuscus]	29078
XP_036199350.1	XP_036186332	54.839	155	394	362	39	1.46e-39	149	cyclic AMP-responsive element-binding protein 3 isoform X1 [Myotis myotis]	51298
XP_036199350.1	XP_036186331	54.839	155	394	362	39	1.46e-39	149	cyclic AMP-responsive element-binding protein 3 isoform X1 [Myotis myotis]	51298
XP_036199350.1	XP_059513301	54.839	155	394	362	39	2.53e-39	148	cyclic AMP-responsive element-binding protein 3 [Myotis daubentonii]	98922
XP_036199350.1	XP_059513300	54.839	155	394	362	39	2.53e-39	148	cyclic AMP-responsive element-binding protein 3 [Myotis daubentonii]	98922
XP_036199350.1	XP_045058738	37.805	246	394	548	41	2.70e-39	152	cyclic AMP-responsive element-binding protein 3-like protein 3 isoform X1 [Desmodus rotundus]	9430
XP_036199350.1	XP_045058739	37.805	246	394	547	41	2.81e-39	152	cyclic AMP-responsive element-binding protein 3-like protein 3 isoform X2 [Desmodus rotundus]	9430
XP_036199350.1	XP_023599796	54.839	155	394	362	39	3.02e-39	148	cyclic AMP-responsive element-binding protein 3 [Myotis lucifugus]	59463
XP_036199350.1	XP_023599795	54.839	155	394	362	39	3.02e-39	148	cyclic AMP-responsive element-binding protein 3 [Myotis lucifugus]	59463
XP_036199350.1	XP_006102772	54.839	155	394	362	39	3.02e-39	148	cyclic AMP-responsive element-binding protein 3 [Myotis lucifugus]	59463
XP_036199350.1	XP_080959679	54.194	155	394	362	39	3.35e-39	148	cyclic AMP-responsive element-binding protein 3 isoform 3 [Myotis nattereri]	109481
XP_036199350.1	XP_080959678	54.194	155	394	362	39	3.35e-39	148	cyclic AMP-responsive element-binding protein 3 isoform 3 [Myotis nattereri]	109481
XP_036199350.1	XP_054440653	54.248	153	394	356	38	1.03e-38	147	cyclic AMP-responsive element-binding protein 3 isoform X2 [Pteronotus mesoamericanus]	1884717
XP_036199350.1	XP_036117025	53.595	153	394	356	38	2.29e-37	143	cyclic AMP-responsive element-binding protein 3 isoform X2 [Molossus molossus]	27622
XP_036199350.1	XP_071077457	57.600	125	394	383	32	2.73e-37	144	cyclic AMP-responsive element-binding protein 3 isoform X2 [Desmodus rotundus]	9430
XP_036199350.1	XP_024415959	57.600	125	394	407	32	3.54e-37	144	cyclic AMP-responsive element-binding protein 3 isoform X1 [Desmodus rotundus]	9430
XP_036199350.1	XP_036892114	58.197	122	394	418	31	6.57e-37	143	cyclic AMP-responsive element-binding protein 3 isoform X6 [Sturnira hondurensis]	192404
XP_036199350.1	XP_036892112	58.197	122	394	418	31	6.57e-37	143	cyclic AMP-responsive element-binding protein 3 isoform X6 [Sturnira hondurensis]	192404
XP_036199350.1	XP_036892111	58.197	122	394	418	31	6.57e-37	143	cyclic AMP-responsive element-binding protein 3 isoform X6 [Sturnira hondurensis]	192404
XP_036199350.1	XP_036892110	58.197	122	394	420	31	6.81e-37	143	cyclic AMP-responsive element-binding protein 3 isoform X5 [Sturnira hondurensis]	192404
XP_036199350.1	XP_080525853	59.055	127	394	290	32	3.55e-36	138	cyclic AMP-responsive element-binding protein 3 isoform 5 [Plecotus auritus]	61862
XP_036199350.1	XP_080525852	59.055	127	394	290	32	3.55e-36	138	cyclic AMP-responsive element-binding protein 3 isoform 5 [Plecotus auritus]	61862
XP_036199350.1	XP_081008555	52.597	154	394	353	39	7.99e-36	139	cyclic AMP-responsive element-binding protein 3 isoform 2 [Miniopterus schreibersii]	9433
XP_036199350.1	XP_081008554	52.597	154	394	353	39	7.99e-36	139	cyclic AMP-responsive element-binding protein 3 isoform 2 [Miniopterus schreibersii]	9433
XP_036199350.1	XP_006758567	53.247	154	394	361	39	8.84e-36	139	PREDICTED: cyclic AMP-responsive element-binding protein 3 isoform X2 [Myotis davidii]	225400
XP_036199350.1	XP_015416019	53.247	154	394	364	39	1.11e-35	139	PREDICTED: cyclic AMP-responsive element-binding protein 3 isoform X1 [Myotis davidii]	225400
XP_036199350.1	XP_080525848	59.055	127	394	393	32	1.17e-35	139	cyclic AMP-responsive element-binding protein 3 isoform 1 [Plecotus auritus]	61862
XP_036199350.1	XP_014386957	58.268	127	394	396	32	3.07e-35	138	PREDICTED: cyclic AMP-responsive element-binding protein 3 isoform X1 [Myotis brandtii]	109478
XP_036199350.1	XP_014386956	58.268	127	394	396	32	3.07e-35	138	PREDICTED: cyclic AMP-responsive element-binding protein 3 isoform X1 [Myotis brandtii]	109478
XP_036199350.1	XP_014386958	58.268	127	394	393	32	3.64e-35	138	PREDICTED: cyclic AMP-responsive element-binding protein 3 isoform X2 [Myotis brandtii]	109478
XP_036199350.1	XP_080959676	56.693	127	394	393	32	3.70e-34	135	cyclic AMP-responsive element-binding protein 3 isoform 1 [Myotis nattereri]	109481
XP_036199350.1	XP_080525851	52.903	155	394	354	39	4.65e-34	134	cyclic AMP-responsive element-binding protein 3 isoform 4 [Plecotus auritus]	61862
XP_036199350.1	XP_024415961	55.556	153	394	352	38	4.66e-34	134	cyclic AMP-responsive element-binding protein 3 isoform X3 [Desmodus rotundus]	9430
XP_036199350.1	XP_079646782	51.613	155	394	354	39	1.17e-33	133	cyclic AMP-responsive element-binding protein 3 isoform 2 [Cnephaeus nilssonii]	3371016
XP_036199350.1	XP_054583173	50.968	155	394	354	39	3.07e-33	132	cyclic AMP-responsive element-binding protein 3 isoform X2 [Eptesicus fuscus]	29078
XP_036199350.1	XP_036186333	51.613	155	394	354	39	1.13e-32	130	cyclic AMP-responsive element-binding protein 3 isoform X2 [Myotis myotis]	51298
XP_036199350.1	XP_080959681	50.968	155	394	354	39	3.13e-32	129	cyclic AMP-responsive element-binding protein 3 isoform 4 [Myotis nattereri]	109481
XP_036199350.1	XP_080959680	50.968	155	394	354	39	3.13e-32	129	cyclic AMP-responsive element-binding protein 3 isoform 4 [Myotis nattereri]	109481
XP_036199350.1	XP_023380044	64.835	91	394	504	23	6.16e-32	131	cyclic AMP-responsive element-binding protein 3-like protein 3 [Pteropus vampyrus]	132908
XP_036199350.1	XP_039731362	48.387	155	394	370	38	4.77e-31	126	cyclic AMP-responsive element-binding protein 3 isoform X3 [Pteropus medius]	143291
XP_036199350.1	XP_011379805	48.387	155	394	370	38	4.82e-31	126	cyclic AMP-responsive element-binding protein 3 isoform X2 [Pteropus vampyrus]	132908
XP_036199350.1	XP_006916070	48.387	155	394	370	38	5.39e-31	126	cyclic AMP-responsive element-binding protein 3 isoform X2 [Pteropus alecto]	9402
XP_036199350.1	XP_015416020	50.649	154	394	356	39	2.40e-29	121	PREDICTED: cyclic AMP-responsive element-binding protein 3 isoform X3 [Myotis davidii]	225400
XP_036199350.1	XP_080525849	55.118	127	394	385	32	6.47e-29	121	cyclic AMP-responsive element-binding protein 3 isoform 2 [Plecotus auritus]	61862
XP_036199350.1	XP_014386960	54.331	127	394	388	32	2.28e-28	119	PREDICTED: cyclic AMP-responsive element-binding protein 3 isoform X3 [Myotis brandtii]	109478
XP_036199350.1	XP_045681351	41.808	177	394	520	41	8.46e-28	119	cyclic AMP-responsive element-binding protein 3-like protein 1 isoform X2 [Phyllostomus hastatus]	9423
XP_036199350.1	XP_035885210	41.808	177	394	548	41	8.65e-28	120	cyclic AMP-responsive element-binding protein 3-like protein 1 isoform X1 [Phyllostomus discolor]	89673
XP_036199350.1	XP_045681350	41.808	177	394	548	41	8.90e-28	120	cyclic AMP-responsive element-binding protein 3-like protein 1 isoform X1 [Phyllostomus hastatus]	9423
XP_036199350.1	XP_028371918	41.808	177	394	520	41	8.97e-28	119	cyclic AMP-responsive element-binding protein 3-like protein 1 isoform X2 [Phyllostomus discolor]	89673
XP_036199350.1	XP_023612425	38.532	218	394	486	51	1.02e-27	119	cyclic AMP-responsive element-binding protein 3-like protein 1 isoform X1 [Myotis lucifugus]	59463
XP_036199350.1	XP_066107488	41.808	177	394	492	41	1.41e-27	119	cyclic AMP-responsive element-binding protein 3-like protein 1 isoform X2 [Saccopteryx bilineata]	59482
XP_036199350.1	XP_037022155	38.426	216	394	548	51	1.66e-27	119	cyclic AMP-responsive element-binding protein 3-like protein 1 isoform X1 [Artibeus jamaicensis]	9417
XP_036199350.1	XP_037022156	41.808	177	394	520	41	1.80e-27	119	cyclic AMP-responsive element-binding protein 3-like protein 1 isoform X2 [Artibeus jamaicensis]	9417
XP_036199350.1	XP_080959677	52.756	127	394	385	32	1.89e-27	117	cyclic AMP-responsive element-binding protein 3 isoform 2 [Myotis nattereri]	109481
XP_036199350.1	XP_054443161	38.426	216	394	520	51	1.91e-27	119	cyclic AMP-responsive element-binding protein 3-like protein 1 [Pteronotus mesoamericanus]	1884717
XP_036199350.1	XP_066107487	41.808	177	394	521	41	2.00e-27	119	cyclic AMP-responsive element-binding protein 3-like protein 1 isoform X1 [Saccopteryx bilineata]	59482
XP_036199350.1	XP_036076834	41.808	177	394	474	41	2.54e-27	117	cyclic AMP-responsive element-binding protein 3-like protein 1 isoform X2 [Rousettus aegyptiacus]	9407
XP_036199350.1	XP_066218621	41.808	177	394	492	41	3.51e-27	117	cyclic AMP-responsive element-binding protein 3-like protein 1 isoform X2 [Saccopteryx leptura]	249018
XP_036199350.1	XP_024414826	38.426	216	394	548	51	3.69e-27	118	cyclic AMP-responsive element-binding protein 3-like protein 1 isoform X3 [Desmodus rotundus]	9430
XP_036199350.1	XP_024414827	41.808	177	394	520	41	3.71e-27	118	cyclic AMP-responsive element-binding protein 3-like protein 1 isoform X4 [Desmodus rotundus]	9430
XP_036199350.1	XP_016002239	41.808	177	394	520	41	3.90e-27	117	cyclic AMP-responsive element-binding protein 3-like protein 1 isoform X1 [Rousettus aegyptiacus]	9407
XP_036199350.1	XP_036883827	38.426	216	394	548	51	4.14e-27	118	cyclic AMP-responsive element-binding protein 3-like protein 1 isoform X1 [Sturnira hondurensis]	192404
XP_036199350.1	XP_036883828	41.808	177	394	520	41	4.25e-27	117	cyclic AMP-responsive element-binding protein 3-like protein 1 isoform X2 [Sturnira hondurensis]	192404
XP_036199350.1	XP_066218612	41.808	177	394	521	41	5.09e-27	117	cyclic AMP-responsive element-binding protein 3-like protein 1 isoform X1 [Saccopteryx leptura]	249018
XP_036199350.1	XP_014398829	37.963	216	394	474	51	5.61e-27	117	PREDICTED: cyclic AMP-responsive element-binding protein 3-like protein 1 isoform X1 [Myotis brandtii]	109478
XP_036199350.1	XP_036283072	41.243	177	394	441	41	6.71e-27	116	cyclic AMP-responsive element-binding protein 3-like protein 1 isoform X2 [Pipistrellus kuhlii]	59472
XP_036199350.1	XP_015425013	37.963	216	394	474	51	7.09e-27	116	PREDICTED: cyclic AMP-responsive element-binding protein 3-like protein 1 [Myotis davidii]	225400
XP_036199350.1	XP_014314086	37.963	216	394	474	51	7.16e-27	116	cyclic AMP-responsive element-binding protein 3-like protein 1 isoform X2 [Myotis lucifugus]	59463
XP_036199350.1	XP_016059538	41.243	177	394	520	41	8.11e-27	117	PREDICTED: cyclic AMP-responsive element-binding protein 3-like protein 1 [Miniopterus natalensis]	291302
XP_036199350.1	XP_081008717	41.243	177	394	520	41	8.43e-27	117	cyclic AMP-responsive element-binding protein 3-like protein 1 [Miniopterus schreibersii]	9433
XP_036199350.1	XP_059565512	41.243	177	394	441	41	8.66e-27	115	cyclic AMP-responsive element-binding protein 3-like protein 1 isoform X2 [Myotis daubentonii]	98922
XP_036199350.1	XP_036283071	41.243	177	394	520	41	9.10e-27	117	cyclic AMP-responsive element-binding protein 3-like protein 1 isoform X1 [Pipistrellus kuhlii]	59472
XP_036199350.1	XP_070283989	37.963	216	394	520	51	1.15e-26	116	cyclic AMP-responsive element-binding protein 3-like protein 1 [Myotis yumanensis]	159337
XP_036199350.1	XP_008144991	41.243	177	394	520	41	1.20e-26	116	cyclic AMP-responsive element-binding protein 3-like protein 1 [Eptesicus fuscus]	29078
XP_036199350.1	XP_080496938	37.963	216	394	520	51	1.20e-26	116	cyclic AMP-responsive element-binding protein 3-like protein 1 [Plecotus auritus]	61862
XP_036199350.1	XP_059565511	37.963	216	394	520	51	1.22e-26	116	cyclic AMP-responsive element-binding protein 3-like protein 1 isoform X1 [Myotis daubentonii]	98922
XP_036199350.1	XP_080955474	37.963	216	394	520	51	1.29e-26	116	cyclic AMP-responsive element-binding protein 3-like protein 1 [Myotis nattereri]	109481
XP_036199350.1	XP_036181966	37.963	216	394	520	51	1.30e-26	116	cyclic AMP-responsive element-binding protein 3-like protein 1 [Myotis myotis]	51298
XP_036199350.1	XP_039724066	41.243	177	394	473	41	1.44e-26	115	cyclic AMP-responsive element-binding protein 3-like protein 1 isoform X2 [Pteropus medius]	143291
XP_036199350.1	XP_024899901	41.243	177	394	473	41	1.70e-26	115	cyclic AMP-responsive element-binding protein 3-like protein 1 isoform X2 [Pteropus alecto]	9402
XP_036199350.1	XP_039724057	41.243	177	394	519	41	2.21e-26	115	cyclic AMP-responsive element-binding protein 3-like protein 1 isoform X1 [Pteropus medius]	143291
XP_036199350.1	XP_006908134	41.243	177	394	519	41	2.48e-26	115	cyclic AMP-responsive element-binding protein 3-like protein 1 isoform X1 [Pteropus alecto]	9402
XP_036199350.1	XP_019599098	40.678	177	394	520	41	2.78e-26	115	cyclic AMP-responsive element-binding protein 3-like protein 1 [Rhinolophus sinicus]	89399
XP_036199350.1	XP_036114844	37.963	216	394	520	51	3.50e-26	115	cyclic AMP-responsive element-binding protein 3-like protein 1 [Molossus molossus]	27622
XP_036199350.1	XP_032977782	40.678	177	394	520	41	3.85e-26	115	cyclic AMP-responsive element-binding protein 3-like protein 1 [Rhinolophus ferrumequinum]	59479
XP_036199350.1	XP_019512024	37.500	216	394	473	51	4.00e-26	114	PREDICTED: cyclic AMP-responsive element-binding protein 3-like protein 1 isoform X2 [Hipposideros armiger]	186990
XP_036199350.1	XP_080919234	40.678	177	394	519	41	4.13e-26	115	cyclic AMP-responsive element-binding protein 3-like protein 1 [Rhinolophus hipposideros]	77218
XP_036199350.1	XP_019512023	40.678	177	394	519	41	6.43e-26	114	PREDICTED: cyclic AMP-responsive element-binding protein 3-like protein 1 isoform X1 [Hipposideros armiger]	186990
XP_036199350.1	XP_079645639	41.279	172	394	520	40	1.62e-24	110	LOW QUALITY PROTEIN: cyclic AMP-responsive element-binding protein 3-like protein 1 [Cnephaeus nilssonii]	3371016
XP_036199350.1	XP_023384510	46.763	139	394	374	32	2.17e-24	108	cyclic AMP-responsive element-binding protein 3-like protein 1 isoform X2 [Pteropus vampyrus]	132908
XP_036199350.1	XP_011355334	46.763	139	394	439	32	3.13e-24	108	cyclic AMP-responsive element-binding protein 3-like protein 1 isoform X1 [Pteropus vampyrus]	132908
XP_036199350.1	XP_014398830	46.763	139	394	388	32	3.17e-24	108	PREDICTED: cyclic AMP-responsive element-binding protein 3-like protein 1 isoform X2 [Myotis brandtii]	109478
XP_036199350.1	XP_053781318	41.573	178	394	577	42	4.23e-24	109	cyclic AMP-responsive element-binding protein 3-like protein 1 isoform X1 [Desmodus rotundus]	9430
XP_036199350.1	XP_053781319	46.763	139	394	549	32	5.03e-24	108	cyclic AMP-responsive element-binding protein 3-like protein 1 isoform X2 [Desmodus rotundus]	9430
XP_036199350.1	XP_015441941	46.763	139	394	469	32	6.29e-24	108	cyclic AMP-responsive element-binding protein 3-like protein 1 isoform X3 [Pteropus alecto]	9402
XP_036199350.1	XP_011357805	41.765	170	394	519	40	1.18e-21	102	cyclic AMP-responsive element-binding protein 3-like protein 2 [Pteropus vampyrus]	132908
XP_036199350.1	XP_066118475	40.488	205	394	520	47	4.96e-20	97.1	cyclic AMP-responsive element-binding protein 3-like protein 2 isoform X2 [Saccopteryx bilineata]	59482
XP_036199350.1	XP_066118474	40.488	205	394	533	47	5.79e-20	97.1	cyclic AMP-responsive element-binding protein 3-like protein 2 isoform X1 [Saccopteryx bilineata]	59482
XP_036199350.1	XP_036283943	39.698	199	394	582	45	1.29e-19	96.3	cyclic AMP-responsive element-binding protein 3-like protein 2 isoform X2 [Pipistrellus kuhlii]	59472
XP_036199350.1	XP_036283932	39.698	199	394	520	45	1.36e-19	95.9	cyclic AMP-responsive element-binding protein 3-like protein 2 isoform X1 [Pipistrellus kuhlii]	59472
XP_036199350.1	XP_036103384	39.906	213	394	517	50	1.41e-19	95.9	cyclic AMP-responsive element-binding protein 3-like protein 2 [Molossus molossus]	27622
XP_036199350.1	XP_036905017	40.000	200	394	520	45	1.47e-19	95.9	cyclic AMP-responsive element-binding protein 3-like protein 2 [Sturnira hondurensis]	192404
XP_036199350.1	XP_066218895	43.023	172	394	521	40	1.52e-19	95.9	cyclic AMP-responsive element-binding protein 3-like protein 2 [Saccopteryx leptura]	249018
XP_036199350.1	XP_059567883	40.933	193	394	520	44	2.25e-19	95.1	cyclic AMP-responsive element-binding protein 3-like protein 2 [Myotis daubentonii]	98922
XP_036199350.1	XP_019508818	39.409	203	394	493	47	2.54e-19	95.1	PREDICTED: cyclic AMP-responsive element-binding protein 3-like protein 2 isoform X2 [Hipposideros armiger]	186990
XP_036199350.1	XP_070280082	40.104	192	394	457	44	2.57e-19	94.7	cyclic AMP-responsive element-binding protein 3-like protein 2 isoform X2 [Myotis yumanensis]	159337
XP_036199350.1	XP_053512597	40.000	200	394	520	45	3.06e-19	94.7	cyclic AMP-responsive element-binding protein 3-like protein 2 [Artibeus jamaicensis]	9417
XP_036199350.1	XP_015416725	40.104	192	394	457	44	3.12e-19	94.4	PREDICTED: cyclic AMP-responsive element-binding protein 3-like protein 2 isoform X2 [Myotis davidii]	225400
XP_036199350.1	XP_070280081	40.104	192	394	520	44	3.14e-19	94.7	cyclic AMP-responsive element-binding protein 3-like protein 2 isoform X1 [Myotis yumanensis]	159337
XP_036199350.1	XP_005882562	40.104	192	394	577	44	3.48e-19	94.7	PREDICTED: cyclic AMP-responsive element-binding protein 3-like protein 2 [Myotis brandtii]	109478
XP_036199350.1	XP_045047047	40.500	200	394	488	45	3.54e-19	94.4	cyclic AMP-responsive element-binding protein 3-like protein 2 isoform X3 [Desmodus rotundus]	9430
XP_036199350.1	XP_045047046	40.500	200	394	488	45	3.54e-19	94.4	cyclic AMP-responsive element-binding protein 3-like protein 2 isoform X3 [Desmodus rotundus]	9430
XP_036199350.1	XP_045047045	40.500	200	394	488	45	3.54e-19	94.4	cyclic AMP-responsive element-binding protein 3-like protein 2 isoform X3 [Desmodus rotundus]	9430
XP_036199350.1	XP_080958427	40.104	192	394	520	44	4.22e-19	94.4	cyclic AMP-responsive element-binding protein 3-like protein 2 [Myotis nattereri]	109481
XP_036199350.1	XP_008148715	40.104	192	394	520	44	4.26e-19	94.4	cyclic AMP-responsive element-binding protein 3-like protein 2 [Eptesicus fuscus]	29078
XP_036199350.1	XP_006088367	40.104	192	394	520	44	4.26e-19	94.4	cyclic AMP-responsive element-binding protein 3-like protein 2 [Myotis lucifugus]	59463
XP_036199350.1	XP_080520192	40.104	192	394	520	44	4.26e-19	94.4	cyclic AMP-responsive element-binding protein 3-like protein 2 [Plecotus auritus]	61862
XP_036199350.1	XP_079642332	40.104	192	394	520	44	4.26e-19	94.4	cyclic AMP-responsive element-binding protein 3-like protein 2 [Cnephaeus nilssonii]	3371016
XP_036199350.1	XP_006759640	40.104	192	394	520	44	4.30e-19	94.4	PREDICTED: cyclic AMP-responsive element-binding protein 3-like protein 2 isoform X1 [Myotis davidii]	225400
XP_036199350.1	XP_036184460	40.104	192	394	520	44	4.34e-19	94.4	cyclic AMP-responsive element-binding protein 3-like protein 2 [Myotis myotis]	51298
XP_036199350.1	XP_016077413	39.070	215	394	457	50	4.50e-19	94.0	PREDICTED: cyclic AMP-responsive element-binding protein 3-like protein 2 isoform X2 [Miniopterus natalensis]	291302
XP_036199350.1	XP_045047044	40.500	200	394	551	45	4.79e-19	94.4	cyclic AMP-responsive element-binding protein 3-like protein 2 isoform X1 [Desmodus rotundus]	9430
XP_036199350.1	XP_024410781	40.500	200	394	520	45	5.52e-19	94.0	cyclic AMP-responsive element-binding protein 3-like protein 2 isoform X2 [Desmodus rotundus]	9430
XP_036199350.1	XP_016077407	39.070	215	394	520	50	5.73e-19	94.0	PREDICTED: cyclic AMP-responsive element-binding protein 3-like protein 2 isoform X1 [Miniopterus natalensis]	291302
XP_036199350.1	XP_081003933	39.070	215	394	520	50	5.78e-19	94.0	cyclic AMP-responsive element-binding protein 3-like protein 2 [Miniopterus schreibersii]	9433
XP_036199350.1	XP_035866836	39.698	199	394	458	45	5.83e-19	93.6	cyclic AMP-responsive element-binding protein 3-like protein 2 isoform X2 [Phyllostomus discolor]	89673
XP_036199350.1	XP_054419857	39.698	199	394	457	45	7.05e-19	93.6	cyclic AMP-responsive element-binding protein 3-like protein 2 isoform X2 [Pteronotus mesoamericanus]	1884717
XP_036199350.1	XP_028381966	39.698	199	394	521	45	7.24e-19	93.6	cyclic AMP-responsive element-binding protein 3-like protein 2 isoform X1 [Phyllostomus discolor]	89673
XP_036199350.1	XP_019508820	40.104	192	394	457	44	8.99e-19	93.2	PREDICTED: cyclic AMP-responsive element-binding protein 3-like protein 2 isoform X3 [Hipposideros armiger]	186990
XP_036199350.1	XP_019508819	40.104	192	394	457	44	8.99e-19	93.2	PREDICTED: cyclic AMP-responsive element-binding protein 3-like protein 2 isoform X3 [Hipposideros armiger]	186990
XP_036199350.1	XP_019508817	40.104	192	394	520	44	9.18e-19	93.6	PREDICTED: cyclic AMP-responsive element-binding protein 3-like protein 2 isoform X1 [Hipposideros armiger]	186990
XP_036199350.1	XP_054419856	39.698	199	394	520	45	9.44e-19	93.2	cyclic AMP-responsive element-binding protein 3-like protein 2 isoform X1 [Pteronotus mesoamericanus]	1884717
XP_036199350.1	XP_080894891	41.520	171	394	457	40	1.04e-18	92.8	cyclic AMP-responsive element-binding protein 3-like protein 2 isoform 4 [Rhinolophus hipposideros]	77218
XP_036199350.1	XP_019606136	41.520	171	394	457	40	1.25e-18	92.8	cyclic AMP-responsive element-binding protein 3-like protein 2 isoform X3 [Rhinolophus sinicus]	89399
XP_036199350.1	XP_019606124	41.520	171	394	457	40	1.25e-18	92.8	cyclic AMP-responsive element-binding protein 3-like protein 2 isoform X3 [Rhinolophus sinicus]	89399
XP_036199350.1	XP_019606130	41.520	171	394	457	40	1.25e-18	92.8	cyclic AMP-responsive element-binding protein 3-like protein 2 isoform X3 [Rhinolophus sinicus]	89399
XP_036199350.1	XP_015443841	41.520	171	394	457	40	1.34e-18	92.4	cyclic AMP-responsive element-binding protein 3-like protein 2 isoform X2 [Pteropus alecto]	9402
XP_036199350.1	XP_015443840	41.520	171	394	457	40	1.34e-18	92.4	cyclic AMP-responsive element-binding protein 3-like protein 2 isoform X2 [Pteropus alecto]	9402
XP_036199350.1	XP_036086743	41.520	171	394	457	40	1.37e-18	92.4	cyclic AMP-responsive element-binding protein 3-like protein 2 isoform X3 [Rousettus aegyptiacus]	9407
XP_036199350.1	XP_039716771	41.520	171	394	457	40	1.37e-18	92.4	LOW QUALITY PROTEIN: cyclic AMP-responsive element-binding protein 3-like protein 2 [Pteropus medius]	143291
XP_036199350.1	XP_080894889	41.520	171	394	498	40	1.74e-18	92.4	cyclic AMP-responsive element-binding protein 3-like protein 2 isoform 2 [Rhinolophus hipposideros]	77218
XP_036199350.1	XP_032954685	41.520	171	394	457	40	1.81e-18	92.0	cyclic AMP-responsive element-binding protein 3-like protein 2 isoform X2 [Rhinolophus ferrumequinum]	59479
XP_036199350.1	XP_032954684	41.520	171	394	457	40	1.81e-18	92.0	cyclic AMP-responsive element-binding protein 3-like protein 2 isoform X2 [Rhinolophus ferrumequinum]	59479
XP_036199350.1	XP_032954683	41.520	171	394	457	40	1.81e-18	92.0	cyclic AMP-responsive element-binding protein 3-like protein 2 isoform X2 [Rhinolophus ferrumequinum]	59479
XP_036199350.1	XP_080894888	41.520	171	394	520	40	1.82e-18	92.4	cyclic AMP-responsive element-binding protein 3-like protein 2 isoform 1 [Rhinolophus hipposideros]	77218
XP_036199350.1	XP_019606117	41.520	171	394	520	40	2.03e-18	92.4	cyclic AMP-responsive element-binding protein 3-like protein 2 isoform X1 [Rhinolophus sinicus]	89399
XP_036199350.1	XP_019606123	41.520	171	394	513	40	2.14e-18	92.4	cyclic AMP-responsive element-binding protein 3-like protein 2 isoform X2 [Rhinolophus sinicus]	89399
XP_036199350.1	XP_036086742	41.520	171	394	557	40	2.19e-18	92.4	cyclic AMP-responsive element-binding protein 3-like protein 2 isoform X1 [Rousettus aegyptiacus]	9407
XP_036199350.1	XP_006910551	41.520	171	394	520	40	2.33e-18	92.0	cyclic AMP-responsive element-binding protein 3-like protein 2 isoform X1 [Pteropus alecto]	9402
XP_036199350.1	XP_045711502	40.936	171	394	458	40	2.39e-18	91.7	cyclic AMP-responsive element-binding protein 3-like protein 2 isoform X2 [Phyllostomus hastatus]	9423
XP_036199350.1	XP_045711501	40.936	171	394	458	40	2.39e-18	91.7	cyclic AMP-responsive element-binding protein 3-like protein 2 isoform X2 [Phyllostomus hastatus]	9423
XP_036199350.1	XP_045711500	40.936	171	394	458	40	2.39e-18	91.7	cyclic AMP-responsive element-binding protein 3-like protein 2 isoform X2 [Phyllostomus hastatus]	9423
XP_036199350.1	XP_015978360	41.520	171	394	520	40	2.46e-18	92.0	cyclic AMP-responsive element-binding protein 3-like protein 2 isoform X2 [Rousettus aegyptiacus]	9407
XP_036199350.1	XP_032954682	41.520	171	394	520	40	3.02e-18	92.0	cyclic AMP-responsive element-binding protein 3-like protein 2 isoform X1 [Rhinolophus ferrumequinum]	59479
XP_036199350.1	XP_045711498	40.936	171	394	521	40	3.14e-18	91.7	cyclic AMP-responsive element-binding protein 3-like protein 2 isoform X1 [Phyllostomus hastatus]	9423
