YP_009231400.1	YP_009231400	100.000	459	459	459	100	0.0	905	NADH dehydrogenase subunit 4 (mitochondrion) [Myotis myotis]	51298
YP_009231400.1	YP_008757933	94.771	459	459	459	100	0.0	840	NADH dehydrogenase subunit 4 (mitochondrion) [Myotis ikonnikovi]	155915
YP_009231400.1	YP_010268951	95.425	459	459	459	100	0.0	839	NADH dehydrogenase subunit 4 (mitochondrion) [Myotis davidii]	225400
YP_009231400.1	YP_009442673	93.682	459	459	459	100	0.0	839	NADH dehydrogenase subunit 4 (mitochondrion) [Myotis yumanensis]	159337
YP_009231400.1	YP_009442582	93.900	459	459	459	100	0.0	838	NADH dehydrogenase subunit 4 (mitochondrion) [Myotis dominicensis]	159325
YP_009231400.1	YP_009107221	94.553	459	459	459	100	0.0	836	NADH dehydrogenase subunit 4 (mitochondrion) [Myotis davidii]	225400
YP_009231400.1	YP_010449637	93.464	459	459	459	100	0.0	833	NADH dehydrogenase subunit 4 (mitochondrion) [Submyotodon moupinensis]	2783555
YP_009231400.1	YP_009442777	92.810	459	459	459	100	0.0	830	NADH dehydrogenase subunit 4 (mitochondrion) [Myotis albescens]	159322
YP_009231400.1	YP_009589344	94.336	459	459	459	100	0.0	829	NADH dehydrogenase subunit 4 (mitochondrion) [Myotis frater]	187012
YP_009231400.1	YP_009442699	93.028	459	459	459	100	0.0	829	NADH dehydrogenase subunit 4 (mitochondrion) [Myotis leibii]	27668
YP_009231400.1	YP_009442660	93.028	459	459	459	100	0.0	828	NADH dehydrogenase subunit 4 (mitochondrion) [Myotis nigricans]	153286
YP_009231400.1	YP_009092852	93.246	459	459	459	100	0.0	828	NADH dehydrogenase subunit 4 (mitochondrion) [Myotis brandtii]	109478
YP_009231400.1	YP_009351946	93.682	459	459	459	100	0.0	828	NADH dehydrogenase subunit 4 (mitochondrion) [Myotis bechsteinii]	59462
YP_009231400.1	YP_009442647	93.028	459	459	459	100	0.0	828	NADH dehydrogenase subunit 4 (mitochondrion) [Myotis riparius]	124752
YP_009231400.1	YP_009442595	92.375	459	459	459	100	0.0	827	NADH dehydrogenase subunit 4 (mitochondrion) [Myotis evotis]	257883
YP_009231400.1	YP_009442621	93.028	459	459	459	100	0.0	826	NADH dehydrogenase subunit 4 (mitochondrion) [Myotis ruber]	159333
YP_009231400.1	YP_009442608	92.375	459	459	459	100	0.0	825	NADH dehydrogenase subunit 4 (mitochondrion) [Myotis keaysi]	159327
YP_009231400.1	YP_009442634	93.028	459	459	459	100	0.0	825	NADH dehydrogenase subunit 4 (mitochondrion) [Myotis oxyotus]	159332
YP_009231400.1	YP_009442725	92.157	459	459	459	100	0.0	825	NADH dehydrogenase subunit 4 (mitochondrion) [Myotis thysanodes]	153287
YP_009231400.1	YP_010117579	94.989	459	459	459	100	0.0	822	NADH dehydrogenase subunit 4 (mitochondrion) [Myotis pilosus]	203696
YP_009231400.1	YP_009442751	91.721	459	459	459	100	0.0	820	NADH dehydrogenase subunit 4 (mitochondrion) [Myotis horsfieldii]	138977
YP_009231400.1	YP_010133429	94.118	459	459	459	100	0.0	817	NADH dehydrogenase subunit 4 (mitochondrion) [Myotis petax]	526407
YP_009231400.1	YP_009442764	91.503	459	459	459	100	0.0	815	NADH dehydrogenase subunit 4 (mitochondrion) [Myotis volans]	159335
YP_009231400.1	YP_009442790	91.285	459	459	459	100	0.0	815	NADH dehydrogenase subunit 4 (mitochondrion) [Myotis martiniquensis]	385035
YP_009231400.1	YP_009243542	93.246	459	459	459	100	0.0	812	NADH dehydrogenase subunit 4 (mitochondrion) [Myotis lucifugus]	59463
YP_009231400.1	YP_005255237	88.017	459	459	459	100	0.0	811	NADH dehydrogenase subunit 4 (mitochondrion) [Lasiurus borealis]	258930
YP_009231400.1	YP_008757881	94.336	459	459	459	100	0.0	811	NADH dehydrogenase subunit 4 (mitochondrion) [Myotis macrodactylus]	187014
YP_009231400.1	YP_009234309	94.336	459	459	459	100	0.0	809	NADH dehydrogenase subunit 4 (mitochondrion) [Myotis muricola]	159330
YP_009231400.1	YP_009442738	94.336	459	459	459	100	0.0	809	NADH dehydrogenase subunit 4 (mitochondrion) [Myotis atacamensis]	384633
YP_009231400.1	YP_010965077	90.850	459	459	459	100	0.0	808	NADH dehydrogenase subunit 4 (mitochondrion) [Rhogeessa genowaysi]	433358
YP_009231400.1	YP_004734064	93.900	459	459	459	100	0.0	808	NADH dehydrogenase subunit 4 (mitochondrion) [Myotis formosus]	225401
YP_009231400.1	YP_009906154	92.157	459	459	459	100	0.0	807	NADH dehydrogenase subunit 4 (mitochondrion) [Myotis septentrionalis]	258941
YP_009231400.1	YP_009442686	91.939	459	459	459	100	0.0	806	NADH dehydrogenase subunit 4 (mitochondrion) [Myotis auriculus]	321263
YP_009231400.1	YP_010960241	93.464	459	459	459	100	0.0	805	NADH dehydrogenase subunit 4 (mitochondrion) [Baeodon alleni]	153295
YP_009231400.1	YP_009231348	93.682	459	459	459	100	0.0	804	NADH dehydrogenase subunit 4 (mitochondrion) [Myotis bombinus]	392318
YP_009231400.1	YP_010944647	90.196	459	459	459	100	0.0	803	NADH dehydrogenase subunit 4 (mitochondrion) [Rhogeessa aenea]	2933650
YP_009231400.1	YP_010944634	90.196	459	459	459	100	0.0	802	NADH dehydrogenase subunit 4 (mitochondrion) [Rhogeessa parvula]	153298
YP_009231400.1	YP_010148071	89.325	459	459	459	100	0.0	793	NADH dehydrogenase subunit 4 (mitochondrion) [Eudiscopus denticulus]	633651
YP_009231400.1	YP_010965064	89.107	459	459	459	100	0.0	791	NADH dehydrogenase subunit 4 (mitochondrion) [Rhogeessa mira]	258949
YP_009231400.1	YP_009338579	88.017	459	459	459	100	0.0	777	NADH dehydrogenase subunit 4 (mitochondrion) [Vespertilio murinus]	59485
YP_009231400.1	YP_005255224	83.878	459	459	459	100	0.0	775	NADH dehydrogenase subunit 4 (mitochondrion) [Corynorhinus rafinesquii]	27674
YP_009231400.1	YP_009943238	84.902	457	459	459	99	0.0	774	NADH dehydrogenase subunit 4 (mitochondrion) [Lasionycteris noctivagans]	27667
YP_009231400.1	YP_011102447	83.442	459	459	459	100	0.0	771	NAD4 (mitochondrion) [Corynorhinus mexicanus]	712049
YP_009231400.1	YP_009564182	85.403	459	459	459	100	0.0	767	NADH dehydrogenase subunit 4 (mitochondrion) [Nyctalus plancyi]	375553
YP_009231400.1	NP_071693	86.928	459	459	459	100	0.0	766	NADH dehydrogenase subunit 4 (mitochondrion) [Chalinolobus tuberculatus]	143942
YP_009231400.1	YP_009228278	86.275	459	459	459	100	0.0	766	NADH dehydrogenase subunit 4 (mitochondrion) [Pipistrellus coromandra]	258946
YP_009231400.1	YP_010305164	86.275	459	459	459	100	0.0	766	NADH dehydrogenase subunit 4 (mitochondrion) [Kerivoula papillosa]	59455
YP_009231400.1	YP_009144148	85.185	459	459	459	100	0.0	765	NADH dehydrogenase subunit 4 (mitochondrion) [Nyctalus noctula]	51300
YP_009231400.1	NP_976135	85.652	460	459	460	100	0.0	760	NADH dehydrogenase subunit 4 (mitochondrion) [Pipistrellus abramus]	105295
YP_009231400.1	YP_007890336	85.403	459	459	459	100	0.0	760	NADH dehydrogenase subunit 4 (mitochondrion) [Murina ussuriensis]	187021
YP_009231400.1	YP_010455565	82.353	459	459	459	100	0.0	759	NADH dehydrogenase subunit 4 (mitochondrion) [Micronycteris hirsuta]	148065
YP_009231400.1	YP_010248101	86.057	459	459	459	100	0.0	757	NADH dehydrogenase subunit 4 (mitochondrion) [Nyctalus aviator]	187010
YP_009231400.1	YP_004425107	84.967	459	459	459	100	0.0	756	NADH dehydrogenase subunit 4 (mitochondrion) [Plecotus auritus]	61862
YP_009231400.1	YP_009167290	84.314	459	459	459	100	0.0	755	NADH dehydrogenase subunit 4 (mitochondrion) [Plecotus macrobullaris]	242915
YP_009231400.1	YP_009754733	81.917	459	459	459	100	0.0	755	NADH dehydrogenase subunit 4 (mitochondrion) [Hypsignathus monstrosus]	448084
YP_009231400.1	YP_010305190	86.492	459	459	459	100	0.0	754	NADH dehydrogenase subunit 4 (mitochondrion) [Kerivoula minuta]	685729
YP_009231400.1	YP_008578371	81.917	459	459	459	100	0.0	753	NADH dehydrogenase subunit 4 (mitochondrion) [Micronycteris megalotis]	148066
YP_009231400.1	NP_068791	83.224	459	459	459	100	0.0	752	NADH dehydrogenase subunit 4 (mitochondrion) [Pteropus dasymallus]	126282
YP_009231400.1	YP_009754863	81.699	459	459	459	100	0.0	751	NADH dehydrogenase subunit 4 (mitochondrion) [Nanonycteris veldkampii]	498220
YP_009231400.1	YP_008965263	82.789	459	459	459	100	0.0	751	NADH dehydrogenase subunit 4 (mitochondrion) [Pteropus alecto]	9402
YP_009231400.1	YP_009754798	81.481	459	459	459	100	0.0	750	NADH dehydrogenase subunit 4 (mitochondrion) [Epomophorus pusillus]	2853157
YP_009231400.1	YP_009122661	83.007	459	459	459	100	0.0	750	NADH dehydrogenase subunit 4 (mitochondrion) [Pteropus vampyrus]	132908
YP_009231400.1	YP_009754876	81.481	459	459	459	100	0.0	749	NADH dehydrogenase subunit 4 (mitochondrion) [Nyctimene cephalotes]	170209
YP_009231400.1	NP_071651	82.789	459	459	459	100	0.0	749	NADH dehydrogenase subunit 4 (mitochondrion) [Pteropus scapulatus]	94117
YP_009231400.1	YP_220702	83.660	459	459	459	100	0.0	748	NADH dehydrogenase subunit 4 (mitochondrion) [Mystacina tuberculata]	94961
YP_009231400.1	YP_009754720	81.264	459	459	459	100	0.0	748	NADH dehydrogenase subunit 4 (mitochondrion) [Epomops franqueti]	77231
YP_009231400.1	YP_009232305	81.481	459	459	459	100	0.0	748	NADH dehydrogenase subunit 4 (mitochondrion) [Epomophorus gambianus]	372077
YP_009231400.1	YP_009754681	81.481	459	459	459	100	0.0	748	NADH dehydrogenase subunit 4 (mitochondrion) [Epomophorus minor]	302407
YP_009231400.1	YP_009754668	81.481	459	459	459	100	0.0	748	NADH dehydrogenase subunit 4 (mitochondrion) [Epomophorus minor]	302407
YP_009231400.1	YP_313614	81.917	459	459	459	100	0.0	747	NADH dehydrogenase subunit 4 (mitochondrion) [Rousettus aegyptiacus]	9407
YP_009231400.1	YP_009754694	81.046	459	459	459	100	0.0	747	NADH dehydrogenase subunit 4 (mitochondrion) [Epomops buettikoferi]	1410044
YP_009231400.1	YP_009754902	82.571	459	459	459	100	0.0	747	NADH dehydrogenase subunit 4 (mitochondrion) [Pteropus ornatus]	170227
YP_009231400.1	YP_009754928	82.135	459	459	459	100	0.0	746	NADH dehydrogenase subunit 4 (mitochondrion) [Rousettus madagascariensis]	77223
YP_009231400.1	YP_009754642	81.264	459	459	459	100	0.0	746	NADH dehydrogenase subunit 4 (mitochondrion) [Epomophorus labiatus]	903567
YP_009231400.1	YP_009755006	81.046	459	459	459	100	0.0	746	NADH dehydrogenase subunit 4 (mitochondrion) [Stenonycteris lanosa]	3370833
YP_009231400.1	YP_009112378	84.816	461	459	461	100	0.0	746	NADH dehydrogenase subunit 4 (mitochondrion) [Murina leucogaster]	187017
YP_009231400.1	YP_009754629	81.264	459	459	459	100	0.0	746	NADH dehydrogenase subunit 4 (mitochondrion) [Epomophorus crypturus]	59450
YP_009231400.1	YP_009246599	86.710	459	459	459	100	0.0	745	NADH dehydrogenase subunit 4 (mitochondrion) [Hypsugo alaschanicus]	999321
YP_009231400.1	YP_010611028	86.057	459	459	459	100	0.0	745	NADH dehydrogenase subunit 4 (mitochondrion) [Histiotus macrotus]	258919
YP_009231400.1	YP_009338727	81.046	459	459	459	100	0.0	744	NADH dehydrogenase subunit 4 (mitochondrion) [Pteronotus personatus]	118856
YP_009231400.1	YP_009754941	81.481	459	459	459	100	0.0	743	NADH dehydrogenase subunit 4 (mitochondrion) [Rousettus obliviosus]	705079
YP_009231400.1	YP_008578449	80.828	459	459	459	100	0.0	743	NADH dehydrogenase subunit 4 (mitochondrion) [Pteronotus rubiginosus]	280976
YP_009231400.1	YP_009754655	80.828	459	459	459	100	0.0	742	NADH dehydrogenase subunit 4 (mitochondrion) [Epomophorus wahlbergi]	58067
YP_009231400.1	YP_009754915	81.481	459	459	459	100	0.0	742	NADH dehydrogenase subunit 4 (mitochondrion) [Rousettus leschenaultii]	9408
YP_009231400.1	YP_010976678	85.621	459	459	459	100	0.0	741	NADH dehydrogenase subunit 4 (mitochondrion) [Cnephaeus nilssonii]	3371016
YP_009231400.1	YP_010611015	86.057	459	459	459	100	0.0	741	NADH dehydrogenase subunit 4 (mitochondrion) [Cnephaeus bottae]	3371009
YP_009231400.1	YP_004935088	80.610	459	459	459	100	0.0	740	NADH dehydrogenase subunit 4 (mitochondrion) [Rhinolophus ferrumequinum korai]	1077283
YP_009231400.1	YP_009754837	80.828	459	459	459	100	0.0	740	NADH dehydrogenase subunit 4 (mitochondrion) [Myonycteris relicta]	77242
YP_009231400.1	YP_009754824	80.610	459	459	459	100	0.0	740	NADH dehydrogenase subunit 4 (mitochondrion) [Myonycteris leptodon]	1245035
YP_009231400.1	YP_006665742	80.174	459	459	459	100	0.0	740	NADH dehydrogenase subunit 4 (mitochondrion) [Rhinolophus luctus]	337453
YP_009231400.1	YP_007474930	80.610	459	459	459	100	0.0	740	NADH dehydrogenase subunit 4 (mitochondrion) [Rhinolophus ferrumequinum quelpartis]	1203030
YP_009231400.1	YP_009754850	80.392	459	459	459	100	0.0	740	NADH dehydrogenase subunit 4 (mitochondrion) [Myonycteris torquata]	77243
YP_009231400.1	YP_009754603	82.135	459	459	459	100	0.0	739	NADH dehydrogenase subunit 4 (mitochondrion) [Eidolon helvum]	77214
YP_009231400.1	YP_009754707	80.610	459	459	459	100	0.0	739	NADH dehydrogenase subunit 4 (mitochondrion) [Epomophorus dobsonii]	3369967
YP_009231400.1	YP_009754772	80.174	459	459	459	100	0.0	739	NADH dehydrogenase subunit 4 (mitochondrion) [Megaloglossus azagnyi]	1245032
YP_009231400.1	YP_009048537	87.800	459	459	459	100	0.0	739	NADH dehydrogenase subunit 4 (mitochondrion) [Vespertilio sinensis]	105273
YP_009231400.1	YP_009754811	80.392	459	459	459	100	0.0	739	NADH dehydrogenase subunit 4 (mitochondrion) [Myonycteris angolensis]	58071
YP_009231400.1	YP_009754785	80.174	459	459	459	100	0.0	738	NADH dehydrogenase subunit 4 (mitochondrion) [Megaloglossus woermanni]	58073
YP_009231400.1	YP_009754759	82.571	459	459	459	100	0.0	738	NADH dehydrogenase subunit 4 (mitochondrion) [Megaerops niphanae]	77233
YP_009231400.1	YP_010322026	79.956	459	459	459	100	0.0	737	NADH dehydrogenase subunit 4 (mitochondrion) [Rhinolophus siamensis]	867892
YP_009231400.1	YP_009000408	80.174	459	459	458	100	0.0	737	NADH dehydrogenase subunit 4 (mitochondrion) [Pteronotus parnellii]	59476
YP_009231400.1	NP_976109	80.174	459	459	459	100	0.0	736	NADH dehydrogenase subunit 4 (mitochondrion) [Rhinolophus pumilus]	159859
YP_009231400.1	YP_010322039	80.174	459	459	459	100	0.0	736	NADH dehydrogenase subunit 4 (mitochondrion) [Rhinolophus marshalli]	476588
YP_009231400.1	YP_009183693	79.739	459	459	459	100	0.0	735	NADH dehydrogenase subunit 4 (mitochondrion) [Rhinolophus rex]	188572
YP_009231400.1	YP_010322052	79.739	459	459	459	100	0.0	734	NADH dehydrogenase subunit 4 (mitochondrion) [Rhinolophus rex paradoxolophus]	479477
YP_009231400.1	YP_009121507	79.739	459	459	459	100	0.0	734	NADH dehydrogenase subunit 4 (mitochondrion) [Rhinolophus macrotis]	196889
YP_009231400.1	YP_010288436	79.739	459	459	459	100	0.0	734	NADH dehydrogenase subunit 4 (mitochondrion) [Rhinolophus philippinensis]	76837
YP_009231400.1	YP_009353904	80.392	459	459	459	100	0.0	733	NADH dehydrogenase subunit 4 (mitochondrion) [Rhinolophus thomasi]	476589
YP_009231400.1	YP_010611054	85.403	459	459	459	100	0.0	733	NADH dehydrogenase subunit 4 (mitochondrion) [Histiotus magellanicus]	909363
YP_009231400.1	YP_010611041	85.403	459	459	459	100	0.0	733	NADH dehydrogenase subunit 4 (mitochondrion) [Histiotus montanus]	1161940
YP_009231400.1	YP_010455526	79.739	459	459	459	100	0.0	733	NADH dehydrogenase subunit 4 (mitochondrion) [Glossophaga soricina]	27638
YP_009231400.1	YP_009445586	80.174	459	459	459	100	0.0	733	NADH dehydrogenase subunit 4 (mitochondrion) [Rhinolophus yunanensis]	3370733
YP_009231400.1	YP_009121642	81.699	459	459	459	100	0.0	732	NADH dehydrogenase subunit 4 (mitochondrion) [Cynopterus brachyotis]	58060
YP_009231400.1	NP_976096	79.521	459	459	459	100	0.0	732	NADH dehydrogenase subunit 4 (mitochondrion) [Rhinolophus monoceros]	169756
YP_009231400.1	YP_010004063	79.739	459	459	459	100	0.0	732	NADH dehydrogenase subunit 4 (mitochondrion) [Rhinolophus affinis]	59477
YP_009231400.1	YP_009754590	81.264	459	459	459	100	0.0	731	NADH dehydrogenase subunit 4 (mitochondrion) [Cynopterus sphinx]	9400
YP_009231400.1	YP_008578488	80.610	459	459	459	100	0.0	728	NADH dehydrogenase subunit 4 (mitochondrion) [Tonatia saurophila]	171122
YP_009231400.1	YP_009442829	84.749	459	459	459	100	0.0	728	NADH dehydrogenase subunit 4 (mitochondrion) [Tadarida latouchei]	2049285
YP_009231400.1	YP_009754616	81.264	459	459	459	100	0.0	728	NADH dehydrogenase subunit 4 (mitochondrion) [Eonycteris spelaea]	58065
YP_009231400.1	YP_009704954	81.917	459	459	459	100	0.0	727	NADH dehydrogenase subunit 4 (mitochondrion) [Rousettus amplexicaudatus]	58083
YP_009231400.1	YP_010455591	79.521	459	459	459	100	0.0	726	NADH dehydrogenase subunit 4 (mitochondrion) [Sturnira bakeri]	2019462
YP_009231400.1	YP_009466948	79.303	459	459	459	100	0.0	725	NADH dehydrogenase subunit 4 (mitochondrion) [Noctilio leporinus]	94963
YP_009231400.1	YP_010926059	78.649	459	459	459	100	0.0	724	NADH dehydrogenase subunit 4 (mitochondrion) [Rhinolophus francisi]	3007093
YP_009231400.1	YP_011103423	86.492	459	459	459	100	0.0	723	NADH dehydrogenase subunit 4 (mitochondrion) [Pipistrellus pipistrellus]	59474
YP_009231400.1	YP_010455617	83.442	459	459	459	100	0.0	723	NADH dehydrogenase subunit 4 (mitochondrion) [Molossus molossus]	27622
YP_009231400.1	YP_009731389	79.956	459	459	459	100	0.0	722	NADH dehydrogenase subunit 4 (mitochondrion) [Rhinolophus pusillus]	159858
YP_009231400.1	YP_002261374	79.521	459	459	459	100	0.0	721	NADH dehydrogenase subunit 4 (mitochondrion) [Rhinolophus formosae]	472238
YP_009231400.1	YP_010303510	80.174	459	459	459	100	0.0	721	NADH dehydrogenase subunit 4 (mitochondrion) [Balionycteris maculata]	77229
YP_009231400.1	YP_008578475	78.867	459	459	459	100	0.0	718	NADH dehydrogenase subunit 4 (mitochondrion) [Sturnira tildae]	27661
YP_009231400.1	YP_010500237	80.828	459	459	459	100	0.0	717	NADH dehydrogenase subunit 4 (mitochondrion) [Leptonycteris yerbabuenae]	700936
YP_009231400.1	YP_010710553	80.392	459	459	459	100	0.0	716	NADH dehydrogenase subunit 4 (mitochondrion) [Macrotus waterhousii]	124750
YP_009231400.1	YP_010455643	78.867	459	459	459	100	0.0	715	NADH dehydrogenase subunit 4 (mitochondrion) [Sturnira ludovici]	192405
YP_009231400.1	YP_008578397	80.392	459	459	459	100	0.0	714	NADH dehydrogenase subunit 4 (mitochondrion) [Brachyphylla cavernarum]	9421
YP_009231400.1	YP_008578423	77.778	459	459	459	100	0.0	714	NADH dehydrogenase subunit 4 (mitochondrion) [Desmodus rotundus]	9430
YP_009231400.1	YP_009687836	83.442	459	459	459	100	0.0	714	NADH dehydrogenase subunit 4 (mitochondrion) [Miniopterus fuliginosus]	187007
YP_009231400.1	YP_009466896	78.214	459	459	459	100	0.0	714	NADH dehydrogenase subunit 4 (mitochondrion) [Diaemus youngi]	148087
YP_009231400.1	YP_009754993	80.392	459	459	459	100	0.0	712	NADH dehydrogenase subunit 4 (mitochondrion) [Sphaerias blanfordi]	662898
YP_009231400.1	YP_010500250	79.956	459	459	459	100	0.0	712	NADH dehydrogenase subunit 4 (mitochondrion) [Leptonycteris curasoae]	55054
YP_009231400.1	YP_011102882	78.649	459	459	459	100	0.0	712	NADH dehydrogenase subunit 4 (mitochondrion) [Hipposideros caffer]	302402
YP_009231400.1	YP_010455604	78.867	459	459	459	100	0.0	710	NADH dehydrogenase subunit 4 (mitochondrion) [Lonchophylla concava]	1303335
YP_009231400.1	YP_010455435	81.264	459	459	459	100	0.0	710	NADH dehydrogenase subunit 4 (mitochondrion) [Anoura cultrata]	999941
YP_009231400.1	YP_009754889	79.303	459	459	459	100	0.0	709	NADH dehydrogenase subunit 4 (mitochondrion) [Plerotes anchietae]	1812310
YP_009231400.1	YP_009754746	80.828	459	459	459	100	0.0	708	NADH dehydrogenase subunit 4 (mitochondrion) [Macroglossus sobrinus]	326083
YP_009231400.1	YP_010305177	78.431	459	459	459	100	0.0	707	NADH dehydrogenase subunit 4 (mitochondrion) [Hipposideros cervinus]	170233
YP_009231400.1	YP_010938285	79.085	459	459	459	100	0.0	706	NADH dehydrogenase subunit 4 (mitochondrion) [Hipposideros lylei]	867829
YP_009231400.1	YP_009466974	79.739	459	459	459	100	0.0	705	NADH dehydrogenase subunit 4 (mitochondrion) [Glyphonycteris daviesi]	148064
YP_009231400.1	YP_010455500	80.828	459	459	459	100	0.0	702	NADH dehydrogenase subunit 4 (mitochondrion) [Dermanura rava]	563994
YP_009231400.1	YP_009445612	82.571	459	459	459	100	0.0	701	NADH dehydrogenase subunit 4 (mitochondrion) [Saccopteryx leptura]	249018
YP_009231400.1	YP_010455630	80.392	459	459	459	100	0.0	700	NADH dehydrogenase subunit 4 (mitochondrion) [Phyllostomus discolor]	89673
YP_009231400.1	YP_009442816	83.878	459	459	459	100	0.0	700	NADH dehydrogenase subunit 4 (mitochondrion) [Tadarida teniotis]	59483
YP_009231400.1	YP_010455448	80.392	459	459	459	100	0.0	700	NADH dehydrogenase subunit 4 (mitochondrion) [Anoura geoffroyi]	148021
YP_009231400.1	YP_008578436	77.996	459	459	459	100	0.0	700	NADH dehydrogenase subunit 4 (mitochondrion) [Lophostoma silvicola]	3370180
YP_009231400.1	YP_010455539	78.867	459	459	459	100	0.0	699	NADH dehydrogenase subunit 4 (mitochondrion) [Choeroniscus minor]	249003
YP_009231400.1	YP_010321533	78.214	459	459	459	100	0.0	699	NADH dehydrogenase subunit 4 (mitochondrion) [Hipposideros pomona]	334201
YP_009231400.1	YP_008578384	79.956	459	459	459	100	0.0	696	NADH dehydrogenase subunit 4 (mitochondrion) [Anoura caudifer]	27642
YP_009231400.1	YP_009466909	78.649	459	459	459	100	0.0	696	NADH dehydrogenase subunit 4 (mitochondrion) [Hsunycteris thomasi]	138705
YP_009231400.1	YP_010455474	79.956	459	459	459	100	0.0	696	NADH dehydrogenase subunit 4 (mitochondrion) [Lophostoma brasiliense]	409031
YP_009231400.1	YP_009466935	81.046	459	459	459	100	0.0	695	NADH dehydrogenase subunit 4 (mitochondrion) [Macrotus californicus]	9419
YP_009231400.1	YP_010455552	78.214	459	459	459	100	0.0	693	NADH dehydrogenase subunit 4 (mitochondrion) [Lonchophylla robusta]	190509
YP_009231400.1	YP_008578462	80.828	459	459	459	100	0.0	692	NADH dehydrogenase subunit 4 (mitochondrion) [Rhinophylla pumilio]	138707
YP_009231400.1	YP_010305203	78.649	459	459	459	100	0.0	692	NADH dehydrogenase subunit 4 (mitochondrion) [Hipposideros larvatus]	175524
YP_009231400.1	YP_010500224	80.174	459	459	459	100	0.0	692	NADH dehydrogenase subunit 4 (mitochondrion) [Leptonycteris nivalis]	59456
YP_009231400.1	YP_010172285	77.778	459	459	459	100	0.0	690	NADH dehydrogenase subunit 4 (mitochondrion) [Macroderma gigas]	9411
YP_009231400.1	YP_005255211	79.956	459	459	459	100	0.0	688	NADH dehydrogenase subunit 4 (mitochondrion) [Artibeus lituratus]	27634
YP_009231400.1	YP_006665755	78.649	459	459	459	100	0.0	684	NADH dehydrogenase subunit 4 (mitochondrion) [Hipposideros armiger]	186990
YP_009231400.1	NP_008493	79.956	459	459	459	100	0.0	682	NADH dehydrogenase subunit 4 (mitochondrion) [Artibeus jamaicensis]	9417
YP_009231400.1	YP_009754551	77.560	459	459	459	100	0.0	682	NADH dehydrogenase subunit 4 (mitochondrion) [Casinycteris argynnis]	1091509
YP_009231400.1	YP_010455487	80.828	459	459	459	100	0.0	681	NADH dehydrogenase subunit 4 (mitochondrion) [Chiroderma salvini]	27646
YP_009231400.1	YP_009754564	77.778	459	459	459	100	0.0	680	NADH dehydrogenase subunit 4 (mitochondrion) [Casinycteris campomaanensis]	1497437
YP_009231400.1	YP_010455513	79.085	459	459	459	100	0.0	678	NADH dehydrogenase subunit 4 (mitochondrion) [Artibeus hartii]	27654
YP_009231400.1	YP_009826335	75.381	459	459	459	100	0.0	678	NADH dehydrogenase subunit 4 (mitochondrion) [Furipterus horrens]	148082
YP_009231400.1	YP_011058892	78.867	459	459	459	100	0.0	677	NADH dehydrogenase subunit 4 (mitochondrion) [Trachops cirrhosus]	148073
YP_009231400.1	YP_009466922	79.521	459	459	459	100	0.0	676	NADH dehydrogenase subunit 4 (mitochondrion) [Lonchorhina aurita]	148061
YP_009231400.1	YP_008578501	78.214	459	459	459	100	0.0	673	NADH dehydrogenase subunit 4 (mitochondrion) [Vampyrum spectrum]	148074
YP_009231400.1	YP_010455578	79.739	459	459	459	100	0.0	672	NADH dehydrogenase subunit 4 (mitochondrion) [Platyrrhinus matapalensis]	574081
YP_009231400.1	YP_009466961	75.599	459	459	459	100	0.0	671	NADH dehydrogenase subunit 4 (mitochondrion) [Diphylla ecaudata]	148089
YP_009231400.1	YP_009466883	78.431	459	459	459	100	0.0	671	NADH dehydrogenase subunit 4 (mitochondrion) [Chrotopterus auritus]	148086
YP_009231400.1	YP_010471885	79.521	459	459	459	100	0.0	665	NADH dehydrogenase subunit 4 (mitochondrion) [Carollia brevicauda]	138695
YP_009231400.1	YP_009754954	77.560	459	459	459	100	0.0	664	NADH dehydrogenase subunit 4 (mitochondrion) [Scotonycteris bergmansi]	1609901
YP_009231400.1	YP_009754980	77.560	459	459	459	100	0.0	662	NADH dehydrogenase subunit 4 (mitochondrion) [Scotonycteris zenkeri]	1001563
YP_009231400.1	YP_010455461	79.303	459	459	459	100	0.0	662	NADH dehydrogenase subunit 4 (mitochondrion) [Carollia castanea]	138696
YP_009231400.1	YP_008578410	79.085	459	459	459	100	0.0	660	NADH dehydrogenase subunit 4 (mitochondrion) [Carollia perspicillata]	40233
YP_009231400.1	YP_009589357	79.303	459	459	459	100	0.0	653	NADH dehydrogenase subunit 4 (mitochondrion) [Ectophylla alba]	148036
YP_009231400.1	YP_009754967	77.778	459	459	459	100	0.0	649	NADH dehydrogenase subunit 4 (mitochondrion) [Scotonycteris occidentalis]	1609904
YP_009231400.1	YP_009754577	78.214	459	459	459	100	0.0	646	NADH dehydrogenase subunit 4 (mitochondrion) [Casinycteris ophiodon]	1497438
