XP_036160566.1	XP_036160566	100.000	70	70	70	100	7.40e-47	147	NADH dehydrogenase [ubiquinone] 1 alpha subcomplex subunit 1 [Myotis myotis]	51298
XP_036160566.1	XP_006082225	100.000	70	70	70	100	7.40e-47	147	NADH dehydrogenase [ubiquinone] 1 alpha subcomplex subunit 1 [Myotis lucifugus]	59463
XP_036160566.1	XP_005859486	98.571	70	70	70	100	1.65e-46	146	PREDICTED: NADH dehydrogenase [ubiquinone] 1 alpha subcomplex subunit 1 [Myotis brandtii]	109478
XP_036160566.1	XP_080937421	98.571	70	70	70	100	1.90e-46	146	NADH dehydrogenase [ubiquinone] 1 alpha subcomplex subunit 1 [Myotis nattereri]	109481
XP_036160566.1	XP_059535697	98.571	70	70	70	100	3.84e-46	145	NADH dehydrogenase [ubiquinone] 1 alpha subcomplex subunit 1 [Myotis daubentonii]	98922
XP_036160566.1	XP_006758001	98.571	70	70	70	100	3.84e-46	145	PREDICTED: NADH dehydrogenase [ubiquinone] 1 alpha subcomplex subunit 1 [Myotis davidii]	225400
XP_036160566.1	XP_005871510	98.571	70	70	70	100	4.15e-46	145	PREDICTED: NADH dehydrogenase [ubiquinone] 1 alpha subcomplex subunit 1 [Myotis brandtii]	109478
XP_036160566.1	XP_036299456	97.143	70	70	70	100	1.67e-45	144	NADH dehydrogenase [ubiquinone] 1 alpha subcomplex subunit 1 [Pipistrellus kuhlii]	59472
XP_036160566.1	XP_054580108	95.714	70	70	70	100	1.21e-44	142	NADH dehydrogenase [ubiquinone] 1 alpha subcomplex subunit 1 [Eptesicus fuscus]	29078
XP_036160566.1	XP_036127201	92.857	70	70	70	100	1.51e-44	141	NADH dehydrogenase [ubiquinone] 1 alpha subcomplex subunit 1 [Molossus molossus]	27622
XP_036160566.1	XP_036170160	95.714	70	70	70	100	1.98e-44	141	NADH dehydrogenase [ubiquinone] 1 alpha subcomplex subunit 1-like [Myotis myotis]	51298
XP_036160566.1	XP_066212232	92.857	70	70	70	100	3.92e-44	140	NADH dehydrogenase [ubiquinone] 1 alpha subcomplex subunit 1 [Saccopteryx leptura]	249018
XP_036160566.1	XP_079620843	92.857	70	70	70	100	8.74e-44	139	NADH dehydrogenase [ubiquinone] 1 alpha subcomplex subunit 1 [Cnephaeus nilssonii]	3371016
XP_036160566.1	XP_080899986	90.000	70	70	70	100	8.93e-44	139	NADH dehydrogenase [ubiquinone] 1 alpha subcomplex subunit 1 [Rhinolophus hipposideros]	77218
XP_036160566.1	XP_080942829	94.286	70	70	70	100	1.14e-43	139	NADH dehydrogenase [ubiquinone] 1 alpha subcomplex subunit 1-like [Myotis nattereri]	109481
XP_036160566.1	XP_032958778	88.571	70	70	70	100	1.36e-43	139	NADH dehydrogenase [ubiquinone] 1 alpha subcomplex subunit 1 [Rhinolophus ferrumequinum]	59479
XP_036160566.1	XP_019572591	88.571	70	70	70	100	1.36e-43	139	NADH dehydrogenase [ubiquinone] 1 alpha subcomplex subunit 1 [Rhinolophus sinicus]	89399
XP_036160566.1	XP_080540355	92.857	70	70	70	100	1.55e-43	139	NADH dehydrogenase [ubiquinone] 1 alpha subcomplex subunit 1 [Plecotus auritus]	61862
XP_036160566.1	XP_066104741	91.429	70	70	70	100	1.93e-43	139	NADH dehydrogenase [ubiquinone] 1 alpha subcomplex subunit 1 [Saccopteryx bilineata]	59482
XP_036160566.1	XP_006904747	88.571	70	70	70	100	2.48e-43	138	NADH dehydrogenase [ubiquinone] 1 alpha subcomplex subunit 1 [Pteropus alecto]	9402
XP_036160566.1	XP_011378517	88.571	70	70	70	100	2.48e-43	138	NADH dehydrogenase [ubiquinone] 1 alpha subcomplex subunit 1 [Pteropus vampyrus]	132908
XP_036160566.1	XP_054584298	92.857	70	70	70	100	3.26e-43	138	NADH dehydrogenase [ubiquinone] 1 alpha subcomplex subunit 1-like [Eptesicus fuscus]	29078
XP_036160566.1	XP_080884349	88.571	70	70	70	100	5.97e-43	137	NADH dehydrogenase [ubiquinone] 1 alpha subcomplex subunit 1-like [Rhinolophus hipposideros]	77218
XP_036160566.1	XP_008159146	91.429	70	70	70	100	8.40e-43	137	NADH dehydrogenase [ubiquinone] 1 alpha subcomplex subunit 1 [Eptesicus fuscus]	29078
XP_036160566.1	XP_079654852	91.429	70	70	70	100	8.58e-43	137	NADH dehydrogenase [ubiquinone] 1 alpha subcomplex subunit 1-like [Cnephaeus nilssonii]	3371016
XP_036160566.1	XP_036082346	87.143	70	70	70	100	2.18e-42	136	NADH dehydrogenase [ubiquinone] 1 alpha subcomplex subunit 1 [Rousettus aegyptiacus]	9407
XP_036160566.1	XP_037015867	90.000	70	70	70	100	2.60e-42	135	NADH dehydrogenase [ubiquinone] 1 alpha subcomplex subunit 1 [Artibeus jamaicensis]	9417
XP_036160566.1	XP_019523408	85.714	70	70	70	100	2.94e-42	135	PREDICTED: NADH dehydrogenase [ubiquinone] 1 alpha subcomplex subunit 1 [Hipposideros armiger]	186990
XP_036160566.1	XP_036925025	88.571	70	70	70	100	3.58e-42	135	NADH dehydrogenase [ubiquinone] 1 alpha subcomplex subunit 1 [Sturnira hondurensis]	192404
XP_036160566.1	XP_080525469	92.857	70	70	70	100	4.51e-42	135	NADH dehydrogenase [ubiquinone] 1 alpha subcomplex subunit 1-like [Plecotus auritus]	61862
XP_036160566.1	XP_016077845	85.714	70	70	70	100	5.20e-42	135	PREDICTED: NADH dehydrogenase [ubiquinone] 1 alpha subcomplex subunit 1 [Miniopterus natalensis]	291302
XP_036160566.1	XP_080982550	85.714	70	70	70	100	5.20e-42	135	NADH dehydrogenase [ubiquinone] 1 alpha subcomplex subunit 1 [Miniopterus schreibersii]	9433
XP_036160566.1	XP_080508016	91.429	70	70	70	100	5.49e-42	135	NADH dehydrogenase [ubiquinone] 1 alpha subcomplex subunit 1 [Plecotus auritus]	61862
XP_036160566.1	XP_070265559	90.000	70	70	70	100	5.62e-42	135	NADH dehydrogenase [ubiquinone] 1 alpha subcomplex subunit 1-like [Myotis yumanensis]	159337
XP_036160566.1	XP_045673673	87.143	70	70	70	100	9.94e-42	134	NADH dehydrogenase [ubiquinone] 1 alpha subcomplex subunit 1 [Phyllostomus hastatus]	9423
XP_036160566.1	XP_028378809	87.143	70	70	70	100	9.94e-42	134	NADH dehydrogenase [ubiquinone] 1 alpha subcomplex subunit 1 [Phyllostomus discolor]	89673
XP_036160566.1	XP_054436282	85.714	70	70	70	100	1.25e-41	134	NADH dehydrogenase [ubiquinone] 1 alpha subcomplex subunit 1 [Pteronotus mesoamericanus]	1884717
XP_036160566.1	XP_036884068	85.714	70	70	70	100	1.82e-41	134	LOW QUALITY PROTEIN: NADH dehydrogenase [ubiquinone] 1 alpha subcomplex subunit 1-like [Sturnira hondurensis]	192404
XP_036160566.1	XP_079648795	90.000	70	70	70	100	2.88e-41	133	NADH dehydrogenase [ubiquinone] 1 alpha subcomplex subunit 1-like [Cnephaeus nilssonii]	3371016
XP_036160566.1	XP_024422489	85.714	70	70	70	100	1.11e-40	132	NADH dehydrogenase [ubiquinone] 1 alpha subcomplex subunit 1 [Desmodus rotundus]	9430
XP_036160566.1	XP_036160339	88.571	70	70	96	100	1.72e-40	132	NADH dehydrogenase [ubiquinone] 1 alpha subcomplex subunit 1-like [Myotis myotis]	51298
XP_036160566.1	XP_032947339	77.143	70	70	70	100	1.23e-36	121	NADH dehydrogenase [ubiquinone] 1 alpha subcomplex subunit 1-like [Rhinolophus ferrumequinum]	59479
XP_036160566.1	XP_036312228	91.803	61	70	62	87	3.80e-36	120	NADH dehydrogenase [ubiquinone] 1 alpha subcomplex subunit 1-like [Pipistrellus kuhlii]	59472
XP_036160566.1	XP_059538045	82.857	70	70	90	100	7.90e-35	117	NADH dehydrogenase [ubiquinone] 1 alpha subcomplex subunit 1-like [Myotis daubentonii]	98922
XP_036160566.1	XP_080975655	75.000	68	70	154	97	3.03e-34	118	uncharacterized protein AC0LMV_001763 [Miniopterus schreibersii]	9433
XP_036160566.1	XP_080975517	75.000	68	70	154	97	3.03e-34	118	uncharacterized protein AC0LMV_001711 [Miniopterus schreibersii]	9433
