XP_036179135.1	XP_059562592	100.000	249	249	249	100	0.0	519	NADH dehydrogenase [ubiquinone] flavoprotein 2, mitochondrial [Myotis daubentonii]	98922
XP_036179135.1	XP_036179135	100.000	249	249	249	100	0.0	519	NADH dehydrogenase [ubiquinone] flavoprotein 2, mitochondrial [Myotis myotis]	51298
XP_036179135.1	XP_080952625	100.000	249	249	249	100	0.0	519	NADH dehydrogenase [ubiquinone] flavoprotein 2, mitochondrial [Myotis nattereri]	109481
XP_036179135.1	XP_070276764	99.598	249	249	249	100	0.0	518	NADH dehydrogenase [ubiquinone] flavoprotein 2, mitochondrial [Myotis yumanensis]	159337
XP_036179135.1	XP_006763342	99.598	249	249	249	100	0.0	518	PREDICTED: NADH dehydrogenase [ubiquinone] flavoprotein 2, mitochondrial [Myotis davidii]	225400
XP_036179135.1	XP_006089342	99.197	249	249	249	100	0.0	517	NADH dehydrogenase [ubiquinone] flavoprotein 2, mitochondrial isoform X1 [Myotis lucifugus]	59463
XP_036179135.1	XP_005866953	98.795	249	249	249	100	0.0	515	PREDICTED: NADH dehydrogenase [ubiquinone] flavoprotein 2, mitochondrial [Myotis brandtii]	109478
XP_036179135.1	XP_008158074	98.795	249	249	249	100	0.0	513	NADH dehydrogenase [ubiquinone] flavoprotein 2, mitochondrial isoform X2 [Eptesicus fuscus]	29078
XP_036179135.1	XP_080542077	98.394	249	249	249	100	0.0	513	NADH dehydrogenase [ubiquinone] flavoprotein 2, mitochondrial isoform 1 [Plecotus auritus]	61862
XP_036179135.1	XP_054443344	97.992	249	249	249	100	0.0	513	NADH dehydrogenase [ubiquinone] flavoprotein 2, mitochondrial [Pteronotus mesoamericanus]	1884717
XP_036179135.1	XP_015976393	97.590	249	249	249	100	0.0	511	NADH dehydrogenase [ubiquinone] flavoprotein 2, mitochondrial isoform X1 [Rousettus aegyptiacus]	9407
XP_036179135.1	XP_081005076	97.992	249	249	249	100	0.0	511	NADH dehydrogenase [ubiquinone] flavoprotein 2, mitochondrial isoform 1 [Miniopterus schreibersii]	9433
XP_036179135.1	XP_079641369	98.394	249	249	249	100	0.0	511	NADH dehydrogenase [ubiquinone] flavoprotein 2, mitochondrial [Cnephaeus nilssonii]	3371016
XP_036179135.1	XP_024436017	97.189	249	249	249	100	0.0	510	NADH dehydrogenase [ubiquinone] flavoprotein 2, mitochondrial [Desmodus rotundus]	9430
XP_036179135.1	XP_006920136	97.590	249	249	249	100	0.0	510	NADH dehydrogenase [ubiquinone] flavoprotein 2, mitochondrial [Pteropus alecto]	9402
XP_036179135.1	XP_011364466	97.590	249	249	249	100	0.0	510	NADH dehydrogenase [ubiquinone] flavoprotein 2, mitochondrial [Pteropus vampyrus]	132908
XP_036179135.1	XP_039701792	97.590	249	249	249	100	0.0	510	NADH dehydrogenase [ubiquinone] flavoprotein 2, mitochondrial [Pteropus medius]	143291
XP_036179135.1	XP_036101394	97.189	249	249	249	100	0.0	508	NADH dehydrogenase [ubiquinone] flavoprotein 2, mitochondrial isoform X1 [Molossus molossus]	27622
XP_036179135.1	XP_045706097	96.787	249	249	249	100	0.0	508	NADH dehydrogenase [ubiquinone] flavoprotein 2, mitochondrial [Phyllostomus hastatus]	9423
XP_036179135.1	XP_028380500	96.787	249	249	249	100	0.0	508	NADH dehydrogenase [ubiquinone] flavoprotein 2, mitochondrial [Phyllostomus discolor]	89673
XP_036179135.1	XP_036906251	96.787	249	249	249	100	0.0	507	NADH dehydrogenase [ubiquinone] flavoprotein 2, mitochondrial [Sturnira hondurensis]	192404
XP_036179135.1	XP_019505539	97.581	248	249	248	99	0.0	507	PREDICTED: NADH dehydrogenase [ubiquinone] flavoprotein 2, mitochondrial [Hipposideros armiger]	186990
XP_036179135.1	XP_036274486	97.590	249	249	249	100	0.0	507	NADH dehydrogenase [ubiquinone] flavoprotein 2, mitochondrial [Pipistrellus kuhlii]	59472
XP_036179135.1	XP_032943411	96.787	249	249	249	100	0.0	506	NADH dehydrogenase [ubiquinone] flavoprotein 2, mitochondrial [Rhinolophus ferrumequinum]	59479
XP_036179135.1	XP_066209039	96.787	249	249	249	100	0.0	506	NADH dehydrogenase [ubiquinone] flavoprotein 2, mitochondrial [Saccopteryx leptura]	249018
XP_036179135.1	XP_066102787	96.787	249	249	249	100	0.0	506	NADH dehydrogenase [ubiquinone] flavoprotein 2, mitochondrial isoform X2 [Saccopteryx bilineata]	59482
XP_036179135.1	XP_036999227	96.787	249	249	249	100	0.0	506	NADH dehydrogenase [ubiquinone] flavoprotein 2, mitochondrial [Artibeus jamaicensis]	9417
XP_036179135.1	XP_080935150	96.787	249	249	249	100	0.0	505	NADH dehydrogenase [ubiquinone] flavoprotein 2, mitochondrial [Rhinolophus hipposideros]	77218
XP_036179135.1	XP_019568154	95.181	249	249	249	100	2.53e-180	499	NADH dehydrogenase [ubiquinone] flavoprotein 2, mitochondrial [Rhinolophus sinicus]	89399
XP_036179135.1	XP_028384982	96.680	241	249	246	97	4.07e-177	491	NADH dehydrogenase [ubiquinone] flavoprotein 2, mitochondrial-like [Phyllostomus discolor]	89673
XP_036179135.1	XP_066102785	82.818	291	249	291	100	3.23e-174	485	NADH dehydrogenase [ubiquinone] flavoprotein 2, mitochondrial isoform X1 [Saccopteryx bilineata]	59482
XP_036179135.1	XP_054579874	95.547	247	249	276	99	5.54e-174	484	NADH dehydrogenase [ubiquinone] flavoprotein 2, mitochondrial isoform X1 [Eptesicus fuscus]	29078
XP_036179135.1	XP_023610010	98.712	233	249	242	94	1.47e-173	481	NADH dehydrogenase [ubiquinone] flavoprotein 2, mitochondrial isoform X2 [Myotis lucifugus]	59463
XP_036179135.1	XP_023610011	99.567	231	249	240	93	4.37e-173	480	NADH dehydrogenase [ubiquinone] flavoprotein 2, mitochondrial isoform X3 [Myotis lucifugus]	59463
XP_036179135.1	XP_016064395	99.134	231	249	231	93	1.72e-172	478	PREDICTED: NADH dehydrogenase [ubiquinone] flavoprotein 2, mitochondrial, partial [Miniopterus natalensis]	291302
XP_036179135.1	XP_015976395	89.558	249	249	228	100	5.82e-163	454	NADH dehydrogenase [ubiquinone] flavoprotein 2, mitochondrial isoform X2 [Rousettus aegyptiacus]	9407
XP_036179135.1	XP_036101395	88.755	249	249	228	100	4.34e-161	449	NADH dehydrogenase [ubiquinone] flavoprotein 2, mitochondrial isoform X2 [Molossus molossus]	27622
XP_036179135.1	XP_036887894	81.928	249	249	247	99	8.17e-145	409	LOW QUALITY PROTEIN: NADH dehydrogenase [ubiquinone] flavoprotein 2, mitochondrial-like [Sturnira hondurensis]	192404
XP_036179135.1	XP_054579875	79.757	247	249	237	99	1.47e-135	385	NADH dehydrogenase [ubiquinone] flavoprotein 2, mitochondrial isoform X3 [Eptesicus fuscus]	29078
XP_036179135.1	XP_081005077	99.342	152	249	152	61	1.13e-108	314	NADH dehydrogenase [ubiquinone] flavoprotein 2, mitochondrial isoform 2 [Miniopterus schreibersii]	9433
