XP_036198775.1	XP_036198775	100.000	501	501	501	100	0.0	1043	NADH dehydrogenase [ubiquinone] iron-sulfur protein 2, mitochondrial [Myotis myotis]	51298
XP_036198775.1	XP_059530574	99.202	501	501	501	100	0.0	1033	NADH dehydrogenase [ubiquinone] iron-sulfur protein 2, mitochondrial [Myotis daubentonii]	98922
XP_036198775.1	XP_080968732	99.202	501	501	501	100	0.0	1033	NADH dehydrogenase [ubiquinone] iron-sulfur protein 2, mitochondrial [Myotis nattereri]	109481
XP_036198775.1	XP_070253460	99.784	463	501	463	92	0.0	964	NADH dehydrogenase [ubiquinone] iron-sulfur protein 2, mitochondrial [Myotis yumanensis]	159337
XP_036198775.1	XP_036128640	98.488	463	501	463	92	0.0	956	NADH dehydrogenase [ubiquinone] iron-sulfur protein 2, mitochondrial [Molossus molossus]	27622
XP_036198775.1	XP_008151296	98.704	463	501	463	92	0.0	954	NADH dehydrogenase [ubiquinone] iron-sulfur protein 2, mitochondrial isoform X1 [Eptesicus fuscus]	29078
XP_036198775.1	XP_080505549	98.920	463	501	463	92	0.0	954	NADH dehydrogenase [ubiquinone] iron-sulfur protein 2, mitochondrial isoform 2 [Plecotus auritus]	61862
XP_036198775.1	XP_079618340	98.488	463	501	463	92	0.0	954	NADH dehydrogenase [ubiquinone] iron-sulfur protein 2, mitochondrial isoform 1 [Cnephaeus nilssonii]	3371016
XP_036198775.1	XP_036290267	98.704	463	501	463	92	0.0	953	NADH dehydrogenase [ubiquinone] iron-sulfur protein 2, mitochondrial [Pipistrellus kuhlii]	59472
XP_036198775.1	XP_019568479	91.833	502	501	495	100	0.0	949	NADH dehydrogenase [ubiquinone] iron-sulfur protein 2, mitochondrial [Rhinolophus sinicus]	89399
XP_036198775.1	XP_080882844	91.633	502	501	495	100	0.0	948	NADH dehydrogenase [ubiquinone] iron-sulfur protein 2, mitochondrial [Rhinolophus hipposideros]	77218
XP_036198775.1	XP_016065910	97.408	463	501	463	92	0.0	947	PREDICTED: NADH dehydrogenase [ubiquinone] iron-sulfur protein 2, mitochondrial [Miniopterus natalensis]	291302
XP_036198775.1	XP_080976833	97.408	463	501	463	92	0.0	947	NADH dehydrogenase [ubiquinone] iron-sulfur protein 2, mitochondrial [Miniopterus schreibersii]	9433
XP_036198775.1	XP_045694375	97.192	463	501	463	92	0.0	947	NADH dehydrogenase [ubiquinone] iron-sulfur protein 2, mitochondrial [Phyllostomus hastatus]	9423
XP_036198775.1	XP_036890906	97.192	463	501	463	92	0.0	947	NADH dehydrogenase [ubiquinone] iron-sulfur protein 2, mitochondrial [Sturnira hondurensis]	192404
XP_036198775.1	XP_028359219	97.192	463	501	463	92	0.0	946	NADH dehydrogenase [ubiquinone] iron-sulfur protein 2, mitochondrial [Phyllostomus discolor]	89673
XP_036198775.1	XP_037005747	97.192	463	501	463	92	0.0	946	NADH dehydrogenase [ubiquinone] iron-sulfur protein 2, mitochondrial isoform X4 [Artibeus jamaicensis]	9417
XP_036198775.1	XP_054443835	97.192	463	501	463	92	0.0	942	NADH dehydrogenase [ubiquinone] iron-sulfur protein 2, mitochondrial [Pteronotus mesoamericanus]	1884717
XP_036198775.1	XP_066227411	96.760	463	501	463	92	0.0	941	NADH dehydrogenase [ubiquinone] iron-sulfur protein 2, mitochondrial [Saccopteryx leptura]	249018
XP_036198775.1	XP_066117061	96.544	463	501	463	92	0.0	938	NADH dehydrogenase [ubiquinone] iron-sulfur protein 2, mitochondrial [Saccopteryx bilineata]	59482
XP_036198775.1	XP_053771619	96.760	463	501	463	92	0.0	938	NADH dehydrogenase [ubiquinone] iron-sulfur protein 2, mitochondrial [Desmodus rotundus]	9430
XP_036198775.1	XP_011375311	96.544	463	501	463	92	0.0	935	NADH dehydrogenase [ubiquinone] iron-sulfur protein 2, mitochondrial [Pteropus vampyrus]	132908
XP_036198775.1	XP_039695808	96.544	463	501	463	92	0.0	935	NADH dehydrogenase [ubiquinone] iron-sulfur protein 2, mitochondrial [Pteropus medius]	143291
XP_036198775.1	XP_019488635	95.896	463	501	463	92	0.0	934	PREDICTED: NADH dehydrogenase [ubiquinone] iron-sulfur protein 2, mitochondrial [Hipposideros armiger]	186990
XP_036198775.1	XP_006907923	96.544	463	501	463	92	0.0	934	NADH dehydrogenase [ubiquinone] iron-sulfur protein 2, mitochondrial [Pteropus alecto]	9402
XP_036198775.1	XP_015989553	96.544	463	501	463	92	0.0	933	NADH dehydrogenase [ubiquinone] iron-sulfur protein 2, mitochondrial [Rousettus aegyptiacus]	9407
XP_036198775.1	XP_014384001	100.000	432	501	487	86	0.0	906	PREDICTED: NADH dehydrogenase [ubiquinone] iron-sulfur protein 2, mitochondrial [Myotis brandtii]	109478
XP_036198775.1	XP_023600362	100.000	432	501	487	86	0.0	906	NADH dehydrogenase [ubiquinone] iron-sulfur protein 2, mitochondrial [Myotis lucifugus]	59463
XP_036198775.1	XP_080505548	99.769	432	501	634	86	0.0	903	NADH dehydrogenase [ubiquinone] iron-sulfur protein 2, mitochondrial isoform 1 [Plecotus auritus]	61862
XP_036198775.1	XP_079618341	99.304	431	501	447	86	0.0	901	NADH dehydrogenase [ubiquinone] iron-sulfur protein 2, mitochondrial isoform 2 [Cnephaeus nilssonii]	3371016
XP_036198775.1	XP_053515344	98.611	432	501	524	86	0.0	900	NADH dehydrogenase [ubiquinone] iron-sulfur protein 2, mitochondrial isoform X1 [Artibeus jamaicensis]	9417
XP_036198775.1	XP_053515345	98.611	432	501	522	86	0.0	899	NADH dehydrogenase [ubiquinone] iron-sulfur protein 2, mitochondrial isoform X2 [Artibeus jamaicensis]	9417
XP_036198775.1	XP_053515346	96.629	445	501	472	88	0.0	899	NADH dehydrogenase [ubiquinone] iron-sulfur protein 2, mitochondrial isoform X3 [Artibeus jamaicensis]	9417
XP_036198775.1	XP_054567443	93.089	463	501	437	92	0.0	887	NADH dehydrogenase [ubiquinone] iron-sulfur protein 2, mitochondrial isoform X2 [Eptesicus fuscus]	29078
XP_036198775.1	XP_032948106	89.722	467	501	509	93	0.0	869	NADH dehydrogenase [ubiquinone] iron-sulfur protein 2, mitochondrial [Rhinolophus ferrumequinum]	59479
XP_036198775.1	XP_015420075	99.515	412	501	412	82	0.0	860	PREDICTED: NADH dehydrogenase [ubiquinone] iron-sulfur protein 2, mitochondrial [Myotis davidii]	225400
XP_036198775.1	XP_080505550	99.742	388	501	388	77	0.0	809	NADH dehydrogenase [ubiquinone] iron-sulfur protein 2, mitochondrial isoform 3 [Plecotus auritus]	61862
