XP_036192201.1	XP_070288605	100.000	186	186	186	100	6.25e-137	384	NADH dehydrogenase [ubiquinone] 1 beta subcomplex subunit 8, mitochondrial [Myotis yumanensis]	159337
XP_036192201.1	XP_059517096	100.000	186	186	186	100	6.25e-137	384	NADH dehydrogenase [ubiquinone] 1 beta subcomplex subunit 8, mitochondrial [Myotis daubentonii]	98922
XP_036192201.1	XP_006756613	100.000	186	186	186	100	6.25e-137	384	PREDICTED: NADH dehydrogenase [ubiquinone] 1 beta subcomplex subunit 8, mitochondrial [Myotis davidii]	225400
XP_036192201.1	XP_005885411	100.000	186	186	186	100	6.25e-137	384	PREDICTED: NADH dehydrogenase [ubiquinone] 1 beta subcomplex subunit 8, mitochondrial [Myotis brandtii]	109478
XP_036192201.1	XP_036192201	100.000	186	186	186	100	6.25e-137	384	NADH dehydrogenase [ubiquinone] 1 beta subcomplex subunit 8, mitochondrial [Myotis myotis]	51298
XP_036192201.1	XP_080961550	98.925	186	186	186	100	1.38e-135	380	NADH dehydrogenase [ubiquinone] 1 beta subcomplex subunit 8, mitochondrial isoform 1 [Myotis nattereri]	109481
XP_036192201.1	XP_080961549	98.925	186	186	186	100	1.38e-135	380	NADH dehydrogenase [ubiquinone] 1 beta subcomplex subunit 8, mitochondrial isoform 1 [Myotis nattereri]	109481
XP_036192201.1	XP_080497609	97.312	186	186	186	100	2.32e-134	377	NADH dehydrogenase [ubiquinone] 1 beta subcomplex subunit 8, mitochondrial [Plecotus auritus]	61862
XP_036192201.1	XP_019491780	96.237	186	186	186	100	2.20e-133	375	PREDICTED: NADH dehydrogenase [ubiquinone] 1 beta subcomplex subunit 8, mitochondrial [Hipposideros armiger]	186990
XP_036192201.1	XP_079650275	96.774	186	186	186	100	4.02e-133	374	NADH dehydrogenase [ubiquinone] 1 beta subcomplex subunit 8, mitochondrial [Cnephaeus nilssonii]	3371016
XP_036192201.1	XP_008142408	96.237	186	186	186	100	4.95e-133	374	NADH dehydrogenase [ubiquinone] 1 beta subcomplex subunit 8, mitochondrial [Eptesicus fuscus]	29078
XP_036192201.1	XP_036294761	96.237	186	186	186	100	5.96e-133	374	NADH dehydrogenase [ubiquinone] 1 beta subcomplex subunit 8, mitochondrial [Pipistrellus kuhlii]	59472
XP_036192201.1	XP_016075455	96.237	186	186	186	100	1.23e-132	373	PREDICTED: NADH dehydrogenase [ubiquinone] 1 beta subcomplex subunit 8, mitochondrial [Miniopterus natalensis]	291302
XP_036192201.1	XP_081013503	95.699	186	186	186	100	2.51e-132	372	NADH dehydrogenase [ubiquinone] 1 beta subcomplex subunit 8, mitochondrial [Miniopterus schreibersii]	9433
XP_036192201.1	XP_024411505	95.161	186	186	186	100	6.04e-132	372	NADH dehydrogenase [ubiquinone] 1 beta subcomplex subunit 8, mitochondrial [Desmodus rotundus]	9430
XP_036192201.1	XP_045710637	94.086	186	186	186	100	6.32e-131	369	NADH dehydrogenase [ubiquinone] 1 beta subcomplex subunit 8, mitochondrial [Phyllostomus hastatus]	9423
XP_036192201.1	XP_036920049	93.548	186	186	186	100	5.80e-130	367	NADH dehydrogenase [ubiquinone] 1 beta subcomplex subunit 8, mitochondrial [Sturnira hondurensis]	192404
XP_036192201.1	XP_028367039	93.548	186	186	186	100	6.06e-130	366	NADH dehydrogenase [ubiquinone] 1 beta subcomplex subunit 8, mitochondrial isoform X2 [Phyllostomus discolor]	89673
XP_036192201.1	XP_032985995	92.473	186	186	186	100	3.21e-129	365	NADH dehydrogenase [ubiquinone] 1 beta subcomplex subunit 8, mitochondrial isoform X2 [Rhinolophus ferrumequinum]	59479
XP_036192201.1	XP_080930625	93.011	186	186	186	100	4.18e-129	364	NADH dehydrogenase [ubiquinone] 1 beta subcomplex subunit 8, mitochondrial [Rhinolophus hipposideros]	77218
XP_036192201.1	XP_015979743	93.548	186	186	186	100	5.94e-129	364	NADH dehydrogenase [ubiquinone] 1 beta subcomplex subunit 8, mitochondrial [Rousettus aegyptiacus]	9407
XP_036192201.1	XP_054437345	93.011	186	186	186	100	1.21e-128	363	NADH dehydrogenase [ubiquinone] 1 beta subcomplex subunit 8, mitochondrial [Pteronotus mesoamericanus]	1884717
XP_036192201.1	XP_006925941	93.548	186	186	186	100	1.51e-128	363	NADH dehydrogenase [ubiquinone] 1 beta subcomplex subunit 8, mitochondrial [Pteropus alecto]	9402
XP_036192201.1	XP_039727438	93.548	186	186	186	100	1.51e-128	363	NADH dehydrogenase [ubiquinone] 1 beta subcomplex subunit 8, mitochondrial [Pteropus medius]	143291
XP_036192201.1	XP_011377147	93.011	186	186	186	100	4.67e-128	362	NADH dehydrogenase [ubiquinone] 1 beta subcomplex subunit 8, mitochondrial [Pteropus vampyrus]	132908
XP_036192201.1	XP_019580468	92.473	186	186	186	100	6.94e-128	361	NADH dehydrogenase [ubiquinone] 1 beta subcomplex subunit 8, mitochondrial [Rhinolophus sinicus]	89399
XP_036192201.1	XP_037015303	91.935	186	186	186	100	1.35e-127	360	NADH dehydrogenase [ubiquinone] 1 beta subcomplex subunit 8, mitochondrial [Artibeus jamaicensis]	9417
XP_036192201.1	XP_036121804	91.935	186	186	186	100	2.83e-127	360	NADH dehydrogenase [ubiquinone] 1 beta subcomplex subunit 8, mitochondrial [Molossus molossus]	27622
XP_036192201.1	XP_066197997	91.935	186	186	186	100	4.63e-127	359	LOW QUALITY PROTEIN: NADH dehydrogenase [ubiquinone] 1 beta subcomplex subunit 8, mitochondrial-like [Saccopteryx leptura]	249018
XP_036192201.1	XP_066096174	91.935	186	186	186	100	8.84e-127	358	NADH dehydrogenase [ubiquinone] 1 beta subcomplex subunit 8, mitochondrial [Saccopteryx bilineata]	59482
XP_036192201.1	XP_066211661	91.398	186	186	186	100	3.89e-126	357	NADH dehydrogenase [ubiquinone] 1 beta subcomplex subunit 8, mitochondrial [Saccopteryx leptura]	249018
XP_036192201.1	XP_006101787	93.548	186	186	175	100	8.18e-125	353	NADH dehydrogenase [ubiquinone] 1 beta subcomplex subunit 8, mitochondrial [Myotis lucifugus]	59463
XP_036192201.1	XP_032985994	76.106	226	186	226	100	1.56e-121	347	NADH dehydrogenase [ubiquinone] 1 beta subcomplex subunit 8, mitochondrial isoform X1 [Rhinolophus ferrumequinum]	59479
XP_036192201.1	XP_035883053	85.083	181	186	221	94	3.58e-111	320	NADH dehydrogenase [ubiquinone] 1 beta subcomplex subunit 8, mitochondrial isoform X1 [Phyllostomus discolor]	89673
XP_036192201.1	XP_035869390	83.582	134	186	134	72	5.21e-82	243	NADH dehydrogenase [ubiquinone] 1 beta subcomplex subunit 8, mitochondrial-like [Phyllostomus discolor]	89673
