XP_036211704.1	XP_036211705	100.000	512	512	512	100	0.0	1043	perilipin-1 [Myotis myotis]	51298
XP_036211704.1	XP_036211704	100.000	512	512	512	100	0.0	1043	perilipin-1 [Myotis myotis]	51298
XP_036211704.1	XP_059534260	99.609	512	512	512	100	0.0	1040	perilipin-1 [Myotis daubentonii]	98922
XP_036211704.1	XP_059534259	99.609	512	512	512	100	0.0	1040	perilipin-1 [Myotis daubentonii]	98922
XP_036211704.1	XP_080970924	99.023	512	512	512	100	0.0	1033	perilipin-1 [Myotis nattereri]	109481
XP_036211704.1	XP_070256670	97.852	512	512	512	100	0.0	1021	perilipin-1 [Myotis yumanensis]	159337
XP_036211704.1	XP_070256669	97.852	512	512	512	100	0.0	1021	perilipin-1 [Myotis yumanensis]	159337
XP_036211704.1	XP_070256668	97.852	512	512	512	100	0.0	1021	perilipin-1 [Myotis yumanensis]	159337
XP_036211704.1	XP_023604391	97.665	514	512	514	100	0.0	1020	LOW QUALITY PROTEIN: perilipin-1 [Myotis lucifugus]	59463
XP_036211704.1	XP_008159516	95.340	515	512	515	100	0.0	991	perilipin-1 [Eptesicus fuscus]	29078
XP_036211704.1	XP_079620123	95.146	515	512	515	100	0.0	989	perilipin-1 isoform 1 [Cnephaeus nilssonii]	3371016
XP_036211704.1	XP_079620122	95.146	515	512	515	100	0.0	989	perilipin-1 isoform 1 [Cnephaeus nilssonii]	3371016
XP_036211704.1	XP_079620121	95.146	515	512	515	100	0.0	989	perilipin-1 isoform 1 [Cnephaeus nilssonii]	3371016
XP_036211704.1	XP_080507853	94.932	513	512	509	100	0.0	983	perilipin-1 [Plecotus auritus]	61862
XP_036211704.1	XP_036271420	90.291	515	512	515	100	0.0	878	perilipin-1 [Pipistrellus kuhlii]	59472
XP_036211704.1	XP_036271418	90.291	515	512	515	100	0.0	878	perilipin-1 [Pipistrellus kuhlii]	59472
XP_036211704.1	XP_016072656	81.128	514	512	507	100	0.0	770	PREDICTED: perilipin-1 [Miniopterus natalensis]	291302
XP_036211704.1	XP_080980445	80.739	514	512	507	100	0.0	770	perilipin-1 [Miniopterus schreibersii]	9433
XP_036211704.1	XP_066211888	80.077	517	512	505	100	0.0	757	perilipin-1 [Saccopteryx leptura]	249018
XP_036211704.1	XP_080897307	78.958	518	512	511	100	0.0	755	perilipin-1 isoform 1 [Rhinolophus hipposideros]	77218
XP_036211704.1	XP_080897306	78.958	518	512	511	100	0.0	755	perilipin-1 isoform 1 [Rhinolophus hipposideros]	77218
XP_036211704.1	XP_080897305	78.958	518	512	511	100	0.0	755	perilipin-1 isoform 1 [Rhinolophus hipposideros]	77218
XP_036211704.1	XP_080897304	78.958	518	512	511	100	0.0	755	perilipin-1 isoform 1 [Rhinolophus hipposideros]	77218
XP_036211704.1	XP_080897303	78.958	518	512	511	100	0.0	755	perilipin-1 isoform 1 [Rhinolophus hipposideros]	77218
XP_036211704.1	XP_080897302	78.958	518	512	511	100	0.0	755	perilipin-1 isoform 1 [Rhinolophus hipposideros]	77218
XP_036211704.1	XP_032956190	78.185	518	512	511	100	0.0	745	perilipin-1 isoform X4 [Rhinolophus ferrumequinum]	59479
XP_036211704.1	XP_066096590	79.191	519	512	507	100	0.0	743	perilipin-1 [Saccopteryx bilineata]	59482
XP_036211704.1	XP_074173928	77.992	518	512	511	100	0.0	739	perilipin-1 isoform X1 [Rhinolophus sinicus]	89399
XP_036211704.1	XP_019575444	77.992	518	512	511	100	0.0	739	perilipin-1 isoform X1 [Rhinolophus sinicus]	89399
XP_036211704.1	XP_074173927	77.992	518	512	511	100	0.0	739	perilipin-1 isoform X1 [Rhinolophus sinicus]	89399
XP_036211704.1	XP_019495573	77.799	518	512	511	100	0.0	736	PREDICTED: perilipin-1 [Hipposideros armiger]	186990
XP_036211704.1	XP_019495572	77.799	518	512	511	100	0.0	736	PREDICTED: perilipin-1 [Hipposideros armiger]	186990
XP_036211704.1	XP_039714440	77.586	522	512	515	100	0.0	733	perilipin-1 [Pteropus medius]	143291
XP_036211704.1	XP_039714439	77.586	522	512	515	100	0.0	733	perilipin-1 [Pteropus medius]	143291
XP_036211704.1	XP_039714438	77.586	522	512	515	100	0.0	733	perilipin-1 [Pteropus medius]	143291
XP_036211704.1	XP_023378744	77.203	522	512	515	100	0.0	731	perilipin-1 [Pteropus vampyrus]	132908
XP_036211704.1	XP_023378743	77.203	522	512	515	100	0.0	731	perilipin-1 [Pteropus vampyrus]	132908
XP_036211704.1	XP_023378742	77.203	522	512	515	100	0.0	731	perilipin-1 [Pteropus vampyrus]	132908
XP_036211704.1	XP_024905542	77.011	522	512	515	100	0.0	728	perilipin-1 [Pteropus alecto]	9402
XP_036211704.1	XP_024905541	77.011	522	512	515	100	0.0	728	perilipin-1 [Pteropus alecto]	9402
XP_036211704.1	XP_024905537	77.011	522	512	515	100	0.0	728	perilipin-1 [Pteropus alecto]	9402
XP_036211704.1	XP_032956189	78.330	503	512	517	97	0.0	726	perilipin-1 isoform X3 [Rhinolophus ferrumequinum]	59479
XP_036211704.1	XP_032956186	78.330	503	512	568	97	0.0	724	perilipin-1 isoform X1 [Rhinolophus ferrumequinum]	59479
XP_036211704.1	XP_032956188	78.330	503	512	529	97	0.0	723	perilipin-1 isoform X2 [Rhinolophus ferrumequinum]	59479
XP_036211704.1	XP_035868238	76.448	518	512	513	100	0.0	721	perilipin-1 [Phyllostomus discolor]	89673
XP_036211704.1	XP_028358140	76.448	518	512	513	100	0.0	721	perilipin-1 [Phyllostomus discolor]	89673
XP_036211704.1	XP_016007074	77.395	522	512	515	100	0.0	719	perilipin-1 isoform X1 [Rousettus aegyptiacus]	9407
XP_036211704.1	XP_016007073	77.395	522	512	515	100	0.0	719	perilipin-1 isoform X1 [Rousettus aegyptiacus]	9407
XP_036211704.1	XP_016007072	77.395	522	512	515	100	0.0	719	perilipin-1 isoform X1 [Rousettus aegyptiacus]	9407
XP_036211704.1	XP_036909519	75.862	522	512	517	100	0.0	718	perilipin-1 [Sturnira hondurensis]	192404
XP_036211704.1	XP_036909518	75.862	522	512	517	100	0.0	718	perilipin-1 [Sturnira hondurensis]	192404
XP_036211704.1	XP_045052498	76.062	518	512	513	100	0.0	714	perilipin-1 [Desmodus rotundus]	9430
XP_036211704.1	XP_045052496	76.062	518	512	513	100	0.0	714	perilipin-1 [Desmodus rotundus]	9430
XP_036211704.1	XP_045052497	76.062	518	512	513	100	0.0	714	perilipin-1 [Desmodus rotundus]	9430
XP_036211704.1	XP_045052495	76.062	518	512	513	100	0.0	714	perilipin-1 [Desmodus rotundus]	9430
XP_036211704.1	XP_024417464	76.062	518	512	513	100	0.0	714	perilipin-1 [Desmodus rotundus]	9430
XP_036211704.1	XP_053769026	76.062	518	512	513	100	0.0	714	perilipin-1 [Desmodus rotundus]	9430
XP_036211704.1	XP_045052493	76.062	518	512	513	100	0.0	714	perilipin-1 [Desmodus rotundus]	9430
XP_036211704.1	XP_024417463	76.062	518	512	513	100	0.0	714	perilipin-1 [Desmodus rotundus]	9430
XP_036211704.1	XP_015418718	87.943	423	512	407	83	0.0	714	PREDICTED: perilipin-1 [Myotis davidii]	225400
XP_036211704.1	XP_045680792	75.676	518	512	513	100	0.0	707	perilipin-1 [Phyllostomus hastatus]	9423
XP_036211704.1	XP_045680791	75.676	518	512	513	100	0.0	707	perilipin-1 [Phyllostomus hastatus]	9423
XP_036211704.1	XP_045680790	75.676	518	512	513	100	0.0	707	perilipin-1 [Phyllostomus hastatus]	9423
XP_036211704.1	XP_037000913	76.255	518	512	512	100	0.0	705	perilipin-1 [Artibeus jamaicensis]	9417
XP_036211704.1	XP_037000912	76.255	518	512	512	100	0.0	705	perilipin-1 [Artibeus jamaicensis]	9417
XP_036211704.1	XP_053514857	76.255	518	512	512	100	0.0	705	perilipin-1 [Artibeus jamaicensis]	9417
XP_036211704.1	XP_036133957	78.154	531	512	521	100	0.0	701	perilipin-1 [Molossus molossus]	27622
XP_036211704.1	XP_036133956	78.154	531	512	521	100	0.0	701	perilipin-1 [Molossus molossus]	27622
XP_036211704.1	XP_036133955	78.154	531	512	521	100	0.0	701	perilipin-1 [Molossus molossus]	27622
XP_036211704.1	XP_036133954	78.154	531	512	521	100	0.0	701	perilipin-1 [Molossus molossus]	27622
XP_036211704.1	XP_036087841	77.515	507	512	503	97	0.0	694	perilipin-1 isoform X2 [Rousettus aegyptiacus]	9407
XP_036211704.1	XP_054433540	74.187	523	512	513	100	0.0	687	perilipin-1 [Pteronotus mesoamericanus]	1884717
XP_036211704.1	XP_074173929	75.561	446	512	439	86	0.0	602	perilipin-1 isoform X2 [Rhinolophus sinicus]	89399
XP_036211704.1	XP_014387979	97.318	261	512	264	51	0.0	520	PREDICTED: peroxisomal membrane protein 11A isoform X2 [Myotis brandtii]	109478
XP_036211704.1	XP_014387978	97.318	261	512	264	51	0.0	520	PREDICTED: peroxisomal membrane protein 11A isoform X2 [Myotis brandtii]	109478
XP_036211704.1	XP_014387977	97.318	261	512	264	51	0.0	520	PREDICTED: peroxisomal membrane protein 11A isoform X2 [Myotis brandtii]	109478
XP_036211704.1	XP_014387976	97.318	261	512	264	51	0.0	520	PREDICTED: peroxisomal membrane protein 11A isoform X2 [Myotis brandtii]	109478
XP_036211704.1	XP_014387975	97.318	261	512	264	51	0.0	520	PREDICTED: peroxisomal membrane protein 11A isoform X2 [Myotis brandtii]	109478
XP_036211704.1	XP_014387972	96.528	144	512	171	28	2.30e-89	275	PREDICTED: perilipin-1-like, partial [Myotis brandtii]	109478
XP_036211704.1	XP_045058221	31.356	236	512	439	43	1.74e-28	122	perilipin-3 isoform X1 [Desmodus rotundus]	9430
XP_036211704.1	XP_024424391	31.356	236	512	439	43	1.74e-28	122	perilipin-3 isoform X1 [Desmodus rotundus]	9430
XP_036211704.1	XP_024424393	31.356	236	512	439	43	1.74e-28	122	perilipin-3 isoform X1 [Desmodus rotundus]	9430
XP_036211704.1	XP_024424390	31.356	236	512	439	43	1.74e-28	122	perilipin-3 isoform X1 [Desmodus rotundus]	9430
XP_036211704.1	XP_024424389	31.356	236	512	439	43	1.74e-28	122	perilipin-3 isoform X1 [Desmodus rotundus]	9430
XP_036211704.1	XP_024424394	31.356	236	512	438	43	1.82e-28	122	perilipin-3 isoform X2 [Desmodus rotundus]	9430
XP_036211704.1	XP_036917807	25.566	442	512	447	81	7.17e-28	121	perilipin-2 isoform X1 [Sturnira hondurensis]	192404
XP_036211704.1	XP_036917806	25.566	442	512	447	81	7.17e-28	121	perilipin-2 isoform X1 [Sturnira hondurensis]	192404
XP_036211704.1	XP_023614683	26.244	442	512	447	81	1.07e-27	120	perilipin-2 isoform X1 [Myotis lucifugus]	59463
XP_036211704.1	XP_070287829	26.244	442	512	447	81	1.22e-27	120	perilipin-2 isoform X1 [Myotis yumanensis]	159337
XP_036211704.1	XP_005869651	25.658	456	512	437	84	1.38e-27	120	PREDICTED: perilipin-2 isoform X2 [Myotis brandtii]	109478
XP_036211704.1	XP_036917809	25.537	419	512	437	78	1.93e-27	119	perilipin-2 isoform X2 [Sturnira hondurensis]	192404
XP_036211704.1	XP_054438847	31.780	236	512	452	43	2.06e-27	120	perilipin-3 isoform X2 [Pteronotus mesoamericanus]	1884717
XP_036211704.1	XP_054438846	31.780	236	512	453	43	2.15e-27	119	perilipin-3 isoform X1 [Pteronotus mesoamericanus]	1884717
XP_036211704.1	XP_054438844	31.780	236	512	453	43	2.15e-27	119	perilipin-3 isoform X1 [Pteronotus mesoamericanus]	1884717
XP_036211704.1	XP_054438843	31.780	236	512	453	43	2.15e-27	119	perilipin-3 isoform X1 [Pteronotus mesoamericanus]	1884717
XP_036211704.1	XP_054438842	31.780	236	512	453	43	2.15e-27	119	perilipin-3 isoform X1 [Pteronotus mesoamericanus]	1884717
XP_036211704.1	XP_054438841	31.780	236	512	453	43	2.15e-27	119	perilipin-3 isoform X1 [Pteronotus mesoamericanus]	1884717
XP_036211704.1	XP_054438840	31.780	236	512	453	43	2.15e-27	119	perilipin-3 isoform X1 [Pteronotus mesoamericanus]	1884717
XP_036211704.1	XP_054438839	31.780	236	512	453	43	2.15e-27	119	perilipin-3 isoform X1 [Pteronotus mesoamericanus]	1884717
XP_036211704.1	XP_054438838	31.780	236	512	453	43	2.15e-27	119	perilipin-3 isoform X1 [Pteronotus mesoamericanus]	1884717
XP_036211704.1	XP_054438837	31.780	236	512	453	43	2.15e-27	119	perilipin-3 isoform X1 [Pteronotus mesoamericanus]	1884717
XP_036211704.1	XP_054438836	31.780	236	512	453	43	2.15e-27	119	perilipin-3 isoform X1 [Pteronotus mesoamericanus]	1884717
XP_036211704.1	XP_036187139	25.792	442	512	447	81	2.91e-27	119	perilipin-2 isoform X1 [Myotis myotis]	51298
XP_036211704.1	XP_080960387	25.792	442	512	447	81	2.91e-27	119	perilipin-2 isoform 1 [Myotis nattereri]	109481
XP_036211704.1	XP_080960386	25.792	442	512	447	81	2.91e-27	119	perilipin-2 isoform 1 [Myotis nattereri]	109481
XP_036211704.1	XP_080960385	25.792	442	512	447	81	2.91e-27	119	perilipin-2 isoform 1 [Myotis nattereri]	109481
XP_036211704.1	XP_059512556	25.792	442	512	447	81	2.96e-27	119	perilipin-2 isoform X1 [Myotis daubentonii]	98922
XP_036211704.1	XP_006764988	25.439	456	512	437	85	3.50e-27	119	PREDICTED: perilipin-2 isoform X2 [Myotis davidii]	225400
XP_036211704.1	XP_016000183	30.085	236	512	437	43	4.28e-27	119	perilipin-3 [Rousettus aegyptiacus]	9407
XP_036211704.1	XP_016000178	30.085	236	512	437	43	4.28e-27	119	perilipin-3 [Rousettus aegyptiacus]	9407
XP_036211704.1	XP_014397851	25.792	442	512	447	81	4.92e-27	119	PREDICTED: perilipin-2 isoform X1 [Myotis brandtii]	109478
XP_036211704.1	XP_054439169	25.971	412	512	406	78	5.19e-27	118	perilipin-2 isoform X2 [Pteronotus mesoamericanus]	1884717
XP_036211704.1	XP_054439168	25.754	431	512	436	81	7.74e-27	118	perilipin-2 isoform X1 [Pteronotus mesoamericanus]	1884717
XP_036211704.1	XP_006094863	26.241	423	512	437	78	7.98e-27	118	perilipin-2 isoform X2 [Myotis lucifugus]	59463
XP_036211704.1	XP_070287830	25.821	457	512	437	83	8.22e-27	117	perilipin-2 isoform X2 [Myotis yumanensis]	159337
XP_036211704.1	XP_053514539	31.356	236	512	438	43	8.24e-27	117	perilipin-3 isoform X2 [Artibeus jamaicensis]	9417
XP_036211704.1	XP_053514538	31.356	236	512	439	43	8.25e-27	118	perilipin-3 isoform X1 [Artibeus jamaicensis]	9417
XP_036211704.1	XP_053514537	31.356	236	512	439	43	8.25e-27	118	perilipin-3 isoform X1 [Artibeus jamaicensis]	9417
XP_036211704.1	XP_053514536	31.356	236	512	439	43	8.25e-27	118	perilipin-3 isoform X1 [Artibeus jamaicensis]	9417
XP_036211704.1	XP_059512557	26.005	423	512	437	78	8.78e-27	117	perilipin-2 isoform X2 [Myotis daubentonii]	98922
XP_036211704.1	XP_066113426	25.835	449	512	447	82	8.81e-27	118	perilipin-2 isoform X2 [Saccopteryx bilineata]	59482
XP_036211704.1	XP_036097908	29.362	235	512	437	43	9.30e-27	117	perilipin-3 [Molossus molossus]	27622
XP_036211704.1	XP_036097907	29.362	235	512	437	43	9.30e-27	117	perilipin-3 [Molossus molossus]	27622
XP_036211704.1	XP_015420215	25.566	442	512	447	81	1.01e-26	117	PREDICTED: perilipin-2 isoform X1 [Myotis davidii]	225400
XP_036211704.1	XP_036187140	25.776	419	512	437	78	1.03e-26	117	perilipin-2 isoform X2 [Myotis myotis]	51298
XP_036211704.1	XP_019605926	26.247	461	512	460	84	1.08e-26	117	perilipin-2 isoform X1 [Rhinolophus sinicus]	89399
XP_036211704.1	XP_080923941	26.882	465	512	460	84	1.09e-26	117	perilipin-2 isoform 1 [Rhinolophus hipposideros]	77218
XP_036211704.1	XP_080923940	26.882	465	512	460	84	1.09e-26	117	perilipin-2 isoform 1 [Rhinolophus hipposideros]	77218
XP_036211704.1	XP_080923939	26.882	465	512	460	84	1.09e-26	117	perilipin-2 isoform 1 [Rhinolophus hipposideros]	77218
XP_036211704.1	XP_066113427	27.900	319	512	436	59	1.99e-26	117	perilipin-2 isoform X3 [Saccopteryx bilineata]	59482
XP_036211704.1	XP_066131274	29.388	245	512	436	45	2.30e-26	116	perilipin-3 isoform X2 [Saccopteryx bilineata]	59482
XP_036211704.1	XP_066131263	29.388	245	512	437	45	2.51e-26	116	perilipin-3 isoform X1 [Saccopteryx bilineata]	59482
XP_036211704.1	XP_066131253	29.388	245	512	437	45	2.51e-26	116	perilipin-3 isoform X1 [Saccopteryx bilineata]	59482
XP_036211704.1	XP_019605929	31.739	230	512	436	43	2.95e-26	116	perilipin-2 isoform X2 [Rhinolophus sinicus]	89399
XP_036211704.1	XP_066200885	29.237	236	512	437	43	3.41e-26	116	perilipin-3 isoform X1 [Saccopteryx leptura]	249018
XP_036211704.1	XP_066200884	29.237	236	512	437	43	3.41e-26	116	perilipin-3 isoform X1 [Saccopteryx leptura]	249018
XP_036211704.1	XP_066200886	29.237	236	512	436	43	3.43e-26	116	perilipin-3 isoform X2 [Saccopteryx leptura]	249018
XP_036211704.1	XP_080523803	25.566	442	512	447	81	3.68e-26	116	perilipin-2 isoform 1 [Plecotus auritus]	61862
XP_036211704.1	XP_080523802	25.566	442	512	447	81	3.68e-26	116	perilipin-2 isoform 1 [Plecotus auritus]	61862
XP_036211704.1	XP_080523801	25.566	442	512	447	81	3.68e-26	116	perilipin-2 isoform 1 [Plecotus auritus]	61862
XP_036211704.1	XP_066113425	27.900	319	512	456	59	4.42e-26	116	perilipin-2 isoform X1 [Saccopteryx bilineata]	59482
XP_036211704.1	XP_053512266	25.792	442	512	447	81	5.70e-26	115	perilipin-2 isoform X1 [Artibeus jamaicensis]	9417
XP_036211704.1	XP_045687606	30.932	236	512	438	43	5.99e-26	115	perilipin-3 isoform X2 [Phyllostomus hastatus]	9423
XP_036211704.1	XP_045687605	30.932	236	512	439	43	7.06e-26	115	perilipin-3 isoform X1 [Phyllostomus hastatus]	9423
XP_036211704.1	XP_045687604	30.932	236	512	439	43	7.06e-26	115	perilipin-3 isoform X1 [Phyllostomus hastatus]	9423
XP_036211704.1	XP_045687603	30.932	236	512	439	43	7.06e-26	115	perilipin-3 isoform X1 [Phyllostomus hastatus]	9423
XP_036211704.1	XP_045687602	30.932	236	512	439	43	7.06e-26	115	perilipin-3 isoform X1 [Phyllostomus hastatus]	9423
XP_036211704.1	XP_045687601	30.932	236	512	439	43	7.06e-26	115	perilipin-3 isoform X1 [Phyllostomus hastatus]	9423
XP_036211704.1	XP_045687600	30.932	236	512	439	43	7.06e-26	115	perilipin-3 isoform X1 [Phyllostomus hastatus]	9423
XP_036211704.1	XP_036988246	25.962	416	512	437	78	7.17e-26	115	perilipin-2 isoform X2 [Artibeus jamaicensis]	9417
XP_036211704.1	XP_008143255	26.202	416	512	437	78	7.38e-26	115	perilipin-2 [Eptesicus fuscus]	29078
XP_036211704.1	XP_066224328	25.612	449	512	447	82	7.57e-26	115	perilipin-2 isoform X1 [Saccopteryx leptura]	249018
XP_036211704.1	XP_080523804	25.822	426	512	422	78	7.83e-26	114	perilipin-2 isoform 2 [Plecotus auritus]	61862
XP_036211704.1	XP_079646813	25.768	423	512	437	78	7.96e-26	115	perilipin-2 isoform 1 [Cnephaeus nilssonii]	3371016
XP_036211704.1	XP_079646812	25.768	423	512	437	78	7.96e-26	115	perilipin-2 isoform 1 [Cnephaeus nilssonii]	3371016
XP_036211704.1	XP_079646811	25.768	423	512	437	78	7.96e-26	115	perilipin-2 isoform 1 [Cnephaeus nilssonii]	3371016
XP_036211704.1	XP_036898517	30.932	236	512	438	43	8.61e-26	115	perilipin-3 isoform X2 [Sturnira hondurensis]	192404
XP_036211704.1	XP_036898516	30.932	236	512	439	43	8.96e-26	115	perilipin-3 isoform X1 [Sturnira hondurensis]	192404
XP_036211704.1	XP_036898515	30.932	236	512	439	43	8.96e-26	115	perilipin-3 isoform X1 [Sturnira hondurensis]	192404
XP_036211704.1	XP_066224330	31.513	238	512	436	44	9.70e-26	114	perilipin-2 isoform X2 [Saccopteryx leptura]	249018
XP_036211704.1	XP_080523805	25.708	424	512	402	78	1.10e-25	114	perilipin-2 isoform 3 [Plecotus auritus]	61862
XP_036211704.1	XP_045696166	32.174	230	512	447	43	1.21e-25	114	perilipin-2 isoform X2 [Phyllostomus hastatus]	9423
XP_036211704.1	XP_045696167	32.174	230	512	437	43	1.48e-25	114	perilipin-2 isoform X3 [Phyllostomus hastatus]	9423
XP_036211704.1	XP_035877449	32.174	230	512	447	43	1.87e-25	114	perilipin-2 isoform X2 [Phyllostomus discolor]	89673
XP_036211704.1	XP_028369473	32.174	230	512	447	43	1.87e-25	114	perilipin-2 isoform X2 [Phyllostomus discolor]	89673
XP_036211704.1	XP_080523806	31.304	230	512	343	43	1.88e-25	112	perilipin-2 isoform 4 [Plecotus auritus]	61862
XP_036211704.1	XP_016053355	30.508	236	512	438	43	2.18e-25	114	PREDICTED: perilipin-3 [Miniopterus natalensis]	291302
XP_036211704.1	XP_016053354	30.508	236	512	438	43	2.18e-25	114	PREDICTED: perilipin-3 [Miniopterus natalensis]	291302
XP_036211704.1	XP_028375837	29.661	236	512	438	43	2.40e-25	113	perilipin-3 isoform X2 [Phyllostomus discolor]	89673
XP_036211704.1	XP_028369482	25.537	419	512	437	78	2.51e-25	113	perilipin-2 isoform X3 [Phyllostomus discolor]	89673
XP_036211704.1	XP_035888120	29.661	236	512	439	43	2.75e-25	113	perilipin-3 isoform X1 [Phyllostomus discolor]	89673
XP_036211704.1	XP_028375836	29.661	236	512	439	43	2.75e-25	113	perilipin-3 isoform X1 [Phyllostomus discolor]	89673
XP_036211704.1	XP_035888118	29.661	236	512	439	43	2.75e-25	113	perilipin-3 isoform X1 [Phyllostomus discolor]	89673
XP_036211704.1	XP_035888117	29.661	236	512	439	43	2.75e-25	113	perilipin-3 isoform X1 [Phyllostomus discolor]	89673
XP_036211704.1	XP_028375835	29.661	236	512	439	43	2.75e-25	113	perilipin-3 isoform X1 [Phyllostomus discolor]	89673
XP_036211704.1	XP_080990295	30.705	241	512	438	43	2.93e-25	113	perilipin-3 isoform 1 [Miniopterus schreibersii]	9433
XP_036211704.1	XP_080990294	30.705	241	512	438	43	2.93e-25	113	perilipin-3 isoform 1 [Miniopterus schreibersii]	9433
XP_036211704.1	XP_032979043	26.022	465	512	461	84	3.03e-25	113	perilipin-2 isoform X1 [Rhinolophus ferrumequinum]	59479
XP_036211704.1	XP_080990297	30.705	241	512	437	43	3.13e-25	113	perilipin-3 isoform 2 [Miniopterus schreibersii]	9433
XP_036211704.1	XP_080990296	30.705	241	512	437	43	3.13e-25	113	perilipin-3 isoform 2 [Miniopterus schreibersii]	9433
XP_036211704.1	XP_032979044	30.870	230	512	436	43	3.30e-25	113	perilipin-2 isoform X2 [Rhinolophus ferrumequinum]	59479
XP_036211704.1	XP_045696165	32.174	230	512	481	43	3.35e-25	114	perilipin-2 isoform X1 [Phyllostomus hastatus]	9423
XP_036211704.1	XP_036290044	31.304	230	512	447	43	3.52e-25	113	perilipin-2 isoform X1 [Pipistrellus kuhlii]	59472
XP_036211704.1	XP_036290046	31.304	230	512	437	43	4.44e-25	112	perilipin-2 isoform X2 [Pipistrellus kuhlii]	59472
XP_036211704.1	XP_035877448	32.174	230	512	436	43	4.65e-25	112	perilipin-2 isoform X1 [Phyllostomus discolor]	89673
XP_036211704.1	XP_019514615	26.478	423	512	631	78	5.04e-25	114	PREDICTED: perilipin-2 [Hipposideros armiger]	186990
XP_036211704.1	XP_016060962	27.915	283	512	437	52	9.65e-25	112	PREDICTED: perilipin-2 [Miniopterus natalensis]	291302
XP_036211704.1	XP_081007548	31.304	230	512	445	43	1.32e-24	111	perilipin-2 isoform 1 [Miniopterus schreibersii]	9433
XP_036211704.1	XP_081007547	31.304	230	512	445	43	1.32e-24	111	perilipin-2 isoform 1 [Miniopterus schreibersii]	9433
XP_036211704.1	XP_081007546	31.304	230	512	445	43	1.32e-24	111	perilipin-2 isoform 1 [Miniopterus schreibersii]	9433
XP_036211704.1	XP_036116932	24.464	466	512	447	85	1.82e-24	111	perilipin-2 isoform X1 [Molossus molossus]	27622
XP_036211704.1	XP_036116931	24.464	466	512	447	85	1.82e-24	111	perilipin-2 isoform X1 [Molossus molossus]	27622
XP_036211704.1	XP_024414150	25.055	451	512	437	84	2.10e-24	110	perilipin-2 isoform X2 [Desmodus rotundus]	9430
XP_036211704.1	XP_066200887	28.889	225	512	406	41	2.25e-24	110	perilipin-3 isoform X3 [Saccopteryx leptura]	249018
XP_036211704.1	XP_024414149	31.739	230	512	447	43	2.39e-24	110	perilipin-2 isoform X1 [Desmodus rotundus]	9430
XP_036211704.1	XP_066131282	28.889	225	512	406	41	2.47e-24	110	perilipin-3 isoform X3 [Saccopteryx bilineata]	59482
XP_036211704.1	XP_036116933	30.870	230	512	437	43	3.83e-24	110	perilipin-2 isoform X2 [Molossus molossus]	27622
XP_036211704.1	XP_039725829	33.696	184	512	436	35	1.29e-23	108	perilipin-2 isoform X1 [Pteropus medius]	143291
XP_036211704.1	XP_019508897	26.724	232	512	349	43	1.46e-23	107	PREDICTED: perilipin-3 isoform X3 [Hipposideros armiger]	186990
XP_036211704.1	XP_019508896	26.724	232	512	349	43	1.46e-23	107	PREDICTED: perilipin-3 isoform X3 [Hipposideros armiger]	186990
XP_036211704.1	XP_039726028	33.696	184	512	447	35	1.64e-23	108	perilipin-2 isoform X2 [Pteropus medius]	143291
XP_036211704.1	XP_039725940	33.696	184	512	447	35	1.64e-23	108	perilipin-2 isoform X2 [Pteropus medius]	143291
XP_036211704.1	XP_039725869	33.696	184	512	447	35	1.64e-23	108	perilipin-2 isoform X2 [Pteropus medius]	143291
XP_036211704.1	XP_015991773	32.609	184	512	417	35	2.92e-23	107	perilipin-2 isoform X2 [Rousettus aegyptiacus]	9407
XP_036211704.1	XP_024907187	33.152	184	512	436	35	3.12e-23	107	perilipin-2 [Pteropus alecto]	9402
XP_036211704.1	XP_023389488	33.152	184	512	436	35	3.36e-23	107	perilipin-2 [Pteropus vampyrus]	132908
XP_036211704.1	XP_023389487	33.152	184	512	436	35	3.36e-23	107	perilipin-2 [Pteropus vampyrus]	132908
XP_036211704.1	XP_011363646	33.152	184	512	436	35	3.36e-23	107	perilipin-2 [Pteropus vampyrus]	132908
XP_036211704.1	XP_019508895	27.426	237	512	433	43	4.17e-23	107	PREDICTED: perilipin-3 isoform X2 [Hipposideros armiger]	186990
XP_036211704.1	XP_019508894	27.426	237	512	434	43	4.58e-23	107	PREDICTED: perilipin-3 isoform X1 [Hipposideros armiger]	186990
XP_036211704.1	XP_019508893	27.426	237	512	434	43	4.58e-23	107	PREDICTED: perilipin-3 isoform X1 [Hipposideros armiger]	186990
XP_036211704.1	XP_019508892	27.426	237	512	434	43	4.58e-23	107	PREDICTED: perilipin-3 isoform X1 [Hipposideros armiger]	186990
XP_036211704.1	XP_015991765	32.609	184	512	447	35	4.73e-23	107	perilipin-2 isoform X1 [Rousettus aegyptiacus]	9407
XP_036211704.1	XP_023601754	32.812	192	512	435	36	9.69e-23	105	perilipin-3 isoform X2 [Myotis lucifugus]	59463
XP_036211704.1	XP_006104893	32.812	192	512	436	36	1.13e-22	105	perilipin-3 isoform X1 [Myotis lucifugus]	59463
XP_036211704.1	XP_080530654	28.151	238	512	359	43	1.52e-22	104	perilipin-3 isoform 5 [Plecotus auritus]	61862
XP_036211704.1	XP_032990710	26.891	238	512	444	43	1.59e-22	105	perilipin-3 isoform X1 [Rhinolophus ferrumequinum]	59479
XP_036211704.1	XP_032990711	26.891	238	512	443	43	1.68e-22	105	perilipin-3 isoform X2 [Rhinolophus ferrumequinum]	59479
XP_036211704.1	XP_080530662	28.390	236	512	434	43	2.61e-22	104	perilipin-3 isoform 3 [Plecotus auritus]	61862
XP_036211704.1	XP_080530661	28.390	236	512	434	43	2.61e-22	104	perilipin-3 isoform 3 [Plecotus auritus]	61862
XP_036211704.1	XP_080530660	28.390	236	512	434	43	2.61e-22	104	perilipin-3 isoform 3 [Plecotus auritus]	61862
XP_036211704.1	XP_080530659	28.390	236	512	434	43	2.61e-22	104	perilipin-3 isoform 3 [Plecotus auritus]	61862
XP_036211704.1	XP_080530658	28.390	236	512	434	43	2.61e-22	104	perilipin-3 isoform 3 [Plecotus auritus]	61862
XP_036211704.1	XP_080530653	28.390	236	512	417	43	2.81e-22	104	perilipin-3 isoform 4 [Plecotus auritus]	61862
XP_036211704.1	XP_006904183	29.046	241	512	432	43	4.28e-22	103	perilipin-3 [Pteropus alecto]	9402
XP_036211704.1	XP_006904182	29.046	241	512	432	43	4.28e-22	103	perilipin-3 [Pteropus alecto]	9402
XP_036211704.1	XP_079627899	28.390	236	512	434	43	4.40e-22	103	perilipin-3 isoform 1 [Cnephaeus nilssonii]	3371016
XP_036211704.1	XP_079627898	28.390	236	512	434	43	4.40e-22	103	perilipin-3 isoform 1 [Cnephaeus nilssonii]	3371016
XP_036211704.1	XP_079627897	28.390	236	512	434	43	4.40e-22	103	perilipin-3 isoform 1 [Cnephaeus nilssonii]	3371016
XP_036211704.1	XP_080530657	28.151	238	512	442	43	4.78e-22	103	perilipin-3 isoform 2 [Plecotus auritus]	61862
XP_036211704.1	XP_080530656	28.151	238	512	442	43	4.78e-22	103	perilipin-3 isoform 2 [Plecotus auritus]	61862
XP_036211704.1	XP_080530655	28.151	238	512	442	43	4.78e-22	103	perilipin-3 isoform 2 [Plecotus auritus]	61862
XP_036211704.1	XP_080530652	28.390	236	512	461	43	6.16e-22	103	perilipin-3 isoform 1 [Plecotus auritus]	61862
XP_036211704.1	XP_036170149	29.237	236	512	436	43	8.07e-22	103	perilipin-3 isoform X1 [Myotis myotis]	51298
XP_036211704.1	XP_036170148	29.237	236	512	436	43	8.07e-22	103	perilipin-3 isoform X1 [Myotis myotis]	51298
XP_036211704.1	XP_036170150	29.237	236	512	435	43	8.15e-22	103	perilipin-3 isoform X2 [Myotis myotis]	51298
XP_036211704.1	XP_036315826	28.033	239	512	437	43	8.77e-22	103	perilipin-3 isoform X1 [Pipistrellus kuhlii]	59472
XP_036211704.1	XP_036315827	28.033	239	512	436	43	8.86e-22	103	perilipin-3 isoform X2 [Pipistrellus kuhlii]	59472
XP_036211704.1	XP_006754094	30.208	192	512	436	36	9.28e-22	103	PREDICTED: perilipin-3 [Myotis davidii]	225400
XP_036211704.1	XP_019599762	27.386	241	512	438	43	1.10e-21	102	perilipin-3 isoform X1 [Rhinolophus sinicus]	89399
XP_036211704.1	XP_074193730	27.386	241	512	438	43	1.10e-21	102	perilipin-3 isoform X1 [Rhinolophus sinicus]	89399
XP_036211704.1	XP_074193729	27.386	241	512	438	43	1.10e-21	102	perilipin-3 isoform X1 [Rhinolophus sinicus]	89399
XP_036211704.1	XP_019599759	27.386	241	512	438	43	1.10e-21	102	perilipin-3 isoform X1 [Rhinolophus sinicus]	89399
XP_036211704.1	XP_074193728	27.386	241	512	438	43	1.10e-21	102	perilipin-3 isoform X1 [Rhinolophus sinicus]	89399
XP_036211704.1	XP_019599760	27.386	241	512	438	43	1.10e-21	102	perilipin-3 isoform X1 [Rhinolophus sinicus]	89399
XP_036211704.1	XP_019599756	27.386	241	512	438	43	1.10e-21	102	perilipin-3 isoform X1 [Rhinolophus sinicus]	89399
XP_036211704.1	XP_019599757	27.386	241	512	438	43	1.10e-21	102	perilipin-3 isoform X1 [Rhinolophus sinicus]	89399
XP_036211704.1	XP_019599755	27.386	241	512	438	43	1.10e-21	102	perilipin-3 isoform X1 [Rhinolophus sinicus]	89399
XP_036211704.1	XP_080948643	32.292	192	512	436	36	1.12e-21	102	perilipin-3 isoform 1 [Myotis nattereri]	109481
XP_036211704.1	XP_074193731	27.386	241	512	437	43	1.16e-21	102	perilipin-3 isoform X2 [Rhinolophus sinicus]	89399
XP_036211704.1	XP_019599763	27.386	241	512	437	43	1.16e-21	102	perilipin-3 isoform X2 [Rhinolophus sinicus]	89399
XP_036211704.1	XP_070271974	32.292	192	512	436	36	1.23e-21	102	perilipin-3 isoform X1 [Myotis yumanensis]	159337
XP_036211704.1	XP_070271975	32.292	192	512	435	36	1.24e-21	102	perilipin-3 isoform X2 [Myotis yumanensis]	159337
XP_036211704.1	XP_023394348	27.706	231	512	432	43	1.44e-21	102	perilipin-3 [Pteropus vampyrus]	132908
XP_036211704.1	XP_023394346	27.706	231	512	432	43	1.44e-21	102	perilipin-3 [Pteropus vampyrus]	132908
XP_036211704.1	XP_059553074	32.292	192	512	380	36	1.48e-21	101	perilipin-3 isoform X3 [Myotis daubentonii]	98922
XP_036211704.1	XP_059553073	32.292	192	512	435	36	1.65e-21	102	perilipin-3 isoform X2 [Myotis daubentonii]	98922
XP_036211704.1	XP_059553072	32.292	192	512	436	36	1.73e-21	102	perilipin-3 isoform X1 [Myotis daubentonii]	98922
XP_036211704.1	XP_032990714	27.386	241	512	438	43	2.16e-21	102	perilipin-3 isoform X3 [Rhinolophus ferrumequinum]	59479
XP_036211704.1	XP_032990713	27.386	241	512	438	43	2.16e-21	102	perilipin-3 isoform X3 [Rhinolophus ferrumequinum]	59479
XP_036211704.1	XP_032990712	27.386	241	512	438	43	2.16e-21	102	perilipin-3 isoform X3 [Rhinolophus ferrumequinum]	59479
XP_036211704.1	XP_032990715	27.386	241	512	437	43	2.31e-21	102	perilipin-3 isoform X4 [Rhinolophus ferrumequinum]	59479
XP_036211704.1	XP_054573462	27.966	236	512	434	43	4.42e-21	101	perilipin-3 [Eptesicus fuscus]	29078
XP_036211704.1	XP_054573461	27.966	236	512	434	43	4.42e-21	101	perilipin-3 [Eptesicus fuscus]	29078
XP_036211704.1	XP_054573460	27.966	236	512	434	43	4.42e-21	101	perilipin-3 [Eptesicus fuscus]	29078
XP_036211704.1	XP_008148816	27.966	236	512	434	43	4.42e-21	101	perilipin-3 [Eptesicus fuscus]	29078
XP_036211704.1	XP_080932304	27.386	241	512	437	43	4.93e-21	100	perilipin-3 isoform 2 [Rhinolophus hipposideros]	77218
XP_036211704.1	XP_080932303	27.386	241	512	438	43	5.02e-21	100	perilipin-3 isoform 1 [Rhinolophus hipposideros]	77218
XP_036211704.1	XP_080932302	27.386	241	512	438	43	5.02e-21	100	perilipin-3 isoform 1 [Rhinolophus hipposideros]	77218
XP_036211704.1	XP_080948644	28.054	221	512	405	41	7.51e-20	97.1	perilipin-3 isoform 2 [Myotis nattereri]	109481
XP_036211704.1	XP_080932301	26.531	245	512	452	46	1.17e-19	97.1	perilipin-5 [Rhinolophus hipposideros]	77218
XP_036211704.1	XP_032989220	26.230	244	512	452	46	1.65e-19	96.7	perilipin-5 [Rhinolophus ferrumequinum]	59479
XP_036211704.1	XP_019599593	26.230	244	512	452	46	2.48e-19	95.9	perilipin-5 [Rhinolophus sinicus]	89399
XP_036211704.1	XP_019599592	26.230	244	512	452	46	2.48e-19	95.9	perilipin-5 [Rhinolophus sinicus]	89399
XP_036211704.1	XP_019599591	26.230	244	512	452	46	2.48e-19	95.9	perilipin-5 [Rhinolophus sinicus]	89399
XP_036211704.1	XP_039734364	27.155	232	512	428	43	2.76e-19	95.5	perilipin-3 [Pteropus medius]	143291
XP_036211704.1	XP_039734363	27.155	232	512	428	43	2.76e-19	95.5	perilipin-3 [Pteropus medius]	143291
XP_036211704.1	XP_066200749	26.122	245	512	452	46	1.09e-18	94.0	perilipin-5 isoform X1 [Saccopteryx leptura]	249018
XP_036211704.1	XP_066131445	26.122	245	512	452	46	1.09e-18	94.0	perilipin-5 isoform X1 [Saccopteryx bilineata]	59482
XP_036211704.1	XP_011380221	28.723	188	512	461	37	1.53e-18	93.6	perilipin-5 [Pteropus vampyrus]	132908
XP_036211704.1	XP_016000231	38.129	139	512	456	25	1.70e-18	93.6	perilipin-5 [Rousettus aegyptiacus]	9407
XP_036211704.1	XP_019508891	39.831	118	512	453	23	2.06e-18	93.2	PREDICTED: perilipin-5 [Hipposideros armiger]	186990
XP_036211704.1	XP_036170835	25.820	244	512	454	46	2.70e-18	92.8	perilipin-5 [Myotis myotis]	51298
XP_036211704.1	XP_036170834	25.820	244	512	454	46	2.70e-18	92.8	perilipin-5 [Myotis myotis]	51298
XP_036211704.1	XP_036170833	25.820	244	512	454	46	2.70e-18	92.8	perilipin-5 [Myotis myotis]	51298
XP_036211704.1	XP_036170832	25.820	244	512	454	46	2.70e-18	92.8	perilipin-5 [Myotis myotis]	51298
XP_036211704.1	XP_036170830	25.820	244	512	454	46	2.70e-18	92.8	perilipin-5 [Myotis myotis]	51298
XP_036211704.1	XP_036170829	25.820	244	512	454	46	2.70e-18	92.8	perilipin-5 [Myotis myotis]	51298
XP_036211704.1	XP_080990293	37.500	120	512	454	23	2.77e-18	92.8	perilipin-5 isoform 1 [Miniopterus schreibersii]	9433
XP_036211704.1	XP_080990292	37.500	120	512	454	23	2.77e-18	92.8	perilipin-5 isoform 1 [Miniopterus schreibersii]	9433
XP_036211704.1	XP_080990291	37.500	120	512	454	23	2.77e-18	92.8	perilipin-5 isoform 1 [Miniopterus schreibersii]	9433
XP_036211704.1	XP_016053463	37.500	120	512	454	23	2.80e-18	92.8	PREDICTED: perilipin-5 [Miniopterus natalensis]	291302
XP_036211704.1	XP_039734334	28.652	178	512	459	35	3.10e-18	92.8	perilipin-5 isoform X1 [Pteropus medius]	143291
XP_036211704.1	XP_039734333	28.652	178	512	459	35	3.10e-18	92.8	perilipin-5 isoform X1 [Pteropus medius]	143291
XP_036211704.1	XP_059553109	38.211	123	512	454	24	3.45e-18	92.4	perilipin-5 [Myotis daubentonii]	98922
XP_036211704.1	XP_059553108	38.211	123	512	454	24	3.45e-18	92.4	perilipin-5 [Myotis daubentonii]	98922
XP_036211704.1	XP_059553107	38.211	123	512	454	24	3.45e-18	92.4	perilipin-5 [Myotis daubentonii]	98922
XP_036211704.1	XP_059553106	38.211	123	512	454	24	3.45e-18	92.4	perilipin-5 [Myotis daubentonii]	98922
XP_036211704.1	XP_059553105	38.211	123	512	454	24	3.45e-18	92.4	perilipin-5 [Myotis daubentonii]	98922
XP_036211704.1	XP_059553104	38.211	123	512	454	24	3.45e-18	92.4	perilipin-5 [Myotis daubentonii]	98922
XP_036211704.1	XP_006904175	40.187	107	512	456	21	3.59e-18	92.4	perilipin-5 [Pteropus alecto]	9402
XP_036211704.1	XP_036137906	36.486	148	512	454	27	6.41e-18	91.7	perilipin-5 [Molossus molossus]	27622
XP_036211704.1	XP_036137905	36.486	148	512	454	27	6.41e-18	91.7	perilipin-5 [Molossus molossus]	27622
XP_036211704.1	XP_070271963	37.398	123	512	454	24	8.49e-18	91.3	perilipin-5 [Myotis yumanensis]	159337
XP_036211704.1	XP_070271962	37.398	123	512	454	24	8.49e-18	91.3	perilipin-5 [Myotis yumanensis]	159337
XP_036211704.1	XP_070271961	37.398	123	512	454	24	8.49e-18	91.3	perilipin-5 [Myotis yumanensis]	159337
XP_036211704.1	XP_006106974	37.398	123	512	454	24	8.49e-18	91.3	perilipin-5 [Myotis lucifugus]	59463
XP_036211704.1	XP_023603445	37.398	123	512	454	24	8.49e-18	91.3	perilipin-5 [Myotis lucifugus]	59463
XP_036211704.1	XP_006106973	37.398	123	512	454	24	8.49e-18	91.3	perilipin-5 [Myotis lucifugus]	59463
XP_036211704.1	XP_006106972	37.398	123	512	454	24	8.49e-18	91.3	perilipin-5 [Myotis lucifugus]	59463
XP_036211704.1	XP_080948641	38.136	118	512	454	23	1.36e-17	90.9	perilipin-5 isoform 1 [Myotis nattereri]	109481
XP_036211704.1	XP_080948640	38.136	118	512	454	23	1.36e-17	90.9	perilipin-5 isoform 1 [Myotis nattereri]	109481
XP_036211704.1	XP_080948639	38.136	118	512	454	23	1.36e-17	90.9	perilipin-5 isoform 1 [Myotis nattereri]	109481
XP_036211704.1	XP_028015240	38.655	119	512	457	23	1.46e-17	90.9	perilipin-5 [Eptesicus fuscus]	29078
XP_036211704.1	XP_045687662	34.667	150	512	455	27	2.88e-17	89.7	perilipin-5 isoform X1 [Phyllostomus hastatus]	9423
XP_036211704.1	XP_028375839	34.667	150	512	455	27	2.88e-17	89.7	perilipin-5 [Phyllostomus discolor]	89673
XP_036211704.1	XP_036315820	38.655	119	512	458	23	3.01e-17	89.7	perilipin-5 [Pipistrellus kuhlii]	59472
XP_036211704.1	XP_036315819	38.655	119	512	458	23	3.01e-17	89.7	perilipin-5 [Pipistrellus kuhlii]	59472
XP_036211704.1	XP_045445055	38.655	119	512	458	23	3.01e-17	89.7	perilipin-5 [Pipistrellus kuhlii]	59472
XP_036211704.1	XP_014388823	37.398	123	512	454	24	3.28e-17	89.7	PREDICTED: perilipin-5 [Myotis brandtii]	109478
XP_036211704.1	XP_014388818	37.398	123	512	454	24	3.28e-17	89.7	PREDICTED: perilipin-5 [Myotis brandtii]	109478
XP_036211704.1	XP_014388813	37.398	123	512	454	24	3.28e-17	89.7	PREDICTED: perilipin-5 [Myotis brandtii]	109478
XP_036211704.1	XP_037021132	24.590	244	512	455	46	4.40e-17	89.4	perilipin-5 [Artibeus jamaicensis]	9417
XP_036211704.1	XP_079626940	38.136	118	512	458	23	4.77e-17	89.0	perilipin-5 [Cnephaeus nilssonii]	3371016
XP_036211704.1	XP_036898499	24.590	244	512	455	46	4.91e-17	89.0	perilipin-5 [Sturnira hondurensis]	192404
XP_036211704.1	XP_015422608	38.793	116	512	454	23	5.25e-17	89.0	PREDICTED: perilipin-5 [Myotis davidii]	225400
XP_036211704.1	XP_006754107	38.793	116	512	454	23	5.25e-17	89.0	PREDICTED: perilipin-5 [Myotis davidii]	225400
XP_036211704.1	XP_006754106	38.793	116	512	454	23	5.25e-17	89.0	PREDICTED: perilipin-5 [Myotis davidii]	225400
XP_036211704.1	XP_006754105	38.793	116	512	454	23	5.25e-17	89.0	PREDICTED: perilipin-5 [Myotis davidii]	225400
XP_036211704.1	XP_024425066	35.971	139	512	455	25	8.37e-17	88.2	perilipin-5 [Desmodus rotundus]	9430
XP_036211704.1	XP_080530682	25.306	245	512	454	46	1.39e-16	87.8	perilipin-5 isoform 1 [Plecotus auritus]	61862
XP_036211704.1	XP_080530681	25.306	245	512	454	46	1.39e-16	87.8	perilipin-5 isoform 1 [Plecotus auritus]	61862
XP_036211704.1	XP_080530680	25.306	245	512	454	46	1.39e-16	87.8	perilipin-5 isoform 1 [Plecotus auritus]	61862
XP_036211704.1	XP_080530679	25.306	245	512	454	46	1.39e-16	87.8	perilipin-5 isoform 1 [Plecotus auritus]	61862
XP_036211704.1	XP_080530678	25.306	245	512	454	46	1.39e-16	87.8	perilipin-5 isoform 1 [Plecotus auritus]	61862
XP_036211704.1	XP_080530677	25.306	245	512	454	46	1.39e-16	87.8	perilipin-5 isoform 1 [Plecotus auritus]	61862
XP_036211704.1	XP_080530676	25.306	245	512	454	46	1.39e-16	87.8	perilipin-5 isoform 1 [Plecotus auritus]	61862
XP_036211704.1	XP_080530674	25.306	245	512	454	46	1.39e-16	87.8	perilipin-5 isoform 1 [Plecotus auritus]	61862
XP_036211704.1	XP_080530663	25.306	245	512	454	46	1.39e-16	87.8	perilipin-5 isoform 1 [Plecotus auritus]	61862
XP_036211704.1	XP_054438824	34.641	153	512	455	28	2.96e-16	86.7	perilipin-5 [Pteronotus mesoamericanus]	1884717
XP_036211704.1	XP_054438823	34.641	153	512	455	28	2.96e-16	86.7	perilipin-5 [Pteronotus mesoamericanus]	1884717
XP_036211704.1	XP_054438822	34.641	153	512	455	28	2.96e-16	86.7	perilipin-5 [Pteronotus mesoamericanus]	1884717
