XP_036186069.1	XP_036186069	100.000	796	796	796	100	0.0	1640	peroxisome proliferator-activated receptor gamma coactivator 1-alpha [Myotis myotis]	51298
XP_036186069.1	XP_059530320	99.749	796	796	796	100	0.0	1635	peroxisome proliferator-activated receptor gamma coactivator 1-alpha isoform X1 [Myotis daubentonii]	98922
XP_036186069.1	XP_070254720	99.623	796	796	796	100	0.0	1634	peroxisome proliferator-activated receptor gamma coactivator 1-alpha isoform X1 [Myotis yumanensis]	159337
XP_036186069.1	XP_005877725	99.623	796	796	796	100	0.0	1634	PREDICTED: peroxisome proliferator-activated receptor gamma coactivator 1-alpha isoform X1 [Myotis brandtii]	109478
XP_036186069.1	XP_006093335	99.623	796	796	796	100	0.0	1634	peroxisome proliferator-activated receptor gamma coactivator 1-alpha [Myotis lucifugus]	59463
XP_036186069.1	XP_006771104	99.623	796	796	796	100	0.0	1633	PREDICTED: peroxisome proliferator-activated receptor gamma coactivator 1-alpha isoform X1 [Myotis davidii]	225400
XP_036186069.1	XP_008138413	99.121	796	796	796	100	0.0	1623	peroxisome proliferator-activated receptor gamma coactivator 1-alpha isoform X2 [Eptesicus fuscus]	29078
XP_036186069.1	XP_080939268	99.122	797	796	797	100	0.0	1623	peroxisome proliferator-activated receptor gamma coactivator 1-alpha isoform 1 [Myotis nattereri]	109481
XP_036186069.1	XP_079625120	98.995	796	796	796	100	0.0	1621	peroxisome proliferator-activated receptor gamma coactivator 1-alpha [Cnephaeus nilssonii]	3371016
XP_036186069.1	XP_080496428	98.869	796	796	796	100	0.0	1618	peroxisome proliferator-activated receptor gamma coactivator 1-alpha isoform 4 [Plecotus auritus]	61862
XP_036186069.1	XP_080496425	97.041	811	796	811	100	0.0	1607	peroxisome proliferator-activated receptor gamma coactivator 1-alpha isoform 1 [Plecotus auritus]	61862
XP_036186069.1	XP_036275327	98.123	799	796	799	100	0.0	1604	peroxisome proliferator-activated receptor gamma coactivator 1-alpha [Pipistrellus kuhlii]	59472
XP_036186069.1	XP_059530328	99.744	780	796	786	98	0.0	1597	peroxisome proliferator-activated receptor gamma coactivator 1-alpha isoform X2 [Myotis daubentonii]	98922
XP_036186069.1	XP_005877726	99.615	780	796	786	98	0.0	1596	PREDICTED: peroxisome proliferator-activated receptor gamma coactivator 1-alpha isoform X2 [Myotis brandtii]	109478
XP_036186069.1	XP_006919020	97.111	796	796	796	100	0.0	1595	peroxisome proliferator-activated receptor gamma coactivator 1-alpha isoform X2 [Pteropus alecto]	9402
XP_036186069.1	XP_006771105	99.615	780	796	786	98	0.0	1595	PREDICTED: peroxisome proliferator-activated receptor gamma coactivator 1-alpha isoform X2 [Myotis davidii]	225400
XP_036186069.1	XP_039694009	97.111	796	796	796	100	0.0	1594	peroxisome proliferator-activated receptor gamma coactivator 1-alpha isoform X2 [Pteropus medius]	143291
XP_036186069.1	XP_011363527	97.236	796	796	796	100	0.0	1594	peroxisome proliferator-activated receptor gamma coactivator 1-alpha isoform X2 [Pteropus vampyrus]	132908
XP_036186069.1	XP_032962153	97.111	796	796	796	100	0.0	1591	peroxisome proliferator-activated receptor gamma coactivator 1-alpha isoform X2 [Rhinolophus ferrumequinum]	59479
XP_036186069.1	XP_019599437	96.985	796	796	796	100	0.0	1589	peroxisome proliferator-activated receptor gamma coactivator 1-alpha isoform X3 [Rhinolophus sinicus]	89399
XP_036186069.1	XP_016010316	97.111	796	796	796	100	0.0	1588	peroxisome proliferator-activated receptor gamma coactivator 1-alpha isoform X3 [Rousettus aegyptiacus]	9407
XP_036186069.1	XP_053528293	96.985	796	796	796	100	0.0	1588	peroxisome proliferator-activated receptor gamma coactivator 1-alpha isoform X1 [Artibeus jamaicensis]	9417
XP_036186069.1	XP_054579997	98.226	789	796	803	99	0.0	1587	peroxisome proliferator-activated receptor gamma coactivator 1-alpha isoform X1 [Eptesicus fuscus]	29078
XP_036186069.1	XP_054437968	97.111	796	796	796	100	0.0	1587	peroxisome proliferator-activated receptor gamma coactivator 1-alpha isoform X1 [Pteronotus mesoamericanus]	1884717
XP_036186069.1	XP_024429715	97.111	796	796	796	100	0.0	1586	peroxisome proliferator-activated receptor gamma coactivator 1-alpha isoform X2 [Desmodus rotundus]	9430
XP_036186069.1	XP_039694008	96.025	805	796	805	100	0.0	1586	peroxisome proliferator-activated receptor gamma coactivator 1-alpha isoform X1 [Pteropus medius]	143291
XP_036186069.1	XP_028361428	96.985	796	796	796	100	0.0	1586	peroxisome proliferator-activated receptor gamma coactivator 1-alpha isoform X2 [Phyllostomus discolor]	89673
XP_036186069.1	XP_080904316	96.859	796	796	796	100	0.0	1586	peroxisome proliferator-activated receptor gamma coactivator 1-alpha isoform 2 [Rhinolophus hipposideros]	77218
XP_036186069.1	XP_019497959	96.734	796	796	796	100	0.0	1585	PREDICTED: peroxisome proliferator-activated receptor gamma coactivator 1-alpha isoform X2 [Hipposideros armiger]	186990
XP_036186069.1	XP_080939269	99.104	781	796	787	98	0.0	1585	peroxisome proliferator-activated receptor gamma coactivator 1-alpha isoform 2 [Myotis nattereri]	109481
XP_036186069.1	XP_045689997	96.734	796	796	796	100	0.0	1584	peroxisome proliferator-activated receptor gamma coactivator 1-alpha isoform X2 [Phyllostomus hastatus]	9423
XP_036186069.1	XP_036900832	96.734	796	796	796	100	0.0	1584	peroxisome proliferator-activated receptor gamma coactivator 1-alpha isoform X1 [Sturnira hondurensis]	192404
XP_036186069.1	XP_080496430	98.846	780	796	786	98	0.0	1580	peroxisome proliferator-activated receptor gamma coactivator 1-alpha isoform 6 [Plecotus auritus]	61862
XP_036186069.1	XP_080496426	98.720	781	796	803	98	0.0	1579	peroxisome proliferator-activated receptor gamma coactivator 1-alpha isoform 2 [Plecotus auritus]	61862
XP_036186069.1	XP_016073738	96.734	796	796	796	100	0.0	1578	PREDICTED: peroxisome proliferator-activated receptor gamma coactivator 1-alpha isoform X2 [Miniopterus natalensis]	291302
XP_036186069.1	XP_080985206	96.734	796	796	796	100	0.0	1578	peroxisome proliferator-activated receptor gamma coactivator 1-alpha isoform 3 [Miniopterus schreibersii]	9433
XP_036186069.1	XP_054580012	97.972	789	796	801	99	0.0	1577	peroxisome proliferator-activated receptor gamma coactivator 1-alpha isoform X3 [Eptesicus fuscus]	29078
XP_036186069.1	XP_080496429	98.593	782	796	792	98	0.0	1577	peroxisome proliferator-activated receptor gamma coactivator 1-alpha isoform 5 [Plecotus auritus]	61862
XP_036186069.1	XP_080496427	96.981	795	796	801	98	0.0	1568	peroxisome proliferator-activated receptor gamma coactivator 1-alpha isoform 3 [Plecotus auritus]	61862
XP_036186069.1	XP_066240213	95.980	796	796	796	100	0.0	1566	peroxisome proliferator-activated receptor gamma coactivator 1-alpha [Saccopteryx leptura]	249018
XP_036186069.1	XP_066134951	95.729	796	796	796	100	0.0	1562	peroxisome proliferator-activated receptor gamma coactivator 1-alpha [Saccopteryx bilineata]	59482
XP_036186069.1	XP_006919019	96.927	781	796	803	98	0.0	1557	peroxisome proliferator-activated receptor gamma coactivator 1-alpha isoform X1 [Pteropus alecto]	9402
XP_036186069.1	XP_011363519	97.055	781	796	803	98	0.0	1556	peroxisome proliferator-activated receptor gamma coactivator 1-alpha isoform X1 [Pteropus vampyrus]	132908
XP_036186069.1	XP_006919021	97.051	780	796	786	98	0.0	1555	peroxisome proliferator-activated receptor gamma coactivator 1-alpha isoform X4 [Pteropus alecto]	9402
XP_036186069.1	XP_011363532	97.179	780	796	786	98	0.0	1555	peroxisome proliferator-activated receptor gamma coactivator 1-alpha isoform X4 [Pteropus vampyrus]	132908
XP_036186069.1	XP_032962155	96.803	782	796	786	98	0.0	1554	peroxisome proliferator-activated receptor gamma coactivator 1-alpha isoform X4 [Rhinolophus ferrumequinum]	59479
XP_036186069.1	XP_032962152	96.927	781	796	803	98	0.0	1553	peroxisome proliferator-activated receptor gamma coactivator 1-alpha isoform X1 [Rhinolophus ferrumequinum]	59479
XP_036186069.1	XP_016010315	96.927	781	796	803	98	0.0	1552	peroxisome proliferator-activated receptor gamma coactivator 1-alpha isoform X2 [Rousettus aegyptiacus]	9407
XP_036186069.1	XP_016010314	96.927	781	796	803	98	0.0	1552	peroxisome proliferator-activated receptor gamma coactivator 1-alpha isoform X2 [Rousettus aegyptiacus]	9407
XP_036186069.1	XP_032962154	97.051	780	796	786	98	0.0	1551	peroxisome proliferator-activated receptor gamma coactivator 1-alpha isoform X3 [Rhinolophus ferrumequinum]	59479
XP_036186069.1	XP_074177954	96.799	781	796	803	98	0.0	1551	peroxisome proliferator-activated receptor gamma coactivator 1-alpha isoform X2 [Rhinolophus sinicus]	89399
XP_036186069.1	XP_019497956	96.429	784	796	815	98	0.0	1551	PREDICTED: peroxisome proliferator-activated receptor gamma coactivator 1-alpha isoform X1 [Hipposideros armiger]	186990
XP_036186069.1	XP_053528294	96.320	788	796	786	99	0.0	1551	peroxisome proliferator-activated receptor gamma coactivator 1-alpha isoform X2 [Artibeus jamaicensis]	9417
XP_036186069.1	XP_036083449	96.198	789	796	792	99	0.0	1551	peroxisome proliferator-activated receptor gamma coactivator 1-alpha isoform X4 [Rousettus aegyptiacus]	9407
XP_036186069.1	XP_036083450	97.051	780	796	786	98	0.0	1550	peroxisome proliferator-activated receptor gamma coactivator 1-alpha isoform X5 [Rousettus aegyptiacus]	9407
XP_036186069.1	XP_016010317	97.051	780	796	786	98	0.0	1550	peroxisome proliferator-activated receptor gamma coactivator 1-alpha isoform X5 [Rousettus aegyptiacus]	9407
XP_036186069.1	XP_019599438	96.923	780	796	786	98	0.0	1550	peroxisome proliferator-activated receptor gamma coactivator 1-alpha isoform X4 [Rhinolophus sinicus]	89399
XP_036186069.1	XP_074177948	96.799	781	796	809	98	0.0	1550	peroxisome proliferator-activated receptor gamma coactivator 1-alpha isoform X1 [Rhinolophus sinicus]	89399
XP_036186069.1	XP_019497960	96.419	782	796	786	98	0.0	1548	PREDICTED: peroxisome proliferator-activated receptor gamma coactivator 1-alpha isoform X3 [Hipposideros armiger]	186990
XP_036186069.1	XP_045689996	96.667	780	796	798	98	0.0	1548	peroxisome proliferator-activated receptor gamma coactivator 1-alpha isoform X1 [Phyllostomus hastatus]	9423
XP_036186069.1	XP_035875300	96.799	781	796	786	98	0.0	1548	peroxisome proliferator-activated receptor gamma coactivator 1-alpha isoform X4 [Phyllostomus discolor]	89673
XP_036186069.1	XP_028361427	96.923	780	796	803	98	0.0	1548	peroxisome proliferator-activated receptor gamma coactivator 1-alpha isoform X1 [Phyllostomus discolor]	89673
XP_036186069.1	XP_080904318	96.547	782	796	786	98	0.0	1548	peroxisome proliferator-activated receptor gamma coactivator 1-alpha isoform 4 [Rhinolophus hipposideros]	77218
XP_036186069.1	XP_024907570	96.671	781	796	801	98	0.0	1548	peroxisome proliferator-activated receptor gamma coactivator 1-alpha isoform X3 [Pteropus alecto]	9402
XP_036186069.1	XP_036900841	96.066	788	796	786	99	0.0	1548	peroxisome proliferator-activated receptor gamma coactivator 1-alpha isoform X2 [Sturnira hondurensis]	192404
XP_036186069.1	XP_080904310	96.671	781	796	803	98	0.0	1548	peroxisome proliferator-activated receptor gamma coactivator 1-alpha isoform 1 [Rhinolophus hipposideros]	77218
XP_036186069.1	XP_019497961	96.667	780	796	786	98	0.0	1547	PREDICTED: peroxisome proliferator-activated receptor gamma coactivator 1-alpha isoform X4 [Hipposideros armiger]	186990
XP_036186069.1	XP_080904319	96.795	780	796	786	98	0.0	1547	peroxisome proliferator-activated receptor gamma coactivator 1-alpha isoform 3 [Rhinolophus hipposideros]	77218
XP_036186069.1	XP_080904317	96.795	780	796	786	98	0.0	1547	peroxisome proliferator-activated receptor gamma coactivator 1-alpha isoform 3 [Rhinolophus hipposideros]	77218
XP_036186069.1	XP_045038569	97.051	780	796	786	98	0.0	1547	peroxisome proliferator-activated receptor gamma coactivator 1-alpha isoform X3 [Desmodus rotundus]	9430
XP_036186069.1	XP_053778123	97.051	780	796	803	98	0.0	1547	peroxisome proliferator-activated receptor gamma coactivator 1-alpha isoform X1 [Desmodus rotundus]	9430
XP_036186069.1	XP_045038567	97.051	780	796	803	98	0.0	1547	peroxisome proliferator-activated receptor gamma coactivator 1-alpha isoform X1 [Desmodus rotundus]	9430
XP_036186069.1	XP_028361431	96.923	780	796	786	98	0.0	1547	peroxisome proliferator-activated receptor gamma coactivator 1-alpha isoform X3 [Phyllostomus discolor]	89673
XP_036186069.1	XP_023389657	96.799	781	796	801	98	0.0	1547	peroxisome proliferator-activated receptor gamma coactivator 1-alpha isoform X3 [Pteropus vampyrus]	132908
XP_036186069.1	XP_045689998	96.667	780	796	786	98	0.0	1546	peroxisome proliferator-activated receptor gamma coactivator 1-alpha isoform X3 [Phyllostomus hastatus]	9423
XP_036186069.1	XP_080985208	96.419	782	796	786	98	0.0	1543	peroxisome proliferator-activated receptor gamma coactivator 1-alpha isoform 5 [Miniopterus schreibersii]	9433
XP_036186069.1	XP_016073737	96.543	781	796	803	98	0.0	1542	PREDICTED: peroxisome proliferator-activated receptor gamma coactivator 1-alpha isoform X1 [Miniopterus natalensis]	291302
XP_036186069.1	XP_080985205	96.543	781	796	803	98	0.0	1542	peroxisome proliferator-activated receptor gamma coactivator 1-alpha isoform 2 [Miniopterus schreibersii]	9433
XP_036186069.1	XP_016073739	96.667	780	796	786	98	0.0	1540	PREDICTED: peroxisome proliferator-activated receptor gamma coactivator 1-alpha isoform X3 [Miniopterus natalensis]	291302
XP_036186069.1	XP_080985209	96.667	780	796	786	98	0.0	1540	peroxisome proliferator-activated receptor gamma coactivator 1-alpha isoform 6 [Miniopterus schreibersii]	9433
XP_036186069.1	XP_080985207	96.419	782	796	792	98	0.0	1540	peroxisome proliferator-activated receptor gamma coactivator 1-alpha isoform 4 [Miniopterus schreibersii]	9433
XP_036186069.1	XP_080985204	96.543	781	796	809	98	0.0	1540	peroxisome proliferator-activated receptor gamma coactivator 1-alpha isoform 1 [Miniopterus schreibersii]	9433
XP_036186069.1	XP_080496431	93.844	796	796	756	100	0.0	1518	peroxisome proliferator-activated receptor gamma coactivator 1-alpha isoform 7 [Plecotus auritus]	61862
XP_036186069.1	XP_016010307	97.055	747	796	842	94	0.0	1484	peroxisome proliferator-activated receptor gamma coactivator 1-alpha isoform X1 [Rousettus aegyptiacus]	9407
XP_036186069.1	XP_054437969	92.211	796	796	755	100	0.0	1483	peroxisome proliferator-activated receptor gamma coactivator 1-alpha isoform X2 [Pteronotus mesoamericanus]	1884717
XP_036186069.1	XP_019497962	91.582	784	796	774	98	0.0	1449	PREDICTED: peroxisome proliferator-activated receptor gamma coactivator 1-alpha isoform X5 [Hipposideros armiger]	186990
XP_036186069.1	XP_074177970	96.537	722	796	736	91	0.0	1425	peroxisome proliferator-activated receptor gamma coactivator 1-alpha isoform X5 [Rhinolophus sinicus]	89399
XP_036186069.1	XP_080904320	96.260	722	796	726	91	0.0	1422	peroxisome proliferator-activated receptor gamma coactivator 1-alpha isoform 5 [Rhinolophus hipposideros]	77218
XP_036186069.1	XP_036137128	95.101	796	796	796	100	0.0	1395	peroxisome proliferator-activated receptor gamma coactivator 1-alpha [Molossus molossus]	27622
XP_036186069.1	XP_080496432	98.659	671	796	671	84	0.0	1355	peroxisome proliferator-activated receptor gamma coactivator 1-alpha isoform 8 [Plecotus auritus]	61862
XP_036186069.1	XP_039694011	96.572	671	796	671	84	0.0	1332	peroxisome proliferator-activated receptor gamma coactivator 1-alpha isoform X3 [Pteropus medius]	143291
XP_036186069.1	XP_039694010	96.572	671	796	671	84	0.0	1332	peroxisome proliferator-activated receptor gamma coactivator 1-alpha isoform X3 [Pteropus medius]	143291
XP_036186069.1	XP_053528295	96.423	671	796	671	84	0.0	1326	peroxisome proliferator-activated receptor gamma coactivator 1-alpha isoform X3 [Artibeus jamaicensis]	9417
XP_036186069.1	XP_074177984	96.423	671	796	671	84	0.0	1326	peroxisome proliferator-activated receptor gamma coactivator 1-alpha isoform X6 [Rhinolophus sinicus]	89399
XP_036186069.1	XP_074177982	96.423	671	796	671	84	0.0	1326	peroxisome proliferator-activated receptor gamma coactivator 1-alpha isoform X6 [Rhinolophus sinicus]	89399
XP_036186069.1	XP_074177981	96.423	671	796	671	84	0.0	1326	peroxisome proliferator-activated receptor gamma coactivator 1-alpha isoform X6 [Rhinolophus sinicus]	89399
XP_036186069.1	XP_074177975	96.423	671	796	671	84	0.0	1326	peroxisome proliferator-activated receptor gamma coactivator 1-alpha isoform X6 [Rhinolophus sinicus]	89399
XP_036186069.1	XP_036083452	96.572	671	796	671	84	0.0	1326	peroxisome proliferator-activated receptor gamma coactivator 1-alpha isoform X6 [Rousettus aegyptiacus]	9407
XP_036186069.1	XP_036083451	96.572	671	796	671	84	0.0	1326	peroxisome proliferator-activated receptor gamma coactivator 1-alpha isoform X6 [Rousettus aegyptiacus]	9407
XP_036186069.1	XP_035875310	96.423	671	796	671	84	0.0	1325	peroxisome proliferator-activated receptor gamma coactivator 1-alpha isoform X5 [Phyllostomus discolor]	89673
XP_036186069.1	XP_035875305	96.423	671	796	671	84	0.0	1325	peroxisome proliferator-activated receptor gamma coactivator 1-alpha isoform X5 [Phyllostomus discolor]	89673
XP_036186069.1	XP_080904315	96.274	671	796	671	84	0.0	1323	peroxisome proliferator-activated receptor gamma coactivator 1-alpha isoform 6 [Rhinolophus hipposideros]	77218
XP_036186069.1	XP_080904314	96.274	671	796	671	84	0.0	1323	peroxisome proliferator-activated receptor gamma coactivator 1-alpha isoform 6 [Rhinolophus hipposideros]	77218
XP_036186069.1	XP_080904313	96.274	671	796	671	84	0.0	1323	peroxisome proliferator-activated receptor gamma coactivator 1-alpha isoform 6 [Rhinolophus hipposideros]	77218
XP_036186069.1	XP_080904312	96.274	671	796	671	84	0.0	1323	peroxisome proliferator-activated receptor gamma coactivator 1-alpha isoform 6 [Rhinolophus hipposideros]	77218
XP_036186069.1	XP_080904311	96.274	671	796	671	84	0.0	1323	peroxisome proliferator-activated receptor gamma coactivator 1-alpha isoform 6 [Rhinolophus hipposideros]	77218
XP_036186069.1	XP_080904323	96.274	671	796	671	84	0.0	1323	peroxisome proliferator-activated receptor gamma coactivator 1-alpha isoform 6 [Rhinolophus hipposideros]	77218
XP_036186069.1	XP_080904322	96.274	671	796	671	84	0.0	1323	peroxisome proliferator-activated receptor gamma coactivator 1-alpha isoform 6 [Rhinolophus hipposideros]	77218
XP_036186069.1	XP_080904321	96.274	671	796	671	84	0.0	1323	peroxisome proliferator-activated receptor gamma coactivator 1-alpha isoform 6 [Rhinolophus hipposideros]	77218
XP_036186069.1	XP_019497963	96.125	671	796	671	84	0.0	1322	PREDICTED: peroxisome proliferator-activated receptor gamma coactivator 1-alpha isoform X6 [Hipposideros armiger]	186990
XP_036186069.1	XP_036900867	96.125	671	796	671	84	0.0	1321	peroxisome proliferator-activated receptor gamma coactivator 1-alpha isoform X3 [Sturnira hondurensis]	192404
XP_036186069.1	XP_036900857	96.125	671	796	671	84	0.0	1321	peroxisome proliferator-activated receptor gamma coactivator 1-alpha isoform X3 [Sturnira hondurensis]	192404
XP_036186069.1	XP_036900847	96.125	671	796	671	84	0.0	1321	peroxisome proliferator-activated receptor gamma coactivator 1-alpha isoform X3 [Sturnira hondurensis]	192404
XP_036186069.1	XP_080985211	96.274	671	796	671	84	0.0	1319	peroxisome proliferator-activated receptor gamma coactivator 1-alpha isoform 7 [Miniopterus schreibersii]	9433
XP_036186069.1	XP_080985210	96.274	671	796	671	84	0.0	1319	peroxisome proliferator-activated receptor gamma coactivator 1-alpha isoform 7 [Miniopterus schreibersii]	9433
XP_036186069.1	XP_070254729	99.028	617	796	690	87	0.0	1251	peroxisome proliferator-activated receptor gamma coactivator 1-alpha isoform X2 [Myotis yumanensis]	159337
XP_036186069.1	XP_070254729	100.000	76	796	690	87	4.20e-43	172	peroxisome proliferator-activated receptor gamma coactivator 1-alpha isoform X2 [Myotis yumanensis]	159337
XP_036186069.1	XP_066210761	53.846	169	796	1633	21	3.07e-49	194	peroxisome proliferator-activated receptor gamma coactivator-related protein 1 isoform X1 [Saccopteryx leptura]	249018
XP_036186069.1	XP_045710177	60.294	136	796	1527	17	4.90e-49	193	peroxisome proliferator-activated receptor gamma coactivator-related protein 1 isoform X6 [Phyllostomus hastatus]	9423
XP_036186069.1	XP_059517186	60.294	136	796	1522	17	7.81e-49	192	peroxisome proliferator-activated receptor gamma coactivator-related protein 1 isoform X6 [Myotis daubentonii]	98922
XP_036186069.1	XP_036919967	60.294	136	796	1647	17	8.18e-49	192	peroxisome proliferator-activated receptor gamma coactivator-related protein 1 isoform X1 [Sturnira hondurensis]	192404
XP_036186069.1	XP_014317353	60.294	136	796	1522	17	8.32e-49	192	peroxisome proliferator-activated receptor gamma coactivator-related protein 1 isoform X8 [Myotis lucifugus]	59463
XP_036186069.1	XP_036919968	60.294	136	796	1646	17	8.40e-49	192	peroxisome proliferator-activated receptor gamma coactivator-related protein 1 isoform X2 [Sturnira hondurensis]	192404
XP_036186069.1	XP_036919969	60.294	136	796	1644	17	8.47e-49	192	peroxisome proliferator-activated receptor gamma coactivator-related protein 1 isoform X3 [Sturnira hondurensis]	192404
XP_036186069.1	XP_070288537	60.294	136	796	1520	17	9.43e-49	192	peroxisome proliferator-activated receptor gamma coactivator-related protein 1 isoform X6 [Myotis yumanensis]	159337
XP_036186069.1	XP_005878328	60.294	136	796	1522	17	9.87e-49	192	PREDICTED: peroxisome proliferator-activated receptor gamma coactivator-related protein 1 isoform X4 [Myotis brandtii]	109478
XP_036186069.1	XP_037015356	60.294	136	796	1526	17	9.89e-49	192	peroxisome proliferator-activated receptor gamma coactivator-related protein 1 isoform X5 [Artibeus jamaicensis]	9417
XP_036186069.1	XP_080960747	60.294	136	796	1522	17	1.01e-48	192	peroxisome proliferator-activated receptor gamma coactivator-related protein 1 isoform 3 [Myotis nattereri]	109481
XP_036186069.1	XP_019492048	60.294	136	796	1660	17	1.01e-48	192	PREDICTED: peroxisome proliferator-activated receptor gamma coactivator-related protein 1 isoform X2 [Hipposideros armiger]	186990
XP_036186069.1	XP_019492046	60.294	136	796	1661	17	1.01e-48	192	PREDICTED: peroxisome proliferator-activated receptor gamma coactivator-related protein 1 isoform X1 [Hipposideros armiger]	186990
XP_036186069.1	XP_045047470	60.294	136	796	1587	17	1.03e-48	192	peroxisome proliferator-activated receptor gamma coactivator-related protein 1 isoform X4 [Desmodus rotundus]	9430
XP_036186069.1	XP_081014763	60.294	136	796	1554	17	1.03e-48	192	peroxisome proliferator-activated receptor gamma coactivator-related protein 1 isoform 12 [Miniopterus schreibersii]	9433
XP_036186069.1	XP_081014768	60.294	136	796	1556	17	1.03e-48	192	peroxisome proliferator-activated receptor gamma coactivator-related protein 1 isoform 6 [Miniopterus schreibersii]	9433
XP_036186069.1	XP_036121380	60.294	136	796	1519	17	1.03e-48	192	peroxisome proliferator-activated receptor gamma coactivator-related protein 1 isoform X2 [Molossus molossus]	27622
XP_036186069.1	XP_019492049	60.294	136	796	1658	17	1.04e-48	192	PREDICTED: peroxisome proliferator-activated receptor gamma coactivator-related protein 1 isoform X3 [Hipposideros armiger]	186990
XP_036186069.1	XP_036919970	60.294	136	796	1385	17	1.09e-48	192	peroxisome proliferator-activated receptor gamma coactivator-related protein 1 isoform X4 [Sturnira hondurensis]	192404
XP_036186069.1	XP_016075527	60.294	136	796	1522	17	1.10e-48	192	PREDICTED: peroxisome proliferator-activated receptor gamma coactivator-related protein 1 isoform X5 [Miniopterus natalensis]	291302
XP_036186069.1	XP_039727327	60.294	136	796	1655	17	1.11e-48	192	peroxisome proliferator-activated receptor gamma coactivator-related protein 1 isoform X1 [Pteropus medius]	143291
XP_036186069.1	XP_006920982	60.294	136	796	1652	17	1.21e-48	192	peroxisome proliferator-activated receptor gamma coactivator-related protein 1 isoform X3 [Pteropus alecto]	9402
XP_036186069.1	XP_039727328	60.294	136	796	1654	17	1.24e-48	192	peroxisome proliferator-activated receptor gamma coactivator-related protein 1 isoform X2 [Pteropus medius]	143291
XP_036186069.1	XP_039727329	60.294	136	796	1652	17	1.26e-48	192	peroxisome proliferator-activated receptor gamma coactivator-related protein 1 isoform X3 [Pteropus medius]	143291
XP_036186069.1	XP_015451845	60.294	136	796	1654	17	1.26e-48	192	peroxisome proliferator-activated receptor gamma coactivator-related protein 1 isoform X2 [Pteropus alecto]	9402
XP_036186069.1	XP_015451844	60.294	136	796	1655	17	1.26e-48	192	peroxisome proliferator-activated receptor gamma coactivator-related protein 1 isoform X1 [Pteropus alecto]	9402
XP_036186069.1	XP_074195243	60.294	136	796	1577	17	1.27e-48	192	peroxisome proliferator-activated receptor gamma coactivator-related protein 1 isoform X4 [Rhinolophus sinicus]	89399
XP_036186069.1	XP_074195242	60.294	136	796	1577	17	1.27e-48	192	peroxisome proliferator-activated receptor gamma coactivator-related protein 1 isoform X4 [Rhinolophus sinicus]	89399
XP_036186069.1	XP_074195241	60.294	136	796	1577	17	1.27e-48	192	peroxisome proliferator-activated receptor gamma coactivator-related protein 1 isoform X4 [Rhinolophus sinicus]	89399
XP_036186069.1	XP_074195240	60.294	136	796	1577	17	1.27e-48	192	peroxisome proliferator-activated receptor gamma coactivator-related protein 1 isoform X4 [Rhinolophus sinicus]	89399
XP_036186069.1	XP_074195239	60.294	136	796	1577	17	1.27e-48	192	peroxisome proliferator-activated receptor gamma coactivator-related protein 1 isoform X4 [Rhinolophus sinicus]	89399
XP_036186069.1	XP_023615561	60.294	136	796	1565	17	1.27e-48	192	peroxisome proliferator-activated receptor gamma coactivator-related protein 1 isoform X6 [Myotis lucifugus]	59463
XP_036186069.1	XP_011377204	60.294	136	796	1652	17	1.27e-48	192	peroxisome proliferator-activated receptor gamma coactivator-related protein 1 isoform X3 [Pteropus vampyrus]	132908
XP_036186069.1	XP_080931416	60.294	136	796	1655	17	1.29e-48	192	peroxisome proliferator-activated receptor gamma coactivator-related protein 1 isoform 2 [Rhinolophus hipposideros]	77218
XP_036186069.1	XP_035883095	60.294	136	796	1643	17	1.29e-48	192	peroxisome proliferator-activated receptor gamma coactivator-related protein 1 isoform X3 [Phyllostomus discolor]	89673
XP_036186069.1	XP_080931415	60.294	136	796	1656	17	1.30e-48	192	peroxisome proliferator-activated receptor gamma coactivator-related protein 1 isoform 1 [Rhinolophus hipposideros]	77218
XP_036186069.1	XP_045710174	60.294	136	796	1646	17	1.31e-48	192	peroxisome proliferator-activated receptor gamma coactivator-related protein 1 isoform X4 [Phyllostomus hastatus]	9423
XP_036186069.1	XP_045710173	60.294	136	796	1647	17	1.31e-48	192	peroxisome proliferator-activated receptor gamma coactivator-related protein 1 isoform X3 [Phyllostomus hastatus]	9423
XP_036186069.1	XP_045710171	60.294	136	796	1649	17	1.31e-48	192	peroxisome proliferator-activated receptor gamma coactivator-related protein 1 isoform X1 [Phyllostomus hastatus]	9423
XP_036186069.1	XP_019492050	60.294	136	796	1398	17	1.31e-48	192	PREDICTED: peroxisome proliferator-activated receptor gamma coactivator-related protein 1 isoform X4 [Hipposideros armiger]	186990
XP_036186069.1	XP_028366964	60.294	136	796	1646	17	1.32e-48	192	peroxisome proliferator-activated receptor gamma coactivator-related protein 1 isoform X1 [Phyllostomus discolor]	89673
XP_036186069.1	XP_035883094	60.294	136	796	1645	17	1.34e-48	192	peroxisome proliferator-activated receptor gamma coactivator-related protein 1 isoform X2 [Phyllostomus discolor]	89673
XP_036186069.1	XP_011377203	60.294	136	796	1654	17	1.35e-48	192	peroxisome proliferator-activated receptor gamma coactivator-related protein 1 isoform X2 [Pteropus vampyrus]	132908
XP_036186069.1	XP_011377202	60.294	136	796	1655	17	1.35e-48	192	peroxisome proliferator-activated receptor gamma coactivator-related protein 1 isoform X1 [Pteropus vampyrus]	132908
XP_036186069.1	XP_036078293	60.294	136	796	1603	17	1.38e-48	192	peroxisome proliferator-activated receptor gamma coactivator-related protein 1 isoform X4 [Rousettus aegyptiacus]	9407
XP_036186069.1	XP_045710172	60.294	136	796	1648	17	1.38e-48	192	peroxisome proliferator-activated receptor gamma coactivator-related protein 1 isoform X2 [Phyllostomus hastatus]	9423
XP_036186069.1	XP_045047466	60.294	136	796	1666	17	1.43e-48	192	peroxisome proliferator-activated receptor gamma coactivator-related protein 1 isoform X1 [Desmodus rotundus]	9430
XP_036186069.1	XP_081014764	60.294	136	796	1642	17	1.48e-48	192	peroxisome proliferator-activated receptor gamma coactivator-related protein 1 isoform 2 [Miniopterus schreibersii]	9433
XP_036186069.1	XP_081014760	60.294	136	796	1643	17	1.48e-48	192	peroxisome proliferator-activated receptor gamma coactivator-related protein 1 isoform 1 [Miniopterus schreibersii]	9433
XP_036186069.1	XP_081014769	60.294	136	796	1644	17	1.48e-48	192	peroxisome proliferator-activated receptor gamma coactivator-related protein 1 isoform 7 [Miniopterus schreibersii]	9433
XP_036186069.1	XP_024411466	60.294	136	796	1645	17	1.48e-48	192	peroxisome proliferator-activated receptor gamma coactivator-related protein 1 isoform X2 [Desmodus rotundus]	9430
XP_036186069.1	XP_024411467	60.294	136	796	1644	17	1.49e-48	192	peroxisome proliferator-activated receptor gamma coactivator-related protein 1 isoform X3 [Desmodus rotundus]	9430
XP_036186069.1	XP_081014767	60.294	136	796	1561	17	1.49e-48	192	peroxisome proliferator-activated receptor gamma coactivator-related protein 1 isoform 5 [Miniopterus schreibersii]	9433
XP_036186069.1	XP_059517183	60.294	136	796	1642	17	1.51e-48	192	peroxisome proliferator-activated receptor gamma coactivator-related protein 1 isoform X3 [Myotis daubentonii]	98922
XP_036186069.1	XP_059517182	60.294	136	796	1643	17	1.51e-48	192	peroxisome proliferator-activated receptor gamma coactivator-related protein 1 isoform X2 [Myotis daubentonii]	98922
XP_036186069.1	XP_059517181	60.294	136	796	1644	17	1.51e-48	192	peroxisome proliferator-activated receptor gamma coactivator-related protein 1 isoform X1 [Myotis daubentonii]	98922
XP_036186069.1	XP_081014765	60.294	136	796	1641	17	1.53e-48	192	peroxisome proliferator-activated receptor gamma coactivator-related protein 1 isoform 3 [Miniopterus schreibersii]	9433
XP_036186069.1	XP_045710175	60.294	136	796	1387	17	1.54e-48	191	peroxisome proliferator-activated receptor gamma coactivator-related protein 1 isoform X5 [Phyllostomus hastatus]	9423
XP_036186069.1	XP_014404953	60.294	136	796	1608	17	1.55e-48	192	PREDICTED: peroxisome proliferator-activated receptor gamma coactivator-related protein 1 isoform X2 [Myotis brandtii]	109478
XP_036186069.1	XP_019580550	60.294	136	796	1653	17	1.55e-48	192	peroxisome proliferator-activated receptor gamma coactivator-related protein 1 isoform X3 [Rhinolophus sinicus]	89399
XP_036186069.1	XP_014404952	60.294	136	796	1610	17	1.55e-48	192	PREDICTED: peroxisome proliferator-activated receptor gamma coactivator-related protein 1 isoform X1 [Myotis brandtii]	109478
XP_036186069.1	XP_019580548	60.294	136	796	1656	17	1.56e-48	192	peroxisome proliferator-activated receptor gamma coactivator-related protein 1 isoform X1 [Rhinolophus sinicus]	89399
XP_036186069.1	XP_019580549	60.294	136	796	1655	17	1.58e-48	192	peroxisome proliferator-activated receptor gamma coactivator-related protein 1 isoform X2 [Rhinolophus sinicus]	89399
XP_036186069.1	XP_059517184	60.294	136	796	1641	17	1.63e-48	192	peroxisome proliferator-activated receptor gamma coactivator-related protein 1 isoform X4 [Myotis daubentonii]	98922
XP_036186069.1	XP_081014766	60.294	136	796	1601	17	1.65e-48	192	peroxisome proliferator-activated receptor gamma coactivator-related protein 1 isoform 4 [Miniopterus schreibersii]	9433
XP_036186069.1	XP_016010043	60.294	136	796	1651	17	1.65e-48	192	peroxisome proliferator-activated receptor gamma coactivator-related protein 1 isoform X2 [Rousettus aegyptiacus]	9407
XP_036186069.1	XP_016010044	60.294	136	796	1649	17	1.67e-48	192	peroxisome proliferator-activated receptor gamma coactivator-related protein 1 isoform X3 [Rousettus aegyptiacus]	9407
XP_036186069.1	XP_016010042	60.294	136	796	1652	17	1.67e-48	192	peroxisome proliferator-activated receptor gamma coactivator-related protein 1 isoform X1 [Rousettus aegyptiacus]	9407
XP_036186069.1	XP_036192089	60.294	136	796	1645	17	1.68e-48	192	peroxisome proliferator-activated receptor gamma coactivator-related protein 1 isoform X1 [Myotis myotis]	51298
XP_036186069.1	XP_006756725	60.294	136	796	1590	17	1.72e-48	191	PREDICTED: peroxisome proliferator-activated receptor gamma coactivator-related protein 1 [Myotis davidii]	225400
XP_036186069.1	XP_036192090	60.294	136	796	1642	17	1.74e-48	191	peroxisome proliferator-activated receptor gamma coactivator-related protein 1 isoform X2 [Myotis myotis]	51298
XP_036186069.1	XP_080931417	60.294	136	796	1393	17	1.76e-48	191	peroxisome proliferator-activated receptor gamma coactivator-related protein 1 isoform 3 [Rhinolophus hipposideros]	77218
XP_036186069.1	XP_070288535	60.294	136	796	1639	17	1.77e-48	191	peroxisome proliferator-activated receptor gamma coactivator-related protein 1 isoform X4 [Myotis yumanensis]	159337
XP_036186069.1	XP_016075524	60.294	136	796	1643	17	1.79e-48	191	PREDICTED: peroxisome proliferator-activated receptor gamma coactivator-related protein 1 isoform X2 [Miniopterus natalensis]	291302
XP_036186069.1	XP_028366965	60.294	136	796	1384	17	1.79e-48	191	peroxisome proliferator-activated receptor gamma coactivator-related protein 1 isoform X4 [Phyllostomus discolor]	89673
XP_036186069.1	XP_070288534	60.294	136	796	1640	17	1.80e-48	191	peroxisome proliferator-activated receptor gamma coactivator-related protein 1 isoform X3 [Myotis yumanensis]	159337
XP_036186069.1	XP_070288533	60.294	136	796	1641	17	1.80e-48	191	peroxisome proliferator-activated receptor gamma coactivator-related protein 1 isoform X2 [Myotis yumanensis]	159337
XP_036186069.1	XP_070288532	60.294	136	796	1642	17	1.80e-48	191	peroxisome proliferator-activated receptor gamma coactivator-related protein 1 isoform X1 [Myotis yumanensis]	159337
XP_036186069.1	XP_016075522	60.294	136	796	1644	17	1.80e-48	191	PREDICTED: peroxisome proliferator-activated receptor gamma coactivator-related protein 1 isoform X1 [Miniopterus natalensis]	291302
XP_036186069.1	XP_054437384	60.294	136	796	1653	17	1.81e-48	191	peroxisome proliferator-activated receptor gamma coactivator-related protein 1 isoform X1 [Pteronotus mesoamericanus]	1884717
XP_036186069.1	XP_023615559	60.294	136	796	1641	17	1.82e-48	191	peroxisome proliferator-activated receptor gamma coactivator-related protein 1 isoform X4 [Myotis lucifugus]	59463
XP_036186069.1	XP_024411469	60.294	136	796	1383	17	1.83e-48	191	peroxisome proliferator-activated receptor gamma coactivator-related protein 1 isoform X5 [Desmodus rotundus]	9430
XP_036186069.1	XP_016075525	60.294	136	796	1641	17	1.84e-48	191	PREDICTED: peroxisome proliferator-activated receptor gamma coactivator-related protein 1 isoform X3 [Miniopterus natalensis]	291302
XP_036186069.1	XP_080960746	60.294	136	796	1643	17	1.85e-48	191	peroxisome proliferator-activated receptor gamma coactivator-related protein 1 isoform 2 [Myotis nattereri]	109481
XP_036186069.1	XP_037015354	60.294	136	796	1646	17	1.86e-48	191	peroxisome proliferator-activated receptor gamma coactivator-related protein 1 isoform X3 [Artibeus jamaicensis]	9417
XP_036186069.1	XP_037015352	60.294	136	796	1648	17	1.86e-48	191	peroxisome proliferator-activated receptor gamma coactivator-related protein 1 isoform X1 [Artibeus jamaicensis]	9417
XP_036186069.1	XP_054437385	60.294	136	796	1652	17	1.86e-48	191	peroxisome proliferator-activated receptor gamma coactivator-related protein 1 isoform X2 [Pteronotus mesoamericanus]	1884717
XP_036186069.1	XP_080960745	60.294	136	796	1644	17	1.87e-48	191	peroxisome proliferator-activated receptor gamma coactivator-related protein 1 isoform 1 [Myotis nattereri]	109481
XP_036186069.1	XP_037015353	60.294	136	796	1647	17	1.87e-48	191	peroxisome proliferator-activated receptor gamma coactivator-related protein 1 isoform X2 [Artibeus jamaicensis]	9417
XP_036186069.1	XP_023615558	60.294	136	796	1642	17	1.90e-48	191	peroxisome proliferator-activated receptor gamma coactivator-related protein 1 isoform X3 [Myotis lucifugus]	59463
XP_036186069.1	XP_023615556	60.294	136	796	1643	17	1.90e-48	191	peroxisome proliferator-activated receptor gamma coactivator-related protein 1 isoform X2 [Myotis lucifugus]	59463
XP_036186069.1	XP_006095936	60.294	136	796	1644	17	1.90e-48	191	peroxisome proliferator-activated receptor gamma coactivator-related protein 1 isoform X1 [Myotis lucifugus]	59463
XP_036186069.1	XP_023615560	60.294	136	796	1601	17	1.96e-48	191	peroxisome proliferator-activated receptor gamma coactivator-related protein 1 isoform X5 [Myotis lucifugus]	59463
XP_036186069.1	XP_054437387	60.294	136	796	1650	17	1.96e-48	191	peroxisome proliferator-activated receptor gamma coactivator-related protein 1 isoform X4 [Pteronotus mesoamericanus]	1884717
XP_036186069.1	XP_032986681	60.294	136	796	1393	17	1.97e-48	191	peroxisome proliferator-activated receptor gamma coactivator-related protein 1 isoform X5 [Rhinolophus ferrumequinum]	59479
XP_036186069.1	XP_054437386	60.294	136	796	1652	17	1.98e-48	191	peroxisome proliferator-activated receptor gamma coactivator-related protein 1 isoform X3 [Pteronotus mesoamericanus]	1884717
XP_036186069.1	XP_019580551	60.294	136	796	1393	17	2.03e-48	191	peroxisome proliferator-activated receptor gamma coactivator-related protein 1 isoform X5 [Rhinolophus sinicus]	89399
XP_036186069.1	XP_016075526	60.294	136	796	1382	17	2.05e-48	191	PREDICTED: peroxisome proliferator-activated receptor gamma coactivator-related protein 1 isoform X4 [Miniopterus natalensis]	291302
XP_036186069.1	XP_081014761	60.294	136	796	1379	17	2.10e-48	191	peroxisome proliferator-activated receptor gamma coactivator-related protein 1 isoform 10 [Miniopterus schreibersii]	9433
XP_036186069.1	XP_081014771	60.294	136	796	1380	17	2.10e-48	191	peroxisome proliferator-activated receptor gamma coactivator-related protein 1 isoform 9 [Miniopterus schreibersii]	9433
XP_036186069.1	XP_081014770	60.294	136	796	1382	17	2.11e-48	191	peroxisome proliferator-activated receptor gamma coactivator-related protein 1 isoform 8 [Miniopterus schreibersii]	9433
XP_036186069.1	XP_014404954	60.294	136	796	1348	17	2.23e-48	191	PREDICTED: peroxisome proliferator-activated receptor gamma coactivator-related protein 1 isoform X3 [Myotis brandtii]	109478
XP_036186069.1	XP_080497671	60.294	136	796	1646	17	2.26e-48	191	peroxisome proliferator-activated receptor gamma coactivator-related protein 1 isoform 1 [Plecotus auritus]	61862
XP_036186069.1	XP_036293731	60.294	136	796	1636	17	2.27e-48	191	peroxisome proliferator-activated receptor gamma coactivator-related protein 1 isoform X4 [Pipistrellus kuhlii]	59472
XP_036186069.1	XP_036293729	60.294	136	796	1638	17	2.27e-48	191	peroxisome proliferator-activated receptor gamma coactivator-related protein 1 isoform X2 [Pipistrellus kuhlii]	59472
XP_036186069.1	XP_036293730	60.294	136	796	1637	17	2.29e-48	191	peroxisome proliferator-activated receptor gamma coactivator-related protein 1 isoform X3 [Pipistrellus kuhlii]	59472
XP_036186069.1	XP_036293728	60.294	136	796	1639	17	2.30e-48	191	peroxisome proliferator-activated receptor gamma coactivator-related protein 1 isoform X1 [Pipistrellus kuhlii]	59472
XP_036186069.1	XP_036293732	60.294	136	796	1596	17	2.34e-48	191	peroxisome proliferator-activated receptor gamma coactivator-related protein 1 isoform X5 [Pipistrellus kuhlii]	59472
XP_036186069.1	XP_080497672	60.294	136	796	1645	17	2.34e-48	191	peroxisome proliferator-activated receptor gamma coactivator-related protein 1 isoform 2 [Plecotus auritus]	61862
XP_036186069.1	XP_059517185	60.294	136	796	1382	17	2.37e-48	191	peroxisome proliferator-activated receptor gamma coactivator-related protein 1 isoform X5 [Myotis daubentonii]	98922
XP_036186069.1	XP_036121379	60.294	136	796	1641	17	2.40e-48	191	peroxisome proliferator-activated receptor gamma coactivator-related protein 1 isoform X1 [Molossus molossus]	27622
XP_036186069.1	XP_080497673	60.294	136	796	1643	17	2.49e-48	191	peroxisome proliferator-activated receptor gamma coactivator-related protein 1 isoform 3 [Plecotus auritus]	61862
XP_036186069.1	XP_079650021	60.294	136	796	1637	17	2.58e-48	191	peroxisome proliferator-activated receptor gamma coactivator-related protein 1 isoform 5 [Cnephaeus nilssonii]	3371016
XP_036186069.1	XP_079650017	60.294	136	796	1639	17	2.58e-48	191	peroxisome proliferator-activated receptor gamma coactivator-related protein 1 isoform 1 [Cnephaeus nilssonii]	3371016
XP_036186069.1	XP_080960748	60.294	136	796	1382	17	2.64e-48	191	peroxisome proliferator-activated receptor gamma coactivator-related protein 1 isoform 4 [Myotis nattereri]	109481
XP_036186069.1	XP_054584996	60.294	136	796	1642	17	2.66e-48	191	peroxisome proliferator-activated receptor gamma coactivator-related protein 1 isoform X2 [Eptesicus fuscus]	29078
XP_036186069.1	XP_054584995	60.294	136	796	1643	17	2.66e-48	191	peroxisome proliferator-activated receptor gamma coactivator-related protein 1 isoform X1 [Eptesicus fuscus]	29078
XP_036186069.1	XP_079650019	60.294	136	796	1638	17	2.70e-48	191	peroxisome proliferator-activated receptor gamma coactivator-related protein 1 isoform 3 [Cnephaeus nilssonii]	3371016
XP_036186069.1	XP_070288536	60.294	136	796	1380	17	2.71e-48	191	peroxisome proliferator-activated receptor gamma coactivator-related protein 1 isoform X5 [Myotis yumanensis]	159337
XP_036186069.1	XP_079650018	60.294	136	796	1638	17	2.72e-48	191	peroxisome proliferator-activated receptor gamma coactivator-related protein 1 isoform 2 [Cnephaeus nilssonii]	3371016
XP_036186069.1	XP_066094632	60.294	136	796	1542	17	2.73e-48	191	peroxisome proliferator-activated receptor gamma coactivator-related protein 1 isoform X4 [Saccopteryx bilineata]	59482
XP_036186069.1	XP_079650022	60.294	136	796	1636	17	2.87e-48	191	peroxisome proliferator-activated receptor gamma coactivator-related protein 1 isoform 6 [Cnephaeus nilssonii]	3371016
XP_036186069.1	XP_079650020	60.294	136	796	1637	17	2.93e-48	191	peroxisome proliferator-activated receptor gamma coactivator-related protein 1 isoform 4 [Cnephaeus nilssonii]	3371016
XP_036186069.1	XP_079650023	60.294	136	796	1635	17	2.95e-48	191	peroxisome proliferator-activated receptor gamma coactivator-related protein 1 isoform 7 [Cnephaeus nilssonii]	3371016
XP_036186069.1	XP_081014762	60.294	136	796	1360	17	2.98e-48	191	peroxisome proliferator-activated receptor gamma coactivator-related protein 1 isoform 11 [Miniopterus schreibersii]	9433
XP_036186069.1	XP_036293735	60.294	136	796	1377	17	3.15e-48	191	peroxisome proliferator-activated receptor gamma coactivator-related protein 1 isoform X7 [Pipistrellus kuhlii]	59472
XP_036186069.1	XP_037015355	60.294	136	796	1386	17	3.17e-48	191	peroxisome proliferator-activated receptor gamma coactivator-related protein 1 isoform X4 [Artibeus jamaicensis]	9417
XP_036186069.1	XP_080497674	60.294	136	796	1382	17	3.37e-48	191	peroxisome proliferator-activated receptor gamma coactivator-related protein 1 isoform 4 [Plecotus auritus]	61862
XP_036186069.1	XP_066094630	60.294	136	796	1630	17	5.19e-48	190	peroxisome proliferator-activated receptor gamma coactivator-related protein 1 isoform X2 [Saccopteryx bilineata]	59482
XP_036186069.1	XP_066210762	60.294	136	796	1631	17	5.68e-48	190	peroxisome proliferator-activated receptor gamma coactivator-related protein 1 isoform X2 [Saccopteryx leptura]	249018
XP_036186069.1	XP_066094631	50.568	176	796	1544	22	3.86e-44	178	peroxisome proliferator-activated receptor gamma coactivator-related protein 1 isoform X3 [Saccopteryx bilineata]	59482
XP_036186069.1	XP_066094628	50.568	176	796	1632	22	8.19e-44	177	peroxisome proliferator-activated receptor gamma coactivator-related protein 1 isoform X1 [Saccopteryx bilineata]	59482
XP_036186069.1	XP_066094627	50.568	176	796	1632	22	8.19e-44	177	peroxisome proliferator-activated receptor gamma coactivator-related protein 1 isoform X1 [Saccopteryx bilineata]	59482
XP_036186069.1	XP_036900824	51.825	137	796	815	43	5.72e-32	139	peroxisome proliferator-activated receptor gamma coactivator 1-beta isoform X3 [Sturnira hondurensis]	192404
XP_036186069.1	XP_036900824	32.212	208	796	815	43	9.89e-11	71.2	peroxisome proliferator-activated receptor gamma coactivator 1-beta isoform X3 [Sturnira hondurensis]	192404
XP_036186069.1	XP_036900822	51.825	137	796	1010	67	1.59e-31	138	peroxisome proliferator-activated receptor gamma coactivator 1-beta isoform X1 [Sturnira hondurensis]	192404
XP_036186069.1	XP_036900822	35.294	204	796	1010	67	1.77e-17	93.2	peroxisome proliferator-activated receptor gamma coactivator 1-beta isoform X1 [Sturnira hondurensis]	192404
XP_036186069.1	XP_036900822	32.212	208	796	1010	67	7.20e-11	72.0	peroxisome proliferator-activated receptor gamma coactivator 1-beta isoform X1 [Sturnira hondurensis]	192404
XP_036186069.1	XP_035870605	50.735	136	796	999	54	7.48e-31	136	peroxisome proliferator-activated receptor gamma coactivator 1-beta isoform X2 [Phyllostomus discolor]	89673
XP_036186069.1	XP_035870605	47.872	94	796	999	54	1.06e-15	87.4	peroxisome proliferator-activated receptor gamma coactivator 1-beta isoform X2 [Phyllostomus discolor]	89673
XP_036186069.1	XP_035870605	34.123	211	796	999	54	3.41e-11	72.8	peroxisome proliferator-activated receptor gamma coactivator 1-beta isoform X2 [Phyllostomus discolor]	89673
XP_036186069.1	XP_045675127	50.735	136	796	1012	28	7.53e-31	136	peroxisome proliferator-activated receptor gamma coactivator 1-beta isoform X2 [Phyllostomus hastatus]	9423
XP_036186069.1	XP_045675127	47.191	89	796	1012	28	3.54e-15	85.9	peroxisome proliferator-activated receptor gamma coactivator 1-beta isoform X2 [Phyllostomus hastatus]	9423
XP_036186069.1	XP_045675119	50.735	136	796	1016	29	9.49e-31	135	peroxisome proliferator-activated receptor gamma coactivator 1-beta isoform X1 [Phyllostomus hastatus]	9423
XP_036186069.1	XP_045675119	47.872	94	796	1016	29	1.16e-15	87.4	peroxisome proliferator-activated receptor gamma coactivator 1-beta isoform X1 [Phyllostomus hastatus]	9423
XP_036186069.1	XP_028384288	50.735	136	796	1017	54	1.04e-30	135	peroxisome proliferator-activated receptor gamma coactivator 1-beta isoform X1 [Phyllostomus discolor]	89673
XP_036186069.1	XP_028384288	47.872	94	796	1017	54	1.32e-15	87.4	peroxisome proliferator-activated receptor gamma coactivator 1-beta isoform X1 [Phyllostomus discolor]	89673
XP_036186069.1	XP_028384288	34.123	211	796	1017	54	4.22e-11	72.8	peroxisome proliferator-activated receptor gamma coactivator 1-beta isoform X1 [Phyllostomus discolor]	89673
XP_036186069.1	XP_019485611	49.265	136	796	1017	29	1.26e-30	135	PREDICTED: peroxisome proliferator-activated receptor gamma coactivator 1-beta isoform X1 [Hipposideros armiger]	186990
XP_036186069.1	XP_019485611	50.000	94	796	1017	29	2.25e-16	89.7	PREDICTED: peroxisome proliferator-activated receptor gamma coactivator 1-beta isoform X1 [Hipposideros armiger]	186990
XP_036186069.1	XP_080890958	49.265	136	796	1016	29	2.29e-30	134	peroxisome proliferator-activated receptor gamma coactivator 1-beta [Rhinolophus hipposideros]	77218
XP_036186069.1	XP_080890958	48.936	94	796	1016	29	9.73e-18	94.4	peroxisome proliferator-activated receptor gamma coactivator 1-beta [Rhinolophus hipposideros]	77218
XP_036186069.1	XP_045432789	54.545	132	796	1088	42	2.51e-30	134	peroxisome proliferator-activated receptor gamma coactivator 1-beta isoform X1 [Pipistrellus kuhlii]	59472
XP_036186069.1	XP_045432789	36.321	212	796	1088	42	2.70e-18	95.9	peroxisome proliferator-activated receptor gamma coactivator 1-beta isoform X1 [Pipistrellus kuhlii]	59472
XP_036186069.1	XP_016005858	50.735	136	796	1019	29	2.93e-30	134	peroxisome proliferator-activated receptor gamma coactivator 1-beta isoform X2 [Rousettus aegyptiacus]	9407
XP_036186069.1	XP_016005858	50.538	93	796	1019	29	2.78e-17	92.8	peroxisome proliferator-activated receptor gamma coactivator 1-beta isoform X2 [Rousettus aegyptiacus]	9407
XP_036186069.1	XP_024432743	50.000	136	796	1015	54	3.02e-30	134	peroxisome proliferator-activated receptor gamma coactivator 1-beta isoform X2 [Desmodus rotundus]	9430
XP_036186069.1	XP_024432743	48.936	94	796	1015	54	1.06e-15	87.4	peroxisome proliferator-activated receptor gamma coactivator 1-beta isoform X2 [Desmodus rotundus]	9430
XP_036186069.1	XP_024432743	33.810	210	796	1015	54	2.44e-11	73.6	peroxisome proliferator-activated receptor gamma coactivator 1-beta isoform X2 [Desmodus rotundus]	9430
XP_036186069.1	XP_024432744	50.000	136	796	976	54	3.09e-30	134	peroxisome proliferator-activated receptor gamma coactivator 1-beta isoform X4 [Desmodus rotundus]	9430
XP_036186069.1	XP_024432744	48.936	94	796	976	54	1.43e-15	87.0	peroxisome proliferator-activated receptor gamma coactivator 1-beta isoform X4 [Desmodus rotundus]	9430
XP_036186069.1	XP_024432744	33.810	210	796	976	54	2.13e-11	73.6	peroxisome proliferator-activated receptor gamma coactivator 1-beta isoform X4 [Desmodus rotundus]	9430
XP_036186069.1	XP_019589938	49.265	136	796	1017	29	3.14e-30	134	peroxisome proliferator-activated receptor gamma coactivator 1-beta [Rhinolophus sinicus]	89399
XP_036186069.1	XP_019589938	48.936	94	796	1017	29	1.59e-17	93.6	peroxisome proliferator-activated receptor gamma coactivator 1-beta [Rhinolophus sinicus]	89399
XP_036186069.1	XP_036279332	54.545	132	796	1029	42	3.47e-30	134	peroxisome proliferator-activated receptor gamma coactivator 1-beta isoform X2 [Pipistrellus kuhlii]	59472
XP_036186069.1	XP_036279332	36.321	212	796	1029	42	4.02e-18	95.5	peroxisome proliferator-activated receptor gamma coactivator 1-beta isoform X2 [Pipistrellus kuhlii]	59472
XP_036186069.1	XP_032951829	49.265	136	796	1016	29	3.67e-30	134	peroxisome proliferator-activated receptor gamma coactivator 1-beta [Rhinolophus ferrumequinum]	59479
XP_036186069.1	XP_032951829	48.936	94	796	1016	29	1.23e-17	94.0	peroxisome proliferator-activated receptor gamma coactivator 1-beta [Rhinolophus ferrumequinum]	59479
XP_036186069.1	XP_011369446	50.000	136	796	1020	29	3.85e-30	134	peroxisome proliferator-activated receptor gamma coactivator 1-beta isoform X2 [Pteropus vampyrus]	132908
XP_036186069.1	XP_011369446	52.128	94	796	1020	29	1.48e-17	93.6	peroxisome proliferator-activated receptor gamma coactivator 1-beta isoform X2 [Pteropus vampyrus]	132908
XP_036186069.1	XP_015440818	50.000	136	796	1019	29	3.95e-30	134	peroxisome proliferator-activated receptor gamma coactivator 1-beta isoform X2 [Pteropus alecto]	9402
XP_036186069.1	XP_015440818	51.064	94	796	1019	29	2.00e-16	90.1	peroxisome proliferator-activated receptor gamma coactivator 1-beta isoform X2 [Pteropus alecto]	9402
XP_036186069.1	XP_039692452	50.000	136	796	1020	29	4.06e-30	134	peroxisome proliferator-activated receptor gamma coactivator 1-beta isoform X2 [Pteropus medius]	143291
XP_036186069.1	XP_039692452	52.128	94	796	1020	29	1.48e-17	93.6	peroxisome proliferator-activated receptor gamma coactivator 1-beta isoform X2 [Pteropus medius]	143291
XP_036186069.1	XP_015440820	50.000	136	796	1026	29	4.26e-30	133	peroxisome proliferator-activated receptor gamma coactivator 1-beta isoform X4 [Pteropus alecto]	9402
XP_036186069.1	XP_015440820	51.064	94	796	1026	29	1.95e-16	90.1	peroxisome proliferator-activated receptor gamma coactivator 1-beta isoform X4 [Pteropus alecto]	9402
XP_036186069.1	XP_054424166	50.735	136	796	1016	29	4.60e-30	133	peroxisome proliferator-activated receptor gamma coactivator 1-beta [Pteronotus mesoamericanus]	1884717
XP_036186069.1	XP_054424166	47.959	98	796	1016	29	7.52e-16	88.2	peroxisome proliferator-activated receptor gamma coactivator 1-beta [Pteronotus mesoamericanus]	1884717
XP_036186069.1	XP_019485613	48.905	137	796	826	17	4.64e-30	133	PREDICTED: peroxisome proliferator-activated receptor gamma coactivator 1-beta isoform X3 [Hipposideros armiger]	186990
XP_036186069.1	XP_066129074	50.382	131	796	885	16	5.38e-30	133	peroxisome proliferator-activated receptor gamma coactivator 1-beta isoform X2 [Saccopteryx bilineata]	59482
XP_036186069.1	XP_037017827	49.265	136	796	1012	55	1.15e-29	132	peroxisome proliferator-activated receptor gamma coactivator 1-beta isoform X3 [Artibeus jamaicensis]	9417
XP_036186069.1	XP_037017827	45.918	98	796	1012	55	2.13e-15	86.7	peroxisome proliferator-activated receptor gamma coactivator 1-beta isoform X3 [Artibeus jamaicensis]	9417
XP_036186069.1	XP_037017827	33.173	208	796	1012	55	1.42e-11	74.3	peroxisome proliferator-activated receptor gamma coactivator 1-beta isoform X3 [Artibeus jamaicensis]	9417
XP_036186069.1	XP_019485612	48.905	137	796	1018	29	1.39e-29	132	PREDICTED: peroxisome proliferator-activated receptor gamma coactivator 1-beta isoform X2 [Hipposideros armiger]	186990
XP_036186069.1	XP_019485612	50.000	94	796	1018	29	2.10e-16	89.7	PREDICTED: peroxisome proliferator-activated receptor gamma coactivator 1-beta isoform X2 [Hipposideros armiger]	186990
XP_036186069.1	XP_066129073	50.382	131	796	1018	28	1.43e-29	132	peroxisome proliferator-activated receptor gamma coactivator 1-beta isoform X1 [Saccopteryx bilineata]	59482
XP_036186069.1	XP_066129073	51.042	96	796	1018	28	4.78e-18	95.1	peroxisome proliferator-activated receptor gamma coactivator 1-beta isoform X1 [Saccopteryx bilineata]	59482
XP_036186069.1	XP_066200181	47.794	136	796	885	17	2.78e-29	130	peroxisome proliferator-activated receptor gamma coactivator 1-beta isoform X2 [Saccopteryx leptura]	249018
XP_036186069.1	XP_036080593	50.365	137	796	1020	29	3.49e-29	130	peroxisome proliferator-activated receptor gamma coactivator 1-beta isoform X1 [Rousettus aegyptiacus]	9407
XP_036186069.1	XP_036080593	50.538	93	796	1020	29	2.78e-17	92.8	peroxisome proliferator-activated receptor gamma coactivator 1-beta isoform X1 [Rousettus aegyptiacus]	9407
XP_036186069.1	XP_011369447	49.635	137	796	948	17	3.55e-29	130	peroxisome proliferator-activated receptor gamma coactivator 1-beta isoform X3 [Pteropus vampyrus]	132908
XP_036186069.1	XP_015440819	49.635	137	796	947	17	3.67e-29	130	peroxisome proliferator-activated receptor gamma coactivator 1-beta isoform X3 [Pteropus alecto]	9402
XP_036186069.1	XP_045040941	49.635	137	796	1016	54	3.75e-29	130	peroxisome proliferator-activated receptor gamma coactivator 1-beta isoform X1 [Desmodus rotundus]	9430
XP_036186069.1	XP_045040941	48.936	94	796	1016	54	1.06e-15	87.4	peroxisome proliferator-activated receptor gamma coactivator 1-beta isoform X1 [Desmodus rotundus]	9430
XP_036186069.1	XP_045040941	33.810	210	796	1016	54	2.55e-11	73.6	peroxisome proliferator-activated receptor gamma coactivator 1-beta isoform X1 [Desmodus rotundus]	9430
XP_036186069.1	XP_045040942	49.635	137	796	977	54	3.85e-29	130	peroxisome proliferator-activated receptor gamma coactivator 1-beta isoform X3 [Desmodus rotundus]	9430
XP_036186069.1	XP_045040942	48.936	94	796	977	54	1.47e-15	87.0	peroxisome proliferator-activated receptor gamma coactivator 1-beta isoform X3 [Desmodus rotundus]	9430
XP_036186069.1	XP_045040942	33.810	210	796	977	54	2.16e-11	73.6	peroxisome proliferator-activated receptor gamma coactivator 1-beta isoform X3 [Desmodus rotundus]	9430
XP_036186069.1	XP_011369445	49.635	137	796	1021	29	4.45e-29	130	peroxisome proliferator-activated receptor gamma coactivator 1-beta isoform X1 [Pteropus vampyrus]	132908
XP_036186069.1	XP_011369445	52.128	94	796	1021	29	1.44e-17	93.6	peroxisome proliferator-activated receptor gamma coactivator 1-beta isoform X1 [Pteropus vampyrus]	132908
XP_036186069.1	XP_039692451	49.635	137	796	1021	29	4.65e-29	130	peroxisome proliferator-activated receptor gamma coactivator 1-beta isoform X1 [Pteropus medius]	143291
XP_036186069.1	XP_039692451	52.128	94	796	1021	29	1.47e-17	93.6	peroxisome proliferator-activated receptor gamma coactivator 1-beta isoform X1 [Pteropus medius]	143291
XP_036186069.1	XP_015440817	49.635	137	796	1020	29	4.73e-29	130	peroxisome proliferator-activated receptor gamma coactivator 1-beta isoform X1 [Pteropus alecto]	9402
XP_036186069.1	XP_015440817	51.064	94	796	1020	29	2.00e-16	90.1	peroxisome proliferator-activated receptor gamma coactivator 1-beta isoform X1 [Pteropus alecto]	9402
XP_036186069.1	XP_016066091	49.265	136	796	1012	29	4.94e-29	130	PREDICTED: peroxisome proliferator-activated receptor gamma coactivator 1-beta isoform X1 [Miniopterus natalensis]	291302
XP_036186069.1	XP_016066091	52.128	94	796	1012	29	1.04e-17	94.0	PREDICTED: peroxisome proliferator-activated receptor gamma coactivator 1-beta isoform X1 [Miniopterus natalensis]	291302
XP_036186069.1	XP_016066092	49.265	136	796	973	29	5.33e-29	130	PREDICTED: peroxisome proliferator-activated receptor gamma coactivator 1-beta isoform X2 [Miniopterus natalensis]	291302
XP_036186069.1	XP_016066092	51.042	96	796	973	29	1.39e-17	93.6	PREDICTED: peroxisome proliferator-activated receptor gamma coactivator 1-beta isoform X2 [Miniopterus natalensis]	291302
XP_036186069.1	XP_080993631	49.265	136	796	1012	29	5.34e-29	130	peroxisome proliferator-activated receptor gamma coactivator 1-beta isoform 2 [Miniopterus schreibersii]	9433
XP_036186069.1	XP_080993631	52.128	94	796	1012	29	1.08e-17	94.0	peroxisome proliferator-activated receptor gamma coactivator 1-beta isoform 2 [Miniopterus schreibersii]	9433
XP_036186069.1	XP_066200180	47.794	136	796	1018	29	7.95e-29	129	peroxisome proliferator-activated receptor gamma coactivator 1-beta isoform X1 [Saccopteryx leptura]	249018
XP_036186069.1	XP_066200180	52.128	94	796	1018	29	3.22e-18	95.9	peroxisome proliferator-activated receptor gamma coactivator 1-beta isoform X1 [Saccopteryx leptura]	249018
XP_036186069.1	XP_036096544	50.365	137	796	1020	56	9.08e-29	129	peroxisome proliferator-activated receptor gamma coactivator 1-beta [Molossus molossus]	27622
XP_036186069.1	XP_036096544	48.958	96	796	1020	56	3.77e-16	89.0	peroxisome proliferator-activated receptor gamma coactivator 1-beta [Molossus molossus]	27622
XP_036186069.1	XP_036096544	33.790	219	796	1020	56	5.99e-11	72.0	peroxisome proliferator-activated receptor gamma coactivator 1-beta [Molossus molossus]	27622
XP_036186069.1	XP_070270722	50.735	136	796	990	41	9.83e-29	129	peroxisome proliferator-activated receptor gamma coactivator 1-beta isoform X2 [Myotis yumanensis]	159337
XP_036186069.1	XP_070270722	36.683	199	796	990	41	6.60e-17	91.3	peroxisome proliferator-activated receptor gamma coactivator 1-beta isoform X2 [Myotis yumanensis]	159337
XP_036186069.1	XP_036169696	50.735	136	796	1020	41	1.07e-28	129	peroxisome proliferator-activated receptor gamma coactivator 1-beta isoform X1 [Myotis myotis]	51298
XP_036186069.1	XP_036169696	36.683	199	796	1020	41	7.20e-17	91.3	peroxisome proliferator-activated receptor gamma coactivator 1-beta isoform X1 [Myotis myotis]	51298
XP_036186069.1	XP_080528263	50.735	136	796	1022	41	1.11e-28	129	peroxisome proliferator-activated receptor gamma coactivator 1-beta [Plecotus auritus]	61862
XP_036186069.1	XP_080528263	37.500	200	796	1022	41	2.83e-17	92.8	peroxisome proliferator-activated receptor gamma coactivator 1-beta [Plecotus auritus]	61862
XP_036186069.1	XP_080949220	50.735	136	796	1020	41	1.23e-28	129	peroxisome proliferator-activated receptor gamma coactivator 1-beta [Myotis nattereri]	109481
XP_036186069.1	XP_080949220	36.181	199	796	1020	41	2.69e-18	95.9	peroxisome proliferator-activated receptor gamma coactivator 1-beta [Myotis nattereri]	109481
XP_036186069.1	XP_008150419	50.735	136	796	1020	41	1.24e-28	129	peroxisome proliferator-activated receptor gamma coactivator 1-beta isoform X1 [Eptesicus fuscus]	29078
XP_036186069.1	XP_008150419	37.879	198	796	1020	41	3.42e-18	95.5	peroxisome proliferator-activated receptor gamma coactivator 1-beta isoform X1 [Eptesicus fuscus]	29078
XP_036186069.1	XP_005870658	50.735	136	796	1035	42	1.29e-28	129	PREDICTED: peroxisome proliferator-activated receptor gamma coactivator 1-beta [Myotis brandtii]	109478
XP_036186069.1	XP_005870658	36.279	215	796	1035	42	1.02e-16	90.9	PREDICTED: peroxisome proliferator-activated receptor gamma coactivator 1-beta [Myotis brandtii]	109478
XP_036186069.1	XP_070270721	50.735	136	796	1015	41	1.36e-28	129	peroxisome proliferator-activated receptor gamma coactivator 1-beta isoform X1 [Myotis yumanensis]	159337
XP_036186069.1	XP_070270721	36.683	199	796	1015	41	7.82e-17	91.3	peroxisome proliferator-activated receptor gamma coactivator 1-beta isoform X1 [Myotis yumanensis]	159337
XP_036186069.1	XP_079627757	50.735	136	796	1021	41	1.43e-28	129	peroxisome proliferator-activated receptor gamma coactivator 1-beta [Cnephaeus nilssonii]	3371016
XP_036186069.1	XP_079627757	37.688	199	796	1021	41	1.00e-17	94.0	peroxisome proliferator-activated receptor gamma coactivator 1-beta [Cnephaeus nilssonii]	3371016
XP_036186069.1	XP_054573004	50.735	136	796	981	29	1.58e-28	128	peroxisome proliferator-activated receptor gamma coactivator 1-beta isoform X2 [Eptesicus fuscus]	29078
XP_036186069.1	XP_054573004	49.462	93	796	981	29	3.11e-17	92.4	peroxisome proliferator-activated receptor gamma coactivator 1-beta isoform X2 [Eptesicus fuscus]	29078
XP_036186069.1	XP_006766399	50.735	136	796	1006	41	1.59e-28	128	PREDICTED: LOW QUALITY PROTEIN: peroxisome proliferator-activated receptor gamma coactivator 1-beta [Myotis davidii]	225400
XP_036186069.1	XP_006766399	36.683	199	796	1006	41	7.20e-17	91.3	PREDICTED: LOW QUALITY PROTEIN: peroxisome proliferator-activated receptor gamma coactivator 1-beta [Myotis davidii]	225400
XP_036186069.1	XP_080993630	48.905	137	796	1013	29	6.43e-28	126	peroxisome proliferator-activated receptor gamma coactivator 1-beta isoform 1 [Miniopterus schreibersii]	9433
XP_036186069.1	XP_080993630	52.128	94	796	1013	29	1.06e-17	94.0	peroxisome proliferator-activated receptor gamma coactivator 1-beta isoform 1 [Miniopterus schreibersii]	9433
XP_036186069.1	XP_059554859	49.265	136	796	1022	41	1.05e-27	126	peroxisome proliferator-activated receptor gamma coactivator 1-beta [Myotis daubentonii]	98922
XP_036186069.1	XP_059554859	36.181	199	796	1022	41	1.87e-16	90.1	peroxisome proliferator-activated receptor gamma coactivator 1-beta [Myotis daubentonii]	98922
XP_036186069.1	XP_036900823	35.294	204	796	864	24	3.20e-17	92.4	peroxisome proliferator-activated receptor gamma coactivator 1-beta isoform X2 [Sturnira hondurensis]	192404
XP_036186069.1	XP_023616990	36.150	213	796	941	26	4.27e-17	92.0	LOW QUALITY PROTEIN: peroxisome proliferator-activated receptor gamma coactivator 1-beta [Myotis lucifugus]	59463
XP_036186069.1	XP_036169697	36.683	199	796	954	35	1.10e-16	90.9	peroxisome proliferator-activated receptor gamma coactivator 1-beta isoform X2 [Myotis myotis]	51298
XP_036186069.1	XP_036169697	54.217	83	796	954	35	1.69e-15	87.0	peroxisome proliferator-activated receptor gamma coactivator 1-beta isoform X2 [Myotis myotis]	51298
XP_036186069.1	XP_037017825	45.918	98	796	1016	50	1.74e-15	87.0	peroxisome proliferator-activated receptor gamma coactivator 1-beta isoform X2 [Artibeus jamaicensis]	9417
XP_036186069.1	XP_037017825	43.750	96	796	1016	50	3.34e-15	85.9	peroxisome proliferator-activated receptor gamma coactivator 1-beta isoform X2 [Artibeus jamaicensis]	9417
XP_036186069.1	XP_037017825	33.173	208	796	1016	50	1.45e-11	74.3	peroxisome proliferator-activated receptor gamma coactivator 1-beta isoform X2 [Artibeus jamaicensis]	9417
XP_036186069.1	XP_037017824	45.918	98	796	1034	50	1.92e-15	86.7	peroxisome proliferator-activated receptor gamma coactivator 1-beta isoform X1 [Artibeus jamaicensis]	9417
XP_036186069.1	XP_037017824	43.750	96	796	1034	50	3.77e-15	85.9	peroxisome proliferator-activated receptor gamma coactivator 1-beta isoform X1 [Artibeus jamaicensis]	9417
XP_036186069.1	XP_037017824	33.173	208	796	1034	50	1.67e-11	73.9	peroxisome proliferator-activated receptor gamma coactivator 1-beta isoform X1 [Artibeus jamaicensis]	9417
XP_036186069.1	XP_037017828	45.918	98	796	876	38	2.36e-15	86.3	peroxisome proliferator-activated receptor gamma coactivator 1-beta isoform X4 [Artibeus jamaicensis]	9417
XP_036186069.1	XP_037017828	33.173	208	796	876	38	1.63e-11	73.9	peroxisome proliferator-activated receptor gamma coactivator 1-beta isoform X4 [Artibeus jamaicensis]	9417
XP_036186069.1	XP_037017829	43.750	96	796	839	38	2.74e-15	86.3	peroxisome proliferator-activated receptor gamma coactivator 1-beta isoform X5 [Artibeus jamaicensis]	9417
XP_036186069.1	XP_037017829	33.173	208	796	839	38	2.22e-11	73.6	peroxisome proliferator-activated receptor gamma coactivator 1-beta isoform X5 [Artibeus jamaicensis]	9417
