XP_036164388.1	XP_006762508	100.000	662	662	662	100	0.0	1379	PREDICTED: succinate dehydrogenase [ubiquinone] flavoprotein subunit, mitochondrial [Myotis davidii]	225400
XP_036164388.1	XP_036164388	100.000	662	662	662	100	0.0	1379	succinate dehydrogenase [ubiquinone] flavoprotein subunit, mitochondrial [Myotis myotis]	51298
XP_036164388.1	XP_080946280	100.000	662	662	662	100	0.0	1379	succinate dehydrogenase [ubiquinone] flavoprotein subunit, mitochondrial isoform 1 [Myotis nattereri]	109481
XP_036164388.1	XP_059550580	99.849	662	662	662	100	0.0	1378	succinate dehydrogenase [ubiquinone] flavoprotein subunit, mitochondrial [Myotis daubentonii]	98922
XP_036164388.1	XP_070268104	99.547	662	662	662	100	0.0	1373	succinate dehydrogenase [ubiquinone] flavoprotein subunit, mitochondrial [Myotis yumanensis]	159337
XP_036164388.1	XP_006081495	99.547	662	662	662	100	0.0	1373	succinate dehydrogenase [ubiquinone] flavoprotein subunit, mitochondrial isoform X2 [Myotis lucifugus]	59463
XP_036164388.1	XP_080533721	99.547	662	662	662	100	0.0	1373	succinate dehydrogenase [ubiquinone] flavoprotein subunit, mitochondrial [Plecotus auritus]	61862
XP_036164388.1	XP_079637219	99.245	662	662	662	100	0.0	1373	succinate dehydrogenase [ubiquinone] flavoprotein subunit, mitochondrial [Cnephaeus nilssonii]	3371016
XP_036164388.1	XP_008160056	99.094	662	662	662	100	0.0	1370	succinate dehydrogenase [ubiquinone] flavoprotein subunit, mitochondrial [Eptesicus fuscus]	29078
XP_036164388.1	XP_036265508	98.036	662	662	662	100	0.0	1357	succinate dehydrogenase [ubiquinone] flavoprotein subunit, mitochondrial isoform X2 [Pipistrellus kuhlii]	59472
XP_036164388.1	XP_080946281	99.844	642	662	644	97	0.0	1339	succinate dehydrogenase [ubiquinone] flavoprotein subunit, mitochondrial isoform 2 [Myotis nattereri]	109481
XP_036164388.1	XP_080989322	96.386	664	662	664	100	0.0	1337	succinate dehydrogenase [ubiquinone] flavoprotein subunit, mitochondrial [Miniopterus schreibersii]	9433
XP_036164388.1	XP_014404189	100.000	641	662	781	97	0.0	1333	PREDICTED: succinate dehydrogenase [ubiquinone] flavoprotein subunit, mitochondrial [Myotis brandtii]	109478
XP_036164388.1	XP_023607504	99.844	641	662	781	97	0.0	1331	succinate dehydrogenase [ubiquinone] flavoprotein subunit, mitochondrial isoform X1 [Myotis lucifugus]	59463
XP_036164388.1	XP_024434208	95.331	664	662	664	100	0.0	1329	succinate dehydrogenase [ubiquinone] flavoprotein subunit, mitochondrial [Desmodus rotundus]	9430
XP_036164388.1	XP_054434347	95.331	664	662	664	100	0.0	1329	succinate dehydrogenase [ubiquinone] flavoprotein subunit, mitochondrial isoform X2 [Pteronotus mesoamericanus]	1884717
XP_036164388.1	XP_066231366	95.633	664	662	664	100	0.0	1326	succinate dehydrogenase [ubiquinone] flavoprotein subunit, mitochondrial isoform X2 [Saccopteryx leptura]	249018
XP_036164388.1	XP_036135197	95.482	664	662	664	100	0.0	1326	succinate dehydrogenase [ubiquinone] flavoprotein subunit, mitochondrial isoform X2 [Molossus molossus]	27622
XP_036164388.1	XP_045703819	95.331	664	662	664	100	0.0	1325	succinate dehydrogenase [ubiquinone] flavoprotein subunit, mitochondrial [Phyllostomus hastatus]	9423
XP_036164388.1	XP_028366975	95.331	664	662	664	100	0.0	1325	succinate dehydrogenase [ubiquinone] flavoprotein subunit, mitochondrial [Phyllostomus discolor]	89673
XP_036164388.1	XP_066231356	95.338	665	662	665	100	0.0	1323	succinate dehydrogenase [ubiquinone] flavoprotein subunit, mitochondrial isoform X1 [Saccopteryx leptura]	249018
XP_036164388.1	XP_036135196	95.338	665	662	665	100	0.0	1321	succinate dehydrogenase [ubiquinone] flavoprotein subunit, mitochondrial isoform X1 [Molossus molossus]	27622
XP_036164388.1	XP_036265507	98.110	635	662	663	96	0.0	1301	succinate dehydrogenase [ubiquinone] flavoprotein subunit, mitochondrial isoform X1 [Pipistrellus kuhlii]	59472
XP_036164388.1	XP_066099133	95.482	664	662	664	100	0.0	1288	succinate dehydrogenase [ubiquinone] flavoprotein subunit, mitochondrial isoform X2 [Saccopteryx bilineata]	59482
XP_036164388.1	XP_054434346	95.188	665	662	665	100	0.0	1288	succinate dehydrogenase [ubiquinone] flavoprotein subunit, mitochondrial isoform X1 [Pteronotus mesoamericanus]	1884717
XP_036164388.1	XP_066099124	95.188	665	662	665	100	0.0	1286	succinate dehydrogenase [ubiquinone] flavoprotein subunit, mitochondrial isoform X1 [Saccopteryx bilineata]	59482
XP_036164388.1	XP_036918813	94.880	664	662	664	100	0.0	1286	succinate dehydrogenase [ubiquinone] flavoprotein subunit, mitochondrial isoform X1 [Sturnira hondurensis]	192404
XP_036164388.1	XP_036918814	94.872	663	662	663	100	0.0	1282	succinate dehydrogenase [ubiquinone] flavoprotein subunit, mitochondrial isoform X2 [Sturnira hondurensis]	192404
XP_036164388.1	XP_036993212	94.428	664	662	664	100	0.0	1278	succinate dehydrogenase [ubiquinone] flavoprotein subunit, mitochondrial isoform X1 [Artibeus jamaicensis]	9417
XP_036164388.1	XP_039698811	94.277	664	662	664	100	0.0	1274	succinate dehydrogenase [ubiquinone] flavoprotein subunit, mitochondrial isoform X2 [Pteropus medius]	143291
XP_036164388.1	XP_019479915	93.684	665	662	665	100	0.0	1274	PREDICTED: succinate dehydrogenase [ubiquinone] flavoprotein subunit, mitochondrial isoform X1 [Hipposideros armiger]	186990
XP_036164388.1	XP_036993213	94.419	663	662	663	100	0.0	1273	succinate dehydrogenase [ubiquinone] flavoprotein subunit, mitochondrial isoform X2 [Artibeus jamaicensis]	9417
XP_036164388.1	XP_015980152	93.675	664	662	664	100	0.0	1271	succinate dehydrogenase [ubiquinone] flavoprotein subunit, mitochondrial isoform X2 [Rousettus aegyptiacus]	9407
XP_036164388.1	XP_039698810	94.135	665	662	665	100	0.0	1271	succinate dehydrogenase [ubiquinone] flavoprotein subunit, mitochondrial isoform X1 [Pteropus medius]	143291
XP_036164388.1	XP_019479916	93.675	664	662	664	100	0.0	1270	PREDICTED: succinate dehydrogenase [ubiquinone] flavoprotein subunit, mitochondrial isoform X2 [Hipposideros armiger]	186990
XP_036164388.1	XP_015980151	93.534	665	662	665	100	0.0	1268	succinate dehydrogenase [ubiquinone] flavoprotein subunit, mitochondrial isoform X1 [Rousettus aegyptiacus]	9407
XP_036164388.1	XP_019600148	94.127	664	662	664	100	0.0	1257	succinate dehydrogenase [ubiquinone] flavoprotein subunit, mitochondrial [Rhinolophus sinicus]	89399
XP_036164388.1	XP_080910354	94.428	664	662	780	100	0.0	1256	succinate dehydrogenase [ubiquinone] flavoprotein subunit, mitochondrial [Rhinolophus hipposideros]	77218
XP_036164388.1	XP_032966375	93.825	664	662	664	100	0.0	1253	succinate dehydrogenase [ubiquinone] flavoprotein subunit, mitochondrial [Rhinolophus ferrumequinum]	59479
XP_036164388.1	XP_024906279	94.163	651	662	680	98	0.0	1252	succinate dehydrogenase [ubiquinone] flavoprotein subunit, mitochondrial [Pteropus alecto]	9402
XP_036164388.1	XP_016067811	98.004	551	662	551	83	0.0	1141	PREDICTED: succinate dehydrogenase [ubiquinone] flavoprotein subunit, mitochondrial [Miniopterus natalensis]	291302
XP_036164388.1	XP_036135200	97.278	551	662	551	83	0.0	1134	succinate dehydrogenase [ubiquinone] flavoprotein subunit, mitochondrial isoform X3 [Molossus molossus]	27622
XP_036164388.1	XP_036135199	97.278	551	662	551	83	0.0	1134	succinate dehydrogenase [ubiquinone] flavoprotein subunit, mitochondrial isoform X3 [Molossus molossus]	27622
XP_036164388.1	XP_023375518	79.014	710	662	736	98	0.0	1091	succinate dehydrogenase [ubiquinone] flavoprotein subunit, mitochondrial [Pteropus vampyrus]	132908
