XP_036205876.1	XP_070260295	99.643	280	280	280	100	0.0	583	succinate dehydrogenase [ubiquinone] iron-sulfur subunit, mitochondrial [Myotis yumanensis]	159337
XP_036205876.1	XP_059547076	100.000	280	280	280	100	0.0	583	succinate dehydrogenase [ubiquinone] iron-sulfur subunit, mitochondrial [Myotis daubentonii]	98922
XP_036205876.1	XP_008146388	100.000	280	280	280	100	0.0	583	succinate dehydrogenase [ubiquinone] iron-sulfur subunit, mitochondrial [Eptesicus fuscus]	29078
XP_036205876.1	XP_036205876	100.000	280	280	280	100	0.0	583	succinate dehydrogenase [ubiquinone] iron-sulfur subunit, mitochondrial isoform X1 [Myotis myotis]	51298
XP_036205876.1	XP_080942599	100.000	280	280	280	100	0.0	583	succinate dehydrogenase [ubiquinone] iron-sulfur subunit, mitochondrial [Myotis nattereri]	109481
XP_036205876.1	XP_079633417	100.000	280	280	280	100	0.0	583	succinate dehydrogenase [ubiquinone] iron-sulfur subunit, mitochondrial [Cnephaeus nilssonii]	3371016
XP_036205876.1	XP_080512980	99.643	280	280	280	100	0.0	582	succinate dehydrogenase [ubiquinone] iron-sulfur subunit, mitochondrial [Plecotus auritus]	61862
XP_036205876.1	XP_036301172	98.929	280	280	280	100	0.0	580	succinate dehydrogenase [ubiquinone] iron-sulfur subunit, mitochondrial [Pipistrellus kuhlii]	59472
XP_036205876.1	XP_081002056	97.500	280	280	280	100	0.0	574	succinate dehydrogenase [ubiquinone] iron-sulfur subunit, mitochondrial [Miniopterus schreibersii]	9433
XP_036205876.1	XP_016071594	97.143	280	280	281	100	0.0	573	PREDICTED: succinate dehydrogenase [ubiquinone] iron-sulfur subunit, mitochondrial [Miniopterus natalensis]	291302
XP_036205876.1	XP_032970242	97.857	280	280	280	100	0.0	573	succinate dehydrogenase [ubiquinone] iron-sulfur subunit, mitochondrial [Rhinolophus ferrumequinum]	59479
XP_036205876.1	XP_024410043	97.500	280	280	280	100	0.0	572	succinate dehydrogenase [ubiquinone] iron-sulfur subunit, mitochondrial [Desmodus rotundus]	9430
XP_036205876.1	XP_080951610	97.857	280	280	280	100	0.0	572	succinate dehydrogenase [ubiquinone] iron-sulfur subunit, mitochondrial-like isoform 1 [Myotis nattereri]	109481
XP_036205876.1	XP_080951609	97.857	280	280	280	100	0.0	572	succinate dehydrogenase [ubiquinone] iron-sulfur subunit, mitochondrial-like isoform 1 [Myotis nattereri]	109481
XP_036205876.1	XP_080951608	97.857	280	280	280	100	0.0	572	succinate dehydrogenase [ubiquinone] iron-sulfur subunit, mitochondrial-like isoform 1 [Myotis nattereri]	109481
XP_036205876.1	XP_080912674	97.500	280	280	280	100	0.0	572	succinate dehydrogenase [ubiquinone] iron-sulfur subunit, mitochondrial [Rhinolophus hipposideros]	77218
XP_036205876.1	XP_015413151	97.500	280	280	280	100	0.0	572	PREDICTED: succinate dehydrogenase [ubiquinone] iron-sulfur subunit, mitochondrial [Myotis davidii]	225400
XP_036205876.1	XP_005857511	97.500	280	280	280	100	0.0	571	PREDICTED: succinate dehydrogenase [ubiquinone] iron-sulfur subunit, mitochondrial [Myotis brandtii]	109478
XP_036205876.1	XP_066231297	97.500	280	280	280	100	0.0	571	succinate dehydrogenase [ubiquinone] iron-sulfur subunit, mitochondrial [Saccopteryx leptura]	249018
XP_036205876.1	XP_066126416	97.143	280	280	280	100	0.0	570	succinate dehydrogenase [ubiquinone] iron-sulfur subunit, mitochondrial [Saccopteryx bilineata]	59482
XP_036205876.1	XP_015983868	96.786	280	280	280	100	0.0	569	succinate dehydrogenase [ubiquinone] iron-sulfur subunit, mitochondrial [Rousettus aegyptiacus]	9407
XP_036205876.1	XP_054435649	97.143	280	280	280	100	0.0	568	succinate dehydrogenase [ubiquinone] iron-sulfur subunit, mitochondrial [Pteronotus mesoamericanus]	1884717
XP_036205876.1	XP_032943354	97.143	280	280	280	100	0.0	568	succinate dehydrogenase [ubiquinone] iron-sulfur subunit, mitochondrial-like [Rhinolophus ferrumequinum]	59479
XP_036205876.1	XP_036112794	96.786	280	280	280	100	0.0	567	succinate dehydrogenase [ubiquinone] iron-sulfur subunit, mitochondrial [Molossus molossus]	27622
XP_036205876.1	XP_037001962	96.786	280	280	280	100	0.0	566	succinate dehydrogenase [ubiquinone] iron-sulfur subunit, mitochondrial isoform X2 [Artibeus jamaicensis]	9417
XP_036205876.1	XP_059523363	97.122	278	280	278	99	0.0	565	succinate dehydrogenase [ubiquinone] iron-sulfur subunit, mitochondrial-like [Myotis daubentonii]	98922
XP_036205876.1	XP_045715500	96.786	280	280	280	100	0.0	565	succinate dehydrogenase [ubiquinone] iron-sulfur subunit, mitochondrial isoform X2 [Phyllostomus hastatus]	9423
XP_036205876.1	XP_006914375	95.714	280	280	280	100	0.0	565	succinate dehydrogenase [ubiquinone] iron-sulfur subunit, mitochondrial [Pteropus alecto]	9402
XP_036205876.1	XP_011361783	95.714	280	280	280	100	0.0	565	succinate dehydrogenase [ubiquinone] iron-sulfur subunit, mitochondrial [Pteropus vampyrus]	132908
XP_036205876.1	XP_039698027	95.714	280	280	280	100	0.0	565	succinate dehydrogenase [ubiquinone] iron-sulfur subunit, mitochondrial [Pteropus medius]	143291
XP_036205876.1	XP_028367875	96.786	280	280	280	100	0.0	564	succinate dehydrogenase [ubiquinone] iron-sulfur subunit, mitochondrial isoform X2 [Phyllostomus discolor]	89673
XP_036205876.1	XP_036193481	96.403	278	280	283	99	0.0	564	succinate dehydrogenase [ubiquinone] iron-sulfur subunit, mitochondrial-like [Myotis myotis]	51298
XP_036205876.1	XP_019510454	95.714	280	280	280	100	0.0	563	PREDICTED: succinate dehydrogenase [ubiquinone] iron-sulfur subunit, mitochondrial isoform X2 [Hipposideros armiger]	186990
XP_036205876.1	XP_036901000	95.714	280	280	280	100	0.0	561	succinate dehydrogenase [ubiquinone] iron-sulfur subunit, mitochondrial isoform X1 [Sturnira hondurensis]	192404
XP_036205876.1	XP_019510453	92.414	290	280	290	100	0.0	556	PREDICTED: succinate dehydrogenase [ubiquinone] iron-sulfur subunit, mitochondrial isoform X1 [Hipposideros armiger]	186990
XP_036205876.1	XP_037001960	84.688	320	280	320	100	0.0	547	succinate dehydrogenase [ubiquinone] iron-sulfur subunit, mitochondrial isoform X1 [Artibeus jamaicensis]	9417
XP_036205876.1	XP_005858790	99.612	258	280	268	92	0.0	540	PREDICTED: succinate dehydrogenase [ubiquinone] iron-sulfur subunit, mitochondrial isoform X4 [Myotis brandtii]	109478
XP_036205876.1	XP_014388400	98.851	261	280	300	93	0.0	539	PREDICTED: succinate dehydrogenase [ubiquinone] iron-sulfur subunit, mitochondrial isoform X3 [Myotis brandtii]	109478
XP_036205876.1	XP_005858791	98.846	260	280	278	93	0.0	538	PREDICTED: succinate dehydrogenase [ubiquinone] iron-sulfur subunit, mitochondrial isoform X1 [Myotis brandtii]	109478
XP_036205876.1	XP_015421338	97.701	261	280	300	93	0.0	535	PREDICTED: succinate dehydrogenase [ubiquinone] iron-sulfur subunit, mitochondrial isoform X2 [Myotis davidii]	225400
XP_036205876.1	XP_014388397	100.000	256	280	302	91	0.0	535	PREDICTED: succinate dehydrogenase [ubiquinone] iron-sulfur subunit, mitochondrial isoform X2 [Myotis brandtii]	109478
XP_036205876.1	XP_015421337	99.219	256	280	302	91	0.0	532	PREDICTED: succinate dehydrogenase [ubiquinone] iron-sulfur subunit, mitochondrial isoform X1 [Myotis davidii]	225400
XP_036205876.1	XP_045715499	97.276	257	280	281	92	0.0	525	succinate dehydrogenase [ubiquinone] iron-sulfur subunit, mitochondrial isoform X1 [Phyllostomus hastatus]	9423
XP_036205876.1	XP_035881276	97.276	257	280	281	92	0.0	525	succinate dehydrogenase [ubiquinone] iron-sulfur subunit, mitochondrial isoform X1 [Phyllostomus discolor]	89673
XP_036205876.1	XP_045715501	96.183	262	280	268	94	0.0	525	succinate dehydrogenase [ubiquinone] iron-sulfur subunit, mitochondrial isoform X3 [Phyllostomus hastatus]	9423
XP_036205876.1	XP_036901002	96.875	256	280	266	91	0.0	523	succinate dehydrogenase [ubiquinone] iron-sulfur subunit, mitochondrial isoform X2 [Sturnira hondurensis]	192404
XP_036205876.1	XP_036205877	87.857	280	280	246	100	2.99e-177	493	succinate dehydrogenase [ubiquinone] iron-sulfur subunit, mitochondrial isoform X2 [Myotis myotis]	51298
XP_036205876.1	XP_006107379	98.404	188	280	193	67	1.26e-137	390	succinate dehydrogenase [ubiquinone] iron-sulfur subunit, mitochondrial, partial [Myotis lucifugus]	59463
XP_036205876.1	XP_014301787	100.000	96	280	102	34	6.03e-63	197	succinate dehydrogenase [ubiquinone] iron-sulfur subunit, mitochondrial-like [Myotis lucifugus]	59463
