XP_036170477.1	XP_036170477	100.000	359	359	359	100	0.0	731	NAD-dependent protein deacetylase sirtuin-6 [Myotis myotis]	51298
XP_036170477.1	XP_059553132	99.721	359	359	359	100	0.0	729	NAD-dependent protein deacylase sirtuin-6 isoform X1 [Myotis daubentonii]	98922
XP_036170477.1	XP_080947033	99.721	359	359	359	100	0.0	728	NAD-dependent protein deacylase sirtuin-6 isoform 1 [Myotis nattereri]	109481
XP_036170477.1	XP_070271923	97.772	359	359	359	100	0.0	717	NAD-dependent protein deacylase sirtuin-6 isoform X1 [Myotis yumanensis]	159337
XP_036170477.1	XP_008148833	96.936	359	359	359	100	0.0	715	NAD-dependent protein deacylase sirtuin-6 isoform X1 [Eptesicus fuscus]	29078
XP_036170477.1	XP_079629457	96.936	359	359	359	100	0.0	714	NAD-dependent protein deacylase sirtuin-6 isoform 1 [Cnephaeus nilssonii]	3371016
XP_036170477.1	XP_080533163	96.657	359	359	359	100	0.0	712	NAD-dependent protein deacylase sirtuin-6 [Plecotus auritus]	61862
XP_036170477.1	XP_036315848	94.986	359	359	359	100	0.0	698	NAD-dependent protein deacetylase sirtuin-6 isoform X1 [Pipistrellus kuhlii]	59472
XP_036170477.1	XP_080992951	94.429	359	359	359	100	0.0	696	NAD-dependent protein deacylase sirtuin-6 isoform 1 [Miniopterus schreibersii]	9433
XP_036170477.1	XP_024425005	93.315	359	359	359	100	0.0	691	NAD-dependent protein deacylase sirtuin-6 isoform X1 [Desmodus rotundus]	9430
XP_036170477.1	XP_037021172	93.036	359	359	359	100	0.0	691	NAD-dependent protein deacylase sirtuin-6 isoform X1 [Artibeus jamaicensis]	9417
XP_036170477.1	XP_036898464	93.036	359	359	359	100	0.0	691	NAD-dependent protein deacylase sirtuin-6 isoform X2 [Sturnira hondurensis]	192404
XP_036170477.1	XP_028375951	92.758	359	359	359	100	0.0	688	NAD-dependent protein deacetylase sirtuin-6 isoform X1 [Phyllostomus discolor]	89673
XP_036170477.1	XP_036096274	93.629	361	359	361	100	0.0	684	NAD-dependent protein deacetylase sirtuin-6 isoform X1 [Molossus molossus]	27622
XP_036170477.1	XP_045687792	91.922	359	359	359	100	0.0	683	NAD-dependent protein deacetylase sirtuin-6 isoform X1 [Phyllostomus hastatus]	9423
XP_036170477.1	XP_054438808	91.922	359	359	359	100	0.0	682	NAD-dependent protein deacylase sirtuin-6 isoform X1 [Pteronotus mesoamericanus]	1884717
XP_036170477.1	XP_066200567	90.808	359	359	359	100	0.0	671	NAD-dependent protein deacylase sirtuin-6 isoform X3 [Saccopteryx leptura]	249018
XP_036170477.1	XP_066131970	90.808	359	359	359	100	0.0	671	NAD-dependent protein deacylase sirtuin-6 isoform X3 [Saccopteryx bilineata]	59482
XP_036170477.1	XP_016053328	91.365	359	359	359	100	0.0	671	PREDICTED: NAD-dependent protein deacetylase sirtuin-6 isoform X1 [Miniopterus natalensis]	291302
XP_036170477.1	XP_054573480	96.450	338	359	339	94	0.0	669	NAD-dependent protein deacylase sirtuin-6 isoform X2 [Eptesicus fuscus]	29078
XP_036170477.1	XP_079629459	96.746	338	359	345	94	0.0	669	NAD-dependent protein deacylase sirtuin-6 isoform 2 [Cnephaeus nilssonii]	3371016
XP_036170477.1	XP_079629458	96.746	338	359	345	94	0.0	669	NAD-dependent protein deacylase sirtuin-6 isoform 2 [Cnephaeus nilssonii]	3371016
XP_036170477.1	XP_066200550	83.163	392	359	392	100	0.0	653	NAD-dependent protein deacylase sirtuin-6 isoform X1 [Saccopteryx leptura]	249018
XP_036170477.1	XP_066131954	83.163	392	359	392	100	0.0	653	NAD-dependent protein deacylase sirtuin-6 isoform X1 [Saccopteryx bilineata]	59482
XP_036170477.1	XP_032990314	89.972	359	359	359	100	0.0	642	NAD-dependent protein deacylase sirtuin-6 isoform X1 [Rhinolophus ferrumequinum]	59479
XP_036170477.1	XP_080992952	88.858	359	359	339	100	0.0	640	NAD-dependent protein deacylase sirtuin-6 isoform 2 [Miniopterus schreibersii]	9433
XP_036170477.1	XP_080932921	89.136	359	359	359	100	0.0	637	NAD-dependent protein deacylase sirtuin-6 isoform 1 [Rhinolophus hipposideros]	77218
XP_036170477.1	XP_019599845	88.858	359	359	359	100	0.0	634	NAD-dependent protein deacylase sirtuin-6 isoform X1 [Rhinolophus sinicus]	89399
XP_036170477.1	XP_006904170	88.301	359	359	359	100	0.0	621	NAD-dependent protein deacetylase sirtuin-6 [Pteropus alecto]	9402
XP_036170477.1	XP_015999880	87.744	359	359	359	100	0.0	615	NAD-dependent protein deacetylase sirtuin-6 isoform X1 [Rousettus aegyptiacus]	9407
XP_036170477.1	XP_066200558	78.316	392	359	372	100	0.0	598	NAD-dependent protein deacylase sirtuin-6 isoform X2 [Saccopteryx leptura]	249018
XP_036170477.1	XP_066131962	78.316	392	359	372	100	0.0	598	NAD-dependent protein deacylase sirtuin-6 isoform X2 [Saccopteryx bilineata]	59482
XP_036170477.1	XP_019509075	86.072	359	359	339	100	0.0	597	PREDICTED: NAD-dependent protein deacetylase sirtuin-6 isoform X1 [Hipposideros armiger]	186990
XP_036170477.1	XP_032990315	89.318	337	359	342	94	0.0	596	NAD-dependent protein deacylase sirtuin-6 isoform X2 [Rhinolophus ferrumequinum]	59479
XP_036170477.1	XP_074193711	88.131	337	359	342	94	0.0	588	NAD-dependent protein deacylase sirtuin-6 isoform X2 [Rhinolophus sinicus]	89399
XP_036170477.1	XP_059553133	99.652	287	359	287	80	0.0	577	NAD-dependent protein deacylase sirtuin-6 isoform X2 [Myotis daubentonii]	98922
XP_036170477.1	XP_011380230	83.844	359	359	341	100	0.0	575	NAD-dependent protein deacetylase sirtuin-6 [Pteropus vampyrus]	132908
XP_036170477.1	XP_054573481	96.864	287	359	287	80	0.0	566	NAD-dependent protein deacylase sirtuin-6 isoform X3 [Eptesicus fuscus]	29078
XP_036170477.1	XP_070271926	97.561	287	359	287	80	0.0	566	NAD-dependent protein deacylase sirtuin-6 isoform X2 [Myotis yumanensis]	159337
XP_036170477.1	XP_070271925	97.561	287	359	287	80	0.0	566	NAD-dependent protein deacylase sirtuin-6 isoform X2 [Myotis yumanensis]	159337
XP_036170477.1	XP_023602582	97.909	287	359	287	80	0.0	566	NAD-dependent protein deacetylase sirtuin-6 [Myotis lucifugus]	59463
XP_036170477.1	XP_006105985	97.909	287	359	287	80	0.0	566	NAD-dependent protein deacetylase sirtuin-6 [Myotis lucifugus]	59463
XP_036170477.1	XP_036898465	92.542	295	359	312	82	0.0	563	NAD-dependent protein deacylase sirtuin-6 isoform X3 [Sturnira hondurensis]	192404
XP_036170477.1	XP_035890239	92.203	295	359	312	82	0.0	560	NAD-dependent protein deacetylase sirtuin-6 isoform X2 [Phyllostomus discolor]	89673
XP_036170477.1	XP_006754176	92.131	305	359	318	85	0.0	560	PREDICTED: NAD-dependent protein deacetylase sirtuin-6 [Myotis davidii]	225400
XP_036170477.1	XP_054438809	77.994	359	359	307	100	0.0	551	NAD-dependent protein deacylase sirtuin-6 isoform X2 [Pteronotus mesoamericanus]	1884717
XP_036170477.1	XP_036315852	94.425	287	359	287	80	0.0	549	NAD-dependent protein deacetylase sirtuin-6 isoform X2 [Pipistrellus kuhlii]	59472
XP_036170477.1	XP_036315849	94.425	287	359	287	80	0.0	549	NAD-dependent protein deacetylase sirtuin-6 isoform X2 [Pipistrellus kuhlii]	59472
XP_036170477.1	XP_036315850	94.425	287	359	287	80	0.0	549	NAD-dependent protein deacetylase sirtuin-6 isoform X2 [Pipistrellus kuhlii]	59472
XP_036170477.1	XP_071075281	92.683	287	359	287	80	0.0	544	NAD-dependent protein deacylase sirtuin-6 isoform X2 [Desmodus rotundus]	9430
XP_036170477.1	XP_053767851	92.683	287	359	287	80	0.0	544	NAD-dependent protein deacylase sirtuin-6 isoform X2 [Desmodus rotundus]	9430
XP_036170477.1	XP_037021175	92.334	287	359	287	80	0.0	543	NAD-dependent protein deacylase sirtuin-6 isoform X3 [Artibeus jamaicensis]	9417
XP_036170477.1	XP_035890240	91.986	287	359	287	80	0.0	541	NAD-dependent protein deacetylase sirtuin-6 isoform X3 [Phyllostomus discolor]	89673
XP_036170477.1	XP_045687794	90.941	287	359	287	80	0.0	535	NAD-dependent protein deacetylase sirtuin-6 isoform X2 [Phyllostomus hastatus]	9423
XP_036170477.1	XP_014389174	97.368	266	359	281	74	0.0	534	PREDICTED: NAD-dependent protein deacetylase sirtuin-6, partial [Myotis brandtii]	109478
XP_036170477.1	XP_036096275	92.734	289	359	289	80	0.0	534	NAD-dependent protein deacetylase sirtuin-6 isoform X2 [Molossus molossus]	27622
XP_036170477.1	XP_066200598	80.312	320	359	320	80	7.33e-180	505	NAD-dependent protein deacylase sirtuin-6 isoform X4 [Saccopteryx leptura]	249018
XP_036170477.1	XP_066200590	80.312	320	359	320	80	7.33e-180	505	NAD-dependent protein deacylase sirtuin-6 isoform X4 [Saccopteryx leptura]	249018
XP_036170477.1	XP_066200581	80.312	320	359	320	80	7.33e-180	505	NAD-dependent protein deacylase sirtuin-6 isoform X4 [Saccopteryx leptura]	249018
XP_036170477.1	XP_066200573	80.312	320	359	320	80	7.33e-180	505	NAD-dependent protein deacylase sirtuin-6 isoform X4 [Saccopteryx leptura]	249018
XP_036170477.1	XP_066132003	80.312	320	359	320	80	7.33e-180	505	NAD-dependent protein deacylase sirtuin-6 isoform X4 [Saccopteryx bilineata]	59482
XP_036170477.1	XP_066131997	80.312	320	359	320	80	7.33e-180	505	NAD-dependent protein deacylase sirtuin-6 isoform X4 [Saccopteryx bilineata]	59482
XP_036170477.1	XP_066131989	80.312	320	359	320	80	7.33e-180	505	NAD-dependent protein deacylase sirtuin-6 isoform X4 [Saccopteryx bilineata]	59482
XP_036170477.1	XP_066131980	80.312	320	359	320	80	7.33e-180	505	NAD-dependent protein deacylase sirtuin-6 isoform X4 [Saccopteryx bilineata]	59482
XP_036170477.1	XP_080932922	88.153	287	359	287	80	7.36e-176	494	NAD-dependent protein deacylase sirtuin-6 isoform 2 [Rhinolophus hipposideros]	77218
XP_036170477.1	XP_039734482	70.694	389	359	389	100	1.87e-170	484	NAD-dependent protein deacylase sirtuin-6 [Pteropus medius]	143291
XP_036170477.1	XP_036089985	85.714	287	359	287	80	4.14e-166	469	NAD-dependent protein deacetylase sirtuin-6 isoform X2 [Rousettus aegyptiacus]	9407
XP_036170477.1	XP_019509076	83.624	287	359	267	80	1.89e-158	449	PREDICTED: NAD-dependent protein deacetylase sirtuin-6 isoform X2 [Hipposideros armiger]	186990
XP_036170477.1	XP_036898467	91.453	234	359	251	65	1.78e-155	441	NAD-dependent protein deacylase sirtuin-6 isoform X5 [Sturnira hondurensis]	192404
XP_036170477.1	XP_035890241	91.026	234	359	251	65	3.64e-154	437	NAD-dependent protein deacetylase sirtuin-6 isoform X4 [Phyllostomus discolor]	89673
XP_036170477.1	XP_037021174	91.453	234	359	302	65	1.75e-153	438	NAD-dependent protein deacylase sirtuin-6 isoform X2 [Artibeus jamaicensis]	9417
XP_036170477.1	XP_036898466	91.453	234	359	302	65	1.61e-152	436	NAD-dependent protein deacylase sirtuin-6 isoform X4 [Sturnira hondurensis]	192404
XP_036170477.1	XP_036898463	91.453	234	359	365	65	1.81e-152	438	NAD-dependent protein deacylase sirtuin-6 isoform X1 [Sturnira hondurensis]	192404
XP_036170477.1	XP_080947034	100.000	205	359	244	57	4.58e-151	429	NAD-dependent protein deacylase sirtuin-6 isoform 2 [Myotis nattereri]	109481
XP_036170477.1	XP_016053329	97.561	205	359	244	57	9.53e-148	421	PREDICTED: NAD-dependent protein deacetylase sirtuin-6 isoform X2 [Miniopterus natalensis]	291302
XP_036170477.1	XP_080992953	97.561	205	359	244	57	1.49e-147	421	NAD-dependent protein deacylase sirtuin-6 isoform 3 [Miniopterus schreibersii]	9433
XP_036170477.1	XP_035890242	90.625	224	359	224	62	8.59e-146	416	NAD-dependent protein deacetylase sirtuin-6 isoform X5 [Phyllostomus discolor]	89673
XP_036170477.1	XP_032990316	95.122	205	359	248	57	1.93e-143	410	NAD-dependent protein deacylase sirtuin-6 isoform X3 [Rhinolophus ferrumequinum]	59479
XP_036170477.1	XP_045687795	88.839	224	359	224	62	4.45e-143	409	NAD-dependent protein deacetylase sirtuin-6 isoform X3 [Phyllostomus hastatus]	9423
XP_036170477.1	XP_066200616	94.634	205	359	277	57	4.84e-142	408	NAD-dependent protein deacylase sirtuin-6 isoform X6 [Saccopteryx leptura]	249018
XP_036170477.1	XP_066132021	94.634	205	359	277	57	4.84e-142	408	NAD-dependent protein deacylase sirtuin-6 isoform X6 [Saccopteryx bilineata]	59482
XP_036170477.1	XP_066200607	76.423	246	359	311	77	6.93e-123	361	NAD-dependent protein deacylase sirtuin-6 isoform X5 [Saccopteryx leptura]	249018
XP_036170477.1	XP_066200607	95.385	65	359	311	77	2.61e-35	135	NAD-dependent protein deacylase sirtuin-6 isoform X5 [Saccopteryx leptura]	249018
XP_036170477.1	XP_066132013	76.423	246	359	311	77	6.93e-123	361	NAD-dependent protein deacylase sirtuin-6 isoform X5 [Saccopteryx bilineata]	59482
XP_036170477.1	XP_066132013	95.385	65	359	311	77	2.61e-35	135	NAD-dependent protein deacylase sirtuin-6 isoform X5 [Saccopteryx bilineata]	59482
XP_036170477.1	XP_019517502	41.993	281	359	400	72	1.32e-52	183	PREDICTED: NAD-dependent protein deacetylase sirtuin-7 [Hipposideros armiger]	186990
XP_036170477.1	XP_080966551	42.545	275	359	337	71	2.27e-52	181	NAD-dependent protein deacetylase sirtuin-7 isoform 3 [Myotis nattereri]	109481
XP_036170477.1	XP_066237668	42.029	276	359	337	71	2.87e-52	181	NAD-dependent protein deacetylase sirtuin-7 isoform X2 [Saccopteryx leptura]	249018
XP_036170477.1	XP_032947106	41.993	281	359	400	72	3.57e-52	182	NAD-dependent protein deacetylase sirtuin-7 [Rhinolophus ferrumequinum]	59479
XP_036170477.1	XP_066092050	42.029	276	359	337	71	3.95e-52	181	NAD-dependent protein deacetylase sirtuin-7 isoform X2 [Saccopteryx bilineata]	59482
XP_036170477.1	XP_036924694	42.029	276	359	357	71	1.15e-51	180	NAD-dependent protein deacetylase sirtuin-7 isoform X2 [Sturnira hondurensis]	192404
XP_036170477.1	XP_054449258	43.116	276	359	420	71	1.20e-51	181	NAD-dependent protein deacetylase sirtuin-7 [Pteronotus mesoamericanus]	1884717
XP_036170477.1	XP_080966550	42.349	281	359	400	72	1.40e-51	181	NAD-dependent protein deacetylase sirtuin-7 isoform 2 [Myotis nattereri]	109481
XP_036170477.1	XP_059527546	42.349	281	359	400	72	1.41e-51	181	NAD-dependent protein deacetylase sirtuin-7 [Myotis daubentonii]	98922
XP_036170477.1	XP_036268205	42.446	278	359	400	71	1.43e-51	181	NAD-dependent protein deacetylase sirtuin-7 [Pipistrellus kuhlii]	59472
XP_036170477.1	XP_036123888	42.349	281	359	400	72	1.62e-51	181	NAD-dependent protein deacetylase sirtuin-7 [Molossus molossus]	27622
XP_036170477.1	XP_080886220	41.818	275	359	400	71	1.62e-51	181	NAD-dependent protein deacetylase sirtuin-7 isoform 1 [Rhinolophus hipposideros]	77218
XP_036170477.1	XP_053766818	42.391	276	359	420	71	1.74e-51	181	NAD-dependent protein deacetylase sirtuin-7 isoform X1 [Desmodus rotundus]	9430
XP_036170477.1	XP_036195166	42.349	281	359	400	72	1.78e-51	181	NAD-dependent protein deacetylase sirtuin-7 isoform X2 [Myotis myotis]	51298
XP_036170477.1	XP_019591205	41.993	281	359	420	72	1.81e-51	181	NAD-dependent protein deacetylase sirtuin-7 [Rhinolophus sinicus]	89399
XP_036170477.1	XP_066237667	42.029	276	359	419	71	1.99e-51	181	NAD-dependent protein deacetylase sirtuin-7 isoform X1 [Saccopteryx leptura]	249018
XP_036170477.1	XP_054564904	42.349	281	359	400	72	2.16e-51	180	NAD-dependent protein deacetylase sirtuin-7 isoform X2 [Eptesicus fuscus]	29078
XP_036170477.1	XP_079653717	42.349	281	359	400	72	2.61e-51	180	NAD-dependent protein deacetylase sirtuin-7 isoform 2 [Cnephaeus nilssonii]	3371016
XP_036170477.1	XP_081018520	42.349	281	359	400	72	2.64e-51	180	NAD-dependent protein deacetylase sirtuin-7 [Miniopterus schreibersii]	9433
XP_036170477.1	XP_066092049	42.029	276	359	419	71	2.82e-51	181	NAD-dependent protein deacetylase sirtuin-7 isoform X1 [Saccopteryx bilineata]	59482
XP_036170477.1	XP_070251059	42.349	281	359	400	72	2.90e-51	180	NAD-dependent protein deacetylase sirtuin-7 [Myotis yumanensis]	159337
XP_036170477.1	XP_080537354	42.349	281	359	400	72	3.40e-51	180	NAD-dependent protein deacetylase sirtuin-7 isoform 2 [Plecotus auritus]	61862
XP_036170477.1	XP_036924689	42.029	276	359	420	71	7.76e-51	179	NAD-dependent protein deacetylase sirtuin-7 isoform X1 [Sturnira hondurensis]	192404
XP_036170477.1	XP_016019327	42.182	275	359	337	71	9.62e-51	177	NAD-dependent protein deacetylase sirtuin-7 isoform X2 [Rousettus aegyptiacus]	9407
XP_036170477.1	XP_028375907	42.029	276	359	420	71	1.52e-50	179	NAD-dependent protein deacetylase sirtuin-7 [Phyllostomus discolor]	89673
XP_036170477.1	XP_037013697	42.029	276	359	420	71	1.94e-50	178	NAD-dependent protein deacetylase sirtuin-7 [Artibeus jamaicensis]	9417
XP_036170477.1	XP_016019326	41.993	281	359	400	72	2.23e-50	177	NAD-dependent protein deacetylase sirtuin-7 isoform X1 [Rousettus aegyptiacus]	9407
XP_036170477.1	XP_039715860	41.993	281	359	400	72	2.42e-50	177	NAD-dependent protein deacetylase sirtuin-7 [Pteropus medius]	143291
XP_036170477.1	XP_045693514	41.667	276	359	420	71	1.03e-49	176	NAD-dependent protein deacetylase sirtuin-7 [Phyllostomus hastatus]	9423
XP_036170477.1	XP_024902865	41.219	279	359	401	72	1.73e-49	175	NAD-dependent protein deacetylase sirtuin-7 [Pteropus alecto]	9402
XP_036170477.1	XP_080966549	40.203	296	359	415	72	7.15e-48	171	NAD-dependent protein deacetylase sirtuin-7 isoform 1 [Myotis nattereri]	109481
XP_036170477.1	XP_036195165	40.203	296	359	415	72	1.16e-47	171	NAD-dependent protein deacetylase sirtuin-7 isoform X1 [Myotis myotis]	51298
XP_036170477.1	XP_054564903	40.339	295	359	414	72	2.55e-47	170	NAD-dependent protein deacetylase sirtuin-7 isoform X1 [Eptesicus fuscus]	29078
XP_036170477.1	XP_079653716	38.870	301	359	425	71	5.56e-46	167	NAD-dependent protein deacetylase sirtuin-7 isoform 1 [Cnephaeus nilssonii]	3371016
XP_036170477.1	XP_080537353	38.614	303	359	427	71	1.30e-45	166	NAD-dependent protein deacetylase sirtuin-7 isoform 1 [Plecotus auritus]	61862
XP_036170477.1	XP_016070924	38.077	260	359	273	67	2.73e-38	142	PREDICTED: NAD-dependent protein deacetylase sirtuin-7 isoform X2 [Miniopterus natalensis]	291302
XP_036170477.1	XP_016070923	37.931	261	359	336	67	4.55e-38	144	PREDICTED: NAD-dependent protein deacetylase sirtuin-7 isoform X1 [Miniopterus natalensis]	291302
XP_036170477.1	XP_053766819	40.000	240	359	348	61	1.08e-37	143	NAD-dependent protein deacetylase sirtuin-7 isoform X2 [Desmodus rotundus]	9430
XP_036170477.1	XP_014386737	39.662	237	359	302	60	3.56e-37	140	PREDICTED: NAD-dependent protein deacetylase sirtuin-7 isoform X1 [Myotis brandtii]	109478
XP_036170477.1	XP_006109795	39.662	237	359	368	60	7.62e-35	135	LOW QUALITY PROTEIN: NAD-dependent protein deacetylase sirtuin-7, partial [Myotis lucifugus]	59463
XP_036170477.1	XP_014386738	38.693	199	359	251	50	9.91e-26	108	PREDICTED: NAD-dependent protein deacetylase sirtuin-7 isoform X2 [Myotis brandtii]	109478
XP_036170477.1	XP_036132595	28.716	296	359	314	72	3.20e-20	95.1	NAD-dependent protein lipoamidase sirtuin-4, mitochondrial [Molossus molossus]	27622
XP_036170477.1	XP_032953036	28.526	312	359	333	73	3.59e-20	95.1	NAD-dependent protein lipoamidase sirtuin-4, mitochondrial isoform X1 [Rhinolophus ferrumequinum]	59479
XP_036170477.1	XP_032953035	28.526	312	359	333	73	3.59e-20	95.1	NAD-dependent protein lipoamidase sirtuin-4, mitochondrial isoform X1 [Rhinolophus ferrumequinum]	59479
XP_036170477.1	XP_032953044	28.526	312	359	314	73	3.60e-20	94.7	NAD-dependent protein lipoamidase sirtuin-4, mitochondrial isoform X4 [Rhinolophus ferrumequinum]	59479
XP_036170477.1	XP_032953043	28.526	312	359	314	73	3.60e-20	94.7	NAD-dependent protein lipoamidase sirtuin-4, mitochondrial isoform X4 [Rhinolophus ferrumequinum]	59479
XP_036170477.1	XP_032953041	28.526	312	359	324	73	4.32e-20	94.7	NAD-dependent protein lipoamidase sirtuin-4, mitochondrial isoform X3 [Rhinolophus ferrumequinum]	59479
XP_036170477.1	XP_032953040	28.526	312	359	326	73	4.53e-20	94.7	NAD-dependent protein lipoamidase sirtuin-4, mitochondrial isoform X2 [Rhinolophus ferrumequinum]	59479
XP_036170477.1	XP_032953039	28.526	312	359	326	73	4.53e-20	94.7	NAD-dependent protein lipoamidase sirtuin-4, mitochondrial isoform X2 [Rhinolophus ferrumequinum]	59479
XP_036170477.1	XP_032953038	28.526	312	359	326	73	4.53e-20	94.7	NAD-dependent protein lipoamidase sirtuin-4, mitochondrial isoform X2 [Rhinolophus ferrumequinum]	59479
XP_036170477.1	XP_032953037	28.526	312	359	326	73	4.53e-20	94.7	NAD-dependent protein lipoamidase sirtuin-4, mitochondrial isoform X2 [Rhinolophus ferrumequinum]	59479
XP_036170477.1	XP_028384273	28.716	296	359	314	72	7.12e-20	94.0	NAD-dependent protein lipoamidase sirtuin-4, mitochondrial [Phyllostomus discolor]	89673
XP_036170477.1	XP_080892952	27.885	312	359	314	73	8.67e-20	94.0	NAD-dependent protein lipoamidase sirtuin-4, mitochondrial isoform 3 [Rhinolophus hipposideros]	77218
XP_036170477.1	XP_080892951	27.885	312	359	314	73	8.67e-20	94.0	NAD-dependent protein lipoamidase sirtuin-4, mitochondrial isoform 3 [Rhinolophus hipposideros]	77218
XP_036170477.1	XP_080892950	27.885	312	359	314	73	8.67e-20	94.0	NAD-dependent protein lipoamidase sirtuin-4, mitochondrial isoform 3 [Rhinolophus hipposideros]	77218
XP_036170477.1	XP_024422916	28.716	296	359	334	72	1.07e-19	94.0	NAD-dependent protein lipoamidase sirtuin-4, mitochondrial [Desmodus rotundus]	9430
XP_036170477.1	XP_080892949	27.885	312	359	326	73	1.30e-19	93.6	NAD-dependent protein lipoamidase sirtuin-4, mitochondrial isoform 2 [Rhinolophus hipposideros]	77218
XP_036170477.1	XP_080892948	27.885	312	359	326	73	1.30e-19	93.6	NAD-dependent protein lipoamidase sirtuin-4, mitochondrial isoform 2 [Rhinolophus hipposideros]	77218
XP_036170477.1	XP_045699512	29.054	296	359	314	72	1.41e-19	93.2	NAD-dependent protein lipoamidase sirtuin-4, mitochondrial [Phyllostomus hastatus]	9423
XP_036170477.1	XP_045699511	29.054	296	359	314	72	1.41e-19	93.2	NAD-dependent protein lipoamidase sirtuin-4, mitochondrial [Phyllostomus hastatus]	9423
XP_036170477.1	XP_015982727	28.378	296	359	314	72	2.13e-19	92.8	NAD-dependent protein lipoamidase sirtuin-4, mitochondrial [Rousettus aegyptiacus]	9407
XP_036170477.1	XP_006908671	28.378	296	359	314	72	3.03e-19	92.4	NAD-dependent protein lipoamidase sirtuin-4, mitochondrial isoform X1 [Pteropus alecto]	9402
XP_036170477.1	XP_015442282	28.571	294	359	298	71	3.33e-19	92.0	NAD-dependent protein lipoamidase sirtuin-4, mitochondrial isoform X2 [Pteropus alecto]	9402
XP_036170477.1	XP_066222072	27.703	296	359	312	72	3.48e-19	92.0	NAD-dependent protein lipoamidase sirtuin-4, mitochondrial isoform X1 [Saccopteryx leptura]	249018
XP_036170477.1	XP_037012159	28.716	296	359	324	72	4.22e-19	92.0	NAD-dependent protein lipoamidase sirtuin-4, mitochondrial isoform X2 [Artibeus jamaicensis]	9417
XP_036170477.1	XP_036305478	28.814	295	359	314	72	4.71e-19	91.7	NAD-dependent protein lipoamidase sirtuin-4, mitochondrial [Pipistrellus kuhlii]	59472
XP_036170477.1	XP_066111151	27.365	296	359	312	72	4.77e-19	91.7	NAD-dependent protein lipoamidase sirtuin-4, mitochondrial isoform X1 [Saccopteryx bilineata]	59482
XP_036170477.1	XP_011354169	28.571	294	359	298	71	6.76e-19	90.9	NAD-dependent protein lipoamidase sirtuin-4, mitochondrial isoform X2 [Pteropus vampyrus]	132908
XP_036170477.1	XP_011354168	28.378	296	359	314	72	6.91e-19	91.3	NAD-dependent protein lipoamidase sirtuin-4, mitochondrial isoform X1 [Pteropus vampyrus]	132908
XP_036170477.1	XP_070255976	28.378	296	359	314	72	7.62e-19	91.3	NAD-dependent protein lipoamidase sirtuin-4, mitochondrial [Myotis yumanensis]	159337
XP_036170477.1	XP_008141001	28.041	296	359	314	72	9.93e-19	90.9	NAD-dependent protein lipoamidase sirtuin-4, mitochondrial [Eptesicus fuscus]	29078
XP_036170477.1	XP_071077462	30.938	320	359	307	81	1.04e-18	90.5	NAD-dependent protein deacetylase sirtuin-3, mitochondrial isoform X2 [Desmodus rotundus]	9430
XP_036170477.1	XP_080506435	28.378	296	359	314	72	1.11e-18	90.5	NAD-dependent protein lipoamidase sirtuin-4, mitochondrial isoform 1 [Plecotus auritus]	61862
XP_036170477.1	XP_036908139	28.716	296	359	314	72	1.20e-18	90.5	NAD-dependent protein lipoamidase sirtuin-4, mitochondrial [Sturnira hondurensis]	192404
XP_036170477.1	XP_005863832	28.378	296	359	314	72	1.32e-18	90.5	PREDICTED: NAD-dependent protein lipoamidase sirtuin-4, mitochondrial [Myotis brandtii]	109478
XP_036170477.1	XP_024429895	30.938	320	359	332	81	1.49e-18	90.5	NAD-dependent protein deacetylase sirtuin-3, mitochondrial isoform X1 [Desmodus rotundus]	9430
XP_036170477.1	XP_059531872	28.378	296	359	314	72	1.51e-18	90.1	NAD-dependent protein lipoamidase sirtuin-4, mitochondrial isoform X2 [Myotis daubentonii]	98922
XP_036170477.1	XP_079619398	28.378	296	359	314	72	1.60e-18	90.1	NAD-dependent protein lipoamidase sirtuin-4, mitochondrial isoform 1 [Cnephaeus nilssonii]	3371016
XP_036170477.1	XP_039724245	28.378	296	359	314	72	1.86e-18	90.1	NAD-dependent protein lipoamidase sirtuin-4, mitochondrial isoform X1 [Pteropus medius]	143291
XP_036170477.1	XP_080970143	28.669	293	359	314	71	1.95e-18	90.1	NAD-dependent protein lipoamidase sirtuin-4, mitochondrial [Myotis nattereri]	109481
XP_036170477.1	XP_006770359	28.378	296	359	314	72	2.05e-18	89.7	PREDICTED: NAD-dependent protein lipoamidase sirtuin-4, mitochondrial [Myotis davidii]	225400
XP_036170477.1	XP_036210376	28.378	296	359	314	72	2.09e-18	89.7	NAD-dependent protein lipoamidase sirtuin-4, mitochondrial [Myotis myotis]	51298
XP_036170477.1	XP_045039446	31.852	270	359	257	67	3.75e-18	88.2	NAD-dependent protein deacetylase sirtuin-3, mitochondrial isoform X3 [Desmodus rotundus]	9430
XP_036170477.1	XP_016057085	28.041	296	359	312	72	4.58e-18	89.0	PREDICTED: NAD-dependent protein lipoamidase sirtuin-4, mitochondrial [Miniopterus natalensis]	291302
XP_036170477.1	XP_080979836	28.041	296	359	312	72	4.67e-18	89.0	NAD-dependent protein lipoamidase sirtuin-4, mitochondrial isoform 1 [Miniopterus schreibersii]	9433
XP_036170477.1	XP_081011646	35.577	208	359	328	51	6.42e-18	88.6	NAD-dependent protein deacetylase sirtuin-3, mitochondrial isoform 4 [Miniopterus schreibersii]	9433
XP_036170477.1	XP_081011643	35.577	208	359	407	51	6.61e-18	89.7	NAD-dependent protein deacetylase sirtuin-3, mitochondrial isoform 1 [Miniopterus schreibersii]	9433
XP_036170477.1	XP_016077830	35.577	208	359	329	51	6.62e-18	88.6	PREDICTED: NAD-dependent protein deacetylase sirtuin-3, mitochondrial [Miniopterus natalensis]	291302
XP_036170477.1	XP_081011645	35.577	208	359	329	51	6.62e-18	88.6	NAD-dependent protein deacetylase sirtuin-3, mitochondrial isoform 3 [Miniopterus schreibersii]	9433
XP_036170477.1	XP_019504595	27.703	296	359	314	72	8.28e-18	88.2	PREDICTED: NAD-dependent protein lipoamidase sirtuin-4, mitochondrial isoform X2 [Hipposideros armiger]	186990
XP_036170477.1	XP_019504593	27.703	296	359	314	72	8.28e-18	88.2	PREDICTED: NAD-dependent protein lipoamidase sirtuin-4, mitochondrial isoform X2 [Hipposideros armiger]	186990
XP_036170477.1	XP_019504592	27.703	296	359	314	72	8.28e-18	88.2	PREDICTED: NAD-dependent protein lipoamidase sirtuin-4, mitochondrial isoform X2 [Hipposideros armiger]	186990
XP_036170477.1	XP_019504591	27.703	296	359	314	72	8.28e-18	88.2	PREDICTED: NAD-dependent protein lipoamidase sirtuin-4, mitochondrial isoform X2 [Hipposideros armiger]	186990
XP_036170477.1	XP_037012161	28.383	303	359	321	72	1.33e-17	87.8	NAD-dependent protein lipoamidase sirtuin-4, mitochondrial isoform X3 [Artibeus jamaicensis]	9417
XP_036170477.1	XP_037012158	28.383	303	359	331	72	1.70e-17	87.4	NAD-dependent protein lipoamidase sirtuin-4, mitochondrial isoform X1 [Artibeus jamaicensis]	9417
XP_036170477.1	XP_053525919	28.383	303	359	331	72	1.70e-17	87.4	NAD-dependent protein lipoamidase sirtuin-4, mitochondrial isoform X1 [Artibeus jamaicensis]	9417
XP_036170477.1	XP_019504590	27.703	296	359	341	72	2.05e-17	87.4	PREDICTED: NAD-dependent protein lipoamidase sirtuin-4, mitochondrial isoform X1 [Hipposideros armiger]	186990
XP_036170477.1	XP_039724246	28.378	296	359	308	72	2.82e-17	86.7	NAD-dependent protein lipoamidase sirtuin-4, mitochondrial isoform X2 [Pteropus medius]	143291
XP_036170477.1	XP_066219575	32.271	251	359	333	62	3.33e-17	86.7	NAD-dependent protein deacetylase sirtuin-3, mitochondrial isoform X2 [Saccopteryx leptura]	249018
XP_036170477.1	XP_066219506	32.271	251	359	383	62	3.60e-17	87.4	NAD-dependent protein deacetylase sirtuin-3, mitochondrial isoform X1 [Saccopteryx leptura]	249018
XP_036170477.1	XP_015415324	32.911	237	359	292	60	6.85e-17	85.1	PREDICTED: NAD-dependent protein deacetylase sirtuin-7 [Myotis davidii]	225400
XP_036170477.1	XP_036884372	31.618	272	359	331	69	1.58e-16	84.7	NAD-dependent protein deacetylase sirtuin-3, mitochondrial isoform X1 [Sturnira hondurensis]	192404
XP_036170477.1	XP_036884375	31.461	267	359	255	67	1.81e-16	83.2	NAD-dependent protein deacetylase sirtuin-3, mitochondrial isoform X2 [Sturnira hondurensis]	192404
XP_036170477.1	XP_036884374	31.461	267	359	255	67	1.81e-16	83.2	NAD-dependent protein deacetylase sirtuin-3, mitochondrial isoform X2 [Sturnira hondurensis]	192404
XP_036170477.1	XP_036884373	31.461	267	359	255	67	1.81e-16	83.2	NAD-dependent protein deacetylase sirtuin-3, mitochondrial isoform X2 [Sturnira hondurensis]	192404
XP_036170477.1	XP_036284385	31.200	250	359	333	62	2.03e-16	84.3	NAD-dependent protein deacetylase sirtuin-3, mitochondrial isoform X1 [Pipistrellus kuhlii]	59472
XP_036170477.1	XP_066108623	31.474	251	359	373	62	2.42e-16	84.7	NAD-dependent protein deacetylase sirtuin-3-like isoform X3 [Saccopteryx bilineata]	59482
XP_036170477.1	XP_045434037	30.400	250	359	333	62	2.59e-16	84.3	NAD-dependent protein deacetylase sirtuin-3, mitochondrial isoform X2 [Pipistrellus kuhlii]	59472
XP_036170477.1	XP_066108621	31.474	251	359	423	62	2.96e-16	84.7	NAD-dependent protein deacetylase sirtuin-3-like isoform X1 [Saccopteryx bilineata]	59482
XP_036170477.1	XP_035885833	31.325	249	359	331	62	3.58e-16	83.6	NAD-dependent protein deacetylase sirtuin-3, mitochondrial [Phyllostomus discolor]	89673
XP_036170477.1	XP_036136917	30.709	254	359	336	62	4.03e-16	83.6	NAD-dependent protein deacetylase sirtuin-3, mitochondrial isoform X1 [Molossus molossus]	27622
XP_036170477.1	XP_015992684	31.754	211	359	254	52	4.17e-16	82.4	NAD-dependent protein deacetylase sirtuin-3, mitochondrial isoform X2 [Rousettus aegyptiacus]	9407
XP_036170477.1	XP_015992683	31.754	211	359	254	52	4.17e-16	82.4	NAD-dependent protein deacetylase sirtuin-3, mitochondrial isoform X2 [Rousettus aegyptiacus]	9407
XP_036170477.1	XP_066108610	31.474	251	359	333	62	5.31e-16	83.2	NAD-dependent protein deacetylase sirtuin-3, mitochondrial-like isoform X1 [Saccopteryx bilineata]	59482
XP_036170477.1	XP_066108622	31.474	251	359	383	62	5.61e-16	83.6	NAD-dependent protein deacetylase sirtuin-3-like isoform X2 [Saccopteryx bilineata]	59482
XP_036170477.1	XP_036284386	30.894	246	359	257	61	5.87e-16	82.0	NAD-dependent protein deacetylase sirtuin-3, mitochondrial isoform X3 [Pipistrellus kuhlii]	59472
XP_036170477.1	XP_045434038	30.894	246	359	257	61	5.87e-16	82.0	NAD-dependent protein deacetylase sirtuin-3, mitochondrial isoform X3 [Pipistrellus kuhlii]	59472
XP_036170477.1	XP_037017226	31.250	272	359	331	69	6.80e-16	82.8	NAD-dependent protein deacetylase sirtuin-3, mitochondrial isoform X3 [Artibeus jamaicensis]	9417
XP_036170477.1	XP_045676952	31.250	272	359	331	69	8.39e-16	82.8	NAD-dependent protein deacetylase sirtuin-3, mitochondrial isoform X2 [Phyllostomus hastatus]	9423
XP_036170477.1	XP_015992682	31.628	215	359	330	53	8.63e-16	82.8	NAD-dependent protein deacetylase sirtuin-3, mitochondrial isoform X1 [Rousettus aegyptiacus]	9407
XP_036170477.1	XP_079644032	30.566	265	359	333	65	1.20e-15	82.4	NAD-dependent protein deacetylase sirtuin-3, mitochondrial isoform 1 [Cnephaeus nilssonii]	3371016
XP_036170477.1	XP_045676951	31.600	250	359	345	62	1.31e-15	82.4	NAD-dependent protein deacetylase sirtuin-3, mitochondrial isoform X1 [Phyllostomus hastatus]	9423
XP_036170477.1	XP_045676954	31.600	250	359	325	62	1.34e-15	82.0	NAD-dependent protein deacetylase sirtuin-3, mitochondrial isoform X4 [Phyllostomus hastatus]	9423
XP_036170477.1	XP_080892947	28.782	271	359	347	62	1.42e-15	82.0	NAD-dependent protein lipoamidase sirtuin-4, mitochondrial isoform 1 [Rhinolophus hipposideros]	77218
XP_036170477.1	XP_045676953	31.600	250	359	327	62	1.49e-15	82.0	NAD-dependent protein deacetylase sirtuin-3, mitochondrial isoform X3 [Phyllostomus hastatus]	9423
XP_036170477.1	XP_074177494	30.638	235	359	330	55	2.12e-15	81.6	NAD-dependent protein lipoamidase sirtuin-4, mitochondrial isoform X2 [Rhinolophus sinicus]	89399
XP_036170477.1	XP_074177493	30.213	235	359	342	55	2.40e-15	81.6	NAD-dependent protein lipoamidase sirtuin-4, mitochondrial isoform X1 [Rhinolophus sinicus]	89399
XP_036170477.1	XP_079619399	29.804	255	359	312	60	2.62e-15	80.9	NAD-dependent protein lipoamidase sirtuin-4, mitochondrial isoform 2 [Cnephaeus nilssonii]	3371016
XP_036170477.1	XP_079644035	30.645	248	359	257	61	2.91e-15	80.1	NAD-dependent protein deacetylase sirtuin-3, mitochondrial isoform 2 [Cnephaeus nilssonii]	3371016
XP_036170477.1	XP_079644034	30.645	248	359	257	61	2.91e-15	80.1	NAD-dependent protein deacetylase sirtuin-3, mitochondrial isoform 2 [Cnephaeus nilssonii]	3371016
XP_036170477.1	XP_079644033	30.645	248	359	257	61	2.91e-15	80.1	NAD-dependent protein deacetylase sirtuin-3, mitochondrial isoform 2 [Cnephaeus nilssonii]	3371016
XP_036170477.1	XP_015992686	31.628	215	359	376	53	3.17e-15	81.6	NAD-dependent protein deacetylase sirtuin-3, mitochondrial isoform X3 [Rousettus aegyptiacus]	9407
XP_036170477.1	XP_070283367	31.884	207	359	333	51	3.68e-15	80.9	NAD-dependent protein deacetylase sirtuin-3, mitochondrial isoform X2 [Myotis yumanensis]	159337
XP_036170477.1	XP_045676957	31.301	246	359	269	61	3.91e-15	79.7	NAD-dependent protein deacetylase sirtuin-3, mitochondrial isoform X5 [Phyllostomus hastatus]	9423
XP_036170477.1	XP_045676956	31.301	246	359	269	61	3.91e-15	79.7	NAD-dependent protein deacetylase sirtuin-3, mitochondrial isoform X5 [Phyllostomus hastatus]	9423
XP_036170477.1	XP_045676955	31.301	246	359	269	61	3.91e-15	79.7	NAD-dependent protein deacetylase sirtuin-3, mitochondrial isoform X5 [Phyllostomus hastatus]	9423
XP_036170477.1	XP_019575032	32.558	215	359	321	53	6.88e-15	79.7	NAD-dependent protein deacetylase sirtuin-3, mitochondrial isoform X5 [Rhinolophus sinicus]	89399
XP_036170477.1	XP_054432809	31.225	253	359	333	62	7.31e-15	80.1	NAD-dependent protein deacetylase sirtuin-3, mitochondrial isoform X1 [Pteronotus mesoamericanus]	1884717
XP_036170477.1	XP_059531871	29.762	252	359	327	60	9.10e-15	79.7	NAD-dependent protein lipoamidase sirtuin-4, mitochondrial isoform X1 [Myotis daubentonii]	98922
XP_036170477.1	XP_074193146	32.558	215	359	337	53	1.02e-14	79.7	NAD-dependent protein deacetylase sirtuin-3, mitochondrial isoform X3 [Rhinolophus sinicus]	89399
XP_036170477.1	XP_019575031	32.558	215	359	336	53	1.18e-14	79.3	NAD-dependent protein deacetylase sirtuin-3, mitochondrial isoform X4 [Rhinolophus sinicus]	89399
XP_036170477.1	XP_019575035	32.227	211	359	257	52	1.25e-14	78.2	NAD-dependent protein deacetylase sirtuin-3, mitochondrial isoform X9 [Rhinolophus sinicus]	89399
XP_036170477.1	XP_074193150	32.227	211	359	257	52	1.25e-14	78.2	NAD-dependent protein deacetylase sirtuin-3, mitochondrial isoform X9 [Rhinolophus sinicus]	89399
XP_036170477.1	XP_074193149	32.227	211	359	257	52	1.25e-14	78.2	NAD-dependent protein deacetylase sirtuin-3, mitochondrial isoform X9 [Rhinolophus sinicus]	89399
XP_036170477.1	XP_054432810	30.924	249	359	257	61	1.57e-14	77.8	NAD-dependent protein deacetylase sirtuin-3, mitochondrial isoform X2 [Pteronotus mesoamericanus]	1884717
XP_036170477.1	XP_019575036	32.558	215	359	352	53	1.76e-14	79.0	NAD-dependent protein deacetylase sirtuin-3, mitochondrial isoform X2 [Rhinolophus sinicus]	89399
XP_036170477.1	XP_059566513	32.212	208	359	332	51	1.83e-14	79.0	NAD-dependent protein deacetylase sirtuin-3, mitochondrial isoform X1 [Myotis daubentonii]	98922
XP_036170477.1	XP_036151484	32.692	208	359	332	51	1.92e-14	78.6	NAD-dependent protein deacetylase sirtuin-3, mitochondrial isoform X2 [Myotis myotis]	51298
XP_036170477.1	XP_080496488	31.731	208	359	321	51	2.37e-14	78.2	NAD-dependent protein deacetylase sirtuin-3, mitochondrial isoform 2 [Plecotus auritus]	61862
XP_036170477.1	XP_074193145	32.558	215	359	364	53	2.58e-14	78.6	NAD-dependent protein deacetylase sirtuin-3, mitochondrial isoform X1 [Rhinolophus sinicus]	89399
XP_036170477.1	XP_054580738	31.884	207	359	333	51	3.03e-14	78.2	NAD-dependent protein deacetylase sirtuin-3, mitochondrial [Eptesicus fuscus]	29078
XP_036170477.1	XP_080496487	31.731	208	359	333	51	3.80e-14	77.8	NAD-dependent protein deacetylase sirtuin-3, mitochondrial isoform 1 [Plecotus auritus]	61862
XP_036170477.1	XP_059566518	31.863	204	359	257	50	3.86e-14	76.6	NAD-dependent protein deacetylase sirtuin-3, mitochondrial isoform X2 [Myotis daubentonii]	98922
XP_036170477.1	XP_059566517	31.863	204	359	257	50	3.86e-14	76.6	NAD-dependent protein deacetylase sirtuin-3, mitochondrial isoform X2 [Myotis daubentonii]	98922
XP_036170477.1	XP_059566516	31.863	204	359	257	50	3.86e-14	76.6	NAD-dependent protein deacetylase sirtuin-3, mitochondrial isoform X2 [Myotis daubentonii]	98922
XP_036170477.1	XP_059566515	31.863	204	359	257	50	3.86e-14	76.6	NAD-dependent protein deacetylase sirtuin-3, mitochondrial isoform X2 [Myotis daubentonii]	98922
XP_036170477.1	XP_059566514	31.863	204	359	257	50	3.86e-14	76.6	NAD-dependent protein deacetylase sirtuin-3, mitochondrial isoform X2 [Myotis daubentonii]	98922
XP_036170477.1	XP_036151483	32.692	208	359	355	51	3.90e-14	78.2	NAD-dependent protein deacetylase sirtuin-3, mitochondrial isoform X1 [Myotis myotis]	51298
XP_036170477.1	XP_080954718	31.884	207	359	332	51	4.64e-14	77.8	NAD-dependent protein deacetylase sirtuin-3, mitochondrial isoform 2 [Myotis nattereri]	109481
XP_036170477.1	XP_080954720	31.884	207	359	320	51	5.31e-14	77.4	NAD-dependent protein deacetylase sirtuin-3, mitochondrial isoform 4 [Myotis nattereri]	109481
XP_036170477.1	XP_080920063	31.776	214	359	321	53	6.36e-14	77.0	NAD-dependent protein deacetylase sirtuin-3, mitochondrial isoform 6 [Rhinolophus hipposideros]	77218
XP_036170477.1	XP_032975652	31.628	215	359	321	53	7.76e-14	76.6	NAD-dependent protein deacetylase sirtuin-3, mitochondrial isoform X2 [Rhinolophus ferrumequinum]	59479
XP_036170477.1	XP_080954719	31.884	207	359	325	51	7.83e-14	77.0	NAD-dependent protein deacetylase sirtuin-3, mitochondrial isoform 3 [Myotis nattereri]	109481
XP_036170477.1	XP_080496492	31.373	204	359	257	50	7.88e-14	75.9	NAD-dependent protein deacetylase sirtuin-3, mitochondrial isoform 4 [Plecotus auritus]	61862
XP_036170477.1	XP_080496491	31.373	204	359	257	50	7.88e-14	75.9	NAD-dependent protein deacetylase sirtuin-3, mitochondrial isoform 4 [Plecotus auritus]	61862
XP_036170477.1	XP_080496490	31.373	204	359	257	50	7.88e-14	75.9	NAD-dependent protein deacetylase sirtuin-3, mitochondrial isoform 4 [Plecotus auritus]	61862
XP_036170477.1	XP_019490103	32.093	215	359	321	53	8.37e-14	76.6	PREDICTED: NAD-dependent protein deacetylase sirtuin-3, mitochondrial isoform X2 [Hipposideros armiger]	186990
XP_036170477.1	XP_080954717	31.884	207	359	361	51	8.38e-14	77.0	NAD-dependent protein deacetylase sirtuin-3, mitochondrial isoform 1 [Myotis nattereri]	109481
XP_036170477.1	XP_019490104	32.093	215	359	315	53	8.61e-14	76.6	PREDICTED: NAD-dependent protein deacetylase sirtuin-3, mitochondrial isoform X3 [Hipposideros armiger]	186990
XP_036170477.1	XP_019490106	31.280	211	359	257	52	1.05e-13	75.5	PREDICTED: NAD-dependent protein deacetylase sirtuin-3, mitochondrial isoform X5 [Hipposideros armiger]	186990
XP_036170477.1	XP_080920062	31.776	214	359	336	53	1.13e-13	76.6	NAD-dependent protein deacetylase sirtuin-3, mitochondrial isoform 5 [Rhinolophus hipposideros]	77218
XP_036170477.1	XP_080920061	31.776	214	359	345	53	1.16e-13	76.6	NAD-dependent protein deacetylase sirtuin-3, mitochondrial isoform 4 [Rhinolophus hipposideros]	77218
XP_036170477.1	XP_036151490	32.353	204	359	280	50	1.35e-13	75.5	NAD-dependent protein deacetylase sirtuin-3, mitochondrial isoform X3 [Myotis myotis]	51298
XP_036170477.1	XP_036151488	32.353	204	359	280	50	1.35e-13	75.5	NAD-dependent protein deacetylase sirtuin-3, mitochondrial isoform X3 [Myotis myotis]	51298
XP_036170477.1	XP_036151487	32.353	204	359	280	50	1.35e-13	75.5	NAD-dependent protein deacetylase sirtuin-3, mitochondrial isoform X3 [Myotis myotis]	51298
XP_036170477.1	XP_036151485	32.353	204	359	280	50	1.35e-13	75.5	NAD-dependent protein deacetylase sirtuin-3, mitochondrial isoform X3 [Myotis myotis]	51298
XP_036170477.1	XP_080920058	31.429	210	359	257	52	1.41e-13	75.1	NAD-dependent protein deacetylase sirtuin-3, mitochondrial isoform 7 [Rhinolophus hipposideros]	77218
XP_036170477.1	XP_080920057	31.429	210	359	257	52	1.41e-13	75.1	NAD-dependent protein deacetylase sirtuin-3, mitochondrial isoform 7 [Rhinolophus hipposideros]	77218
XP_036170477.1	XP_080920056	31.429	210	359	257	52	1.41e-13	75.1	NAD-dependent protein deacetylase sirtuin-3, mitochondrial isoform 7 [Rhinolophus hipposideros]	77218
XP_036170477.1	XP_080920055	31.429	210	359	257	52	1.41e-13	75.1	NAD-dependent protein deacetylase sirtuin-3, mitochondrial isoform 7 [Rhinolophus hipposideros]	77218
XP_036170477.1	XP_080920054	31.429	210	359	257	52	1.41e-13	75.1	NAD-dependent protein deacetylase sirtuin-3, mitochondrial isoform 7 [Rhinolophus hipposideros]	77218
XP_036170477.1	XP_080920053	31.429	210	359	257	52	1.41e-13	75.1	NAD-dependent protein deacetylase sirtuin-3, mitochondrial isoform 7 [Rhinolophus hipposideros]	77218
XP_036170477.1	XP_080920064	31.429	210	359	257	52	1.41e-13	75.1	NAD-dependent protein deacetylase sirtuin-3, mitochondrial isoform 7 [Rhinolophus hipposideros]	77218
XP_036170477.1	XP_080920060	31.776	214	359	347	53	1.42e-13	76.3	NAD-dependent protein deacetylase sirtuin-3, mitochondrial isoform 3 [Rhinolophus hipposideros]	77218
XP_036170477.1	XP_019490102	32.093	215	359	336	53	1.56e-13	76.3	PREDICTED: NAD-dependent protein deacetylase sirtuin-3, mitochondrial isoform X1 [Hipposideros armiger]	186990
XP_036170477.1	XP_032975651	31.628	215	359	336	53	1.59e-13	76.3	NAD-dependent protein deacetylase sirtuin-3, mitochondrial isoform X1 [Rhinolophus ferrumequinum]	59479
XP_036170477.1	XP_066222073	35.000	160	359	259	39	1.61e-13	75.1	NAD-dependent protein lipoamidase sirtuin-4, mitochondrial isoform X2 [Saccopteryx leptura]	249018
XP_036170477.1	XP_080954724	31.527	203	359	257	50	1.66e-13	75.1	NAD-dependent protein deacetylase sirtuin-3, mitochondrial isoform 5 [Myotis nattereri]	109481
XP_036170477.1	XP_080954723	31.527	203	359	257	50	1.66e-13	75.1	NAD-dependent protein deacetylase sirtuin-3, mitochondrial isoform 5 [Myotis nattereri]	109481
XP_036170477.1	XP_080954722	31.527	203	359	257	50	1.66e-13	75.1	NAD-dependent protein deacetylase sirtuin-3, mitochondrial isoform 5 [Myotis nattereri]	109481
XP_036170477.1	XP_080954721	31.527	203	359	257	50	1.66e-13	75.1	NAD-dependent protein deacetylase sirtuin-3, mitochondrial isoform 5 [Myotis nattereri]	109481
XP_036170477.1	XP_032975655	31.280	211	359	257	52	1.69e-13	75.1	NAD-dependent protein deacetylase sirtuin-3, mitochondrial isoform X4 [Rhinolophus ferrumequinum]	59479
XP_036170477.1	XP_032975654	31.280	211	359	257	52	1.69e-13	75.1	NAD-dependent protein deacetylase sirtuin-3, mitochondrial isoform X4 [Rhinolophus ferrumequinum]	59479
XP_036170477.1	XP_080920059	31.776	214	359	360	53	1.71e-13	76.3	NAD-dependent protein deacetylase sirtuin-3, mitochondrial isoform 2 [Rhinolophus hipposideros]	77218
XP_036170477.1	XP_080920052	31.776	214	359	362	53	2.05e-13	75.9	NAD-dependent protein deacetylase sirtuin-3, mitochondrial isoform 1 [Rhinolophus hipposideros]	77218
XP_036170477.1	XP_080974646	27.230	213	359	352	52	2.08e-13	75.9	NAD-dependent protein deacetylase sirtuin-2 isoform 2 [Miniopterus schreibersii]	9433
XP_036170477.1	XP_080974645	27.230	213	359	352	52	2.08e-13	75.9	NAD-dependent protein deacetylase sirtuin-2 isoform 2 [Miniopterus schreibersii]	9433
XP_036170477.1	XP_080974644	27.230	213	359	352	52	2.08e-13	75.9	NAD-dependent protein deacetylase sirtuin-2 isoform 2 [Miniopterus schreibersii]	9433
XP_036170477.1	XP_015444698	26.291	213	359	319	52	2.12e-13	75.5	NAD-dependent protein deacetylase sirtuin-2 isoform X4 [Pteropus alecto]	9402
XP_036170477.1	XP_023393696	26.291	213	359	319	52	2.12e-13	75.5	NAD-dependent protein deacetylase sirtuin-2 isoform X3 [Pteropus vampyrus]	132908
XP_036170477.1	XP_039710665	26.291	213	359	319	52	2.12e-13	75.5	NAD-dependent protein deacetylase sirtuin-2 isoform X2 [Pteropus medius]	143291
XP_036170477.1	XP_016061969	27.230	213	359	389	52	2.37e-13	75.9	PREDICTED: NAD-dependent protein deacetylase sirtuin-2 [Miniopterus natalensis]	291302
XP_036170477.1	XP_080974643	27.230	213	359	389	52	2.37e-13	75.9	NAD-dependent protein deacetylase sirtuin-2 isoform 1 [Miniopterus schreibersii]	9433
XP_036170477.1	XP_066111152	28.058	278	359	259	72	2.45e-13	74.3	NAD-dependent protein lipoamidase sirtuin-4, mitochondrial isoform X2 [Saccopteryx bilineata]	59482
XP_036170477.1	XP_074193147	32.075	212	359	310	53	3.84e-13	74.7	NAD-dependent protein deacetylase sirtuin-3, mitochondrial isoform X6 [Rhinolophus sinicus]	89399
XP_036170477.1	XP_036151489	32.995	197	359	262	48	4.42e-13	73.9	NAD-dependent protein deacetylase sirtuin-3, mitochondrial isoform X4 [Myotis myotis]	51298
XP_036170477.1	XP_005865707	32.323	198	359	257	49	4.46e-13	73.6	PREDICTED: NAD-dependent protein deacetylase sirtuin-3, mitochondrial [Myotis brandtii]	109478
XP_036170477.1	XP_014394673	32.323	198	359	257	49	4.46e-13	73.6	PREDICTED: NAD-dependent protein deacetylase sirtuin-3, mitochondrial [Myotis brandtii]	109478
XP_036170477.1	XP_014394672	32.323	198	359	257	49	4.46e-13	73.6	PREDICTED: NAD-dependent protein deacetylase sirtuin-3, mitochondrial [Myotis brandtii]	109478
XP_036170477.1	XP_045702824	27.700	213	359	352	52	5.30e-13	74.7	NAD-dependent protein deacetylase sirtuin-2 isoform X2 [Phyllostomus hastatus]	9423
XP_036170477.1	XP_045702823	27.700	213	359	352	52	5.30e-13	74.7	NAD-dependent protein deacetylase sirtuin-2 isoform X2 [Phyllostomus hastatus]	9423
XP_036170477.1	XP_074170470	26.291	213	359	357	52	5.84e-13	74.7	NAD-dependent protein deacetylase sirtuin-2 isoform X3 [Rhinolophus sinicus]	89399
XP_036170477.1	XP_045702822	27.700	213	359	389	52	6.73e-13	74.7	NAD-dependent protein deacetylase sirtuin-2 isoform X1 [Phyllostomus hastatus]	9423
XP_036170477.1	XP_016020767	26.291	213	359	389	52	6.99e-13	74.7	NAD-dependent protein deacetylase sirtuin-2 [Rousettus aegyptiacus]	9407
XP_036170477.1	XP_019607013	26.291	213	359	389	52	7.45e-13	74.3	NAD-dependent protein deacetylase sirtuin-2 isoform X2 [Rhinolophus sinicus]	89399
XP_036170477.1	XP_006911760	26.291	213	359	451	52	7.57e-13	74.7	NAD-dependent protein deacetylase sirtuin-2 isoform X1 [Pteropus alecto]	9402
XP_036170477.1	XP_023393695	26.291	213	359	352	52	7.62e-13	74.3	NAD-dependent protein deacetylase sirtuin-2 isoform X2 [Pteropus vampyrus]	132908
XP_036170477.1	XP_024902412	26.291	213	359	391	52	8.25e-13	74.3	NAD-dependent protein deacetylase sirtuin-2 isoform X2 [Pteropus alecto]	9402
XP_036170477.1	XP_036264275	26.291	213	359	357	52	8.72e-13	73.9	NAD-dependent protein deacetylase sirtuin-2 isoform X3 [Pipistrellus kuhlii]	59472
XP_036170477.1	XP_045426861	26.291	213	359	352	52	9.26e-13	73.9	NAD-dependent protein deacetylase sirtuin-2 isoform X4 [Pipistrellus kuhlii]	59472
XP_036170477.1	XP_036264278	26.291	213	359	352	52	9.26e-13	73.9	NAD-dependent protein deacetylase sirtuin-2 isoform X4 [Pipistrellus kuhlii]	59472
XP_036170477.1	XP_036264277	26.291	213	359	352	52	9.26e-13	73.9	NAD-dependent protein deacetylase sirtuin-2 isoform X4 [Pipistrellus kuhlii]	59472
XP_036170477.1	XP_036264276	26.291	213	359	352	52	9.26e-13	73.9	NAD-dependent protein deacetylase sirtuin-2 isoform X4 [Pipistrellus kuhlii]	59472
XP_036170477.1	XP_006911759	26.291	213	359	389	52	9.48e-13	74.3	NAD-dependent protein deacetylase sirtuin-2 isoform X3 [Pteropus alecto]	9402
XP_036170477.1	XP_039710654	26.291	213	359	389	52	9.48e-13	74.3	NAD-dependent protein deacetylase sirtuin-2 isoform X1 [Pteropus medius]	143291
XP_036170477.1	XP_036264273	26.291	213	359	389	52	1.00e-12	73.9	NAD-dependent protein deacetylase sirtuin-2 isoform X1 [Pipistrellus kuhlii]	59472
XP_036170477.1	XP_032983342	26.291	213	359	389	52	1.08e-12	73.9	NAD-dependent protein deacetylase sirtuin-2 isoform X2 [Rhinolophus ferrumequinum]	59479
XP_036170477.1	XP_023393694	26.291	213	359	361	52	1.09e-12	73.9	NAD-dependent protein deacetylase sirtuin-2 isoform X1 [Pteropus vampyrus]	132908
XP_036170477.1	XP_019521855	26.291	213	359	389	52	1.15e-12	73.9	PREDICTED: NAD-dependent protein deacetylase sirtuin-2 isoform X2 [Hipposideros armiger]	186990
XP_036170477.1	XP_023393697	26.291	213	359	301	52	1.18e-12	73.2	NAD-dependent protein deacetylase sirtuin-2 isoform X4 [Pteropus vampyrus]	132908
XP_036170477.1	XP_019607012	25.664	226	359	410	55	1.38e-12	73.9	NAD-dependent protein deacetylase sirtuin-2 isoform X1 [Rhinolophus sinicus]	89399
XP_036170477.1	XP_080888109	25.822	213	359	389	52	1.91e-12	73.2	NAD-dependent protein deacetylase sirtuin-2 isoform 2 [Rhinolophus hipposideros]	77218
XP_036170477.1	XP_032983341	26.291	213	359	410	52	2.12e-12	73.2	NAD-dependent protein deacetylase sirtuin-2 isoform X1 [Rhinolophus ferrumequinum]	59479
XP_036170477.1	XP_019521854	26.291	213	359	410	52	2.35e-12	73.2	PREDICTED: NAD-dependent protein deacetylase sirtuin-2 isoform X1 [Hipposideros armiger]	186990
XP_036170477.1	XP_080888108	25.822	213	359	410	52	3.74e-12	72.4	NAD-dependent protein deacetylase sirtuin-2 isoform 1 [Rhinolophus hipposideros]	77218
XP_036170477.1	XP_028385920	26.761	213	359	389	52	3.95e-12	72.4	NAD-dependent protein deacetylase sirtuin-2 [Phyllostomus discolor]	89673
XP_036170477.1	XP_066204880	26.291	213	359	389	52	4.92e-12	72.0	NAD-dependent protein deacetylase sirtuin-2 isoform X2 [Saccopteryx leptura]	249018
XP_036170477.1	XP_081011647	37.762	143	359	264	39	5.13e-12	70.9	NAD-dependent protein deacetylase sirtuin-3, mitochondrial isoform 5 [Miniopterus schreibersii]	9433
XP_036170477.1	XP_045440242	24.419	258	359	278	63	5.65e-12	70.9	NAD-dependent protein deacylase sirtuin-5, mitochondrial isoform X5 [Pipistrellus kuhlii]	59472
XP_036170477.1	XP_036304298	24.419	258	359	271	63	6.01e-12	70.5	NAD-dependent protein deacylase sirtuin-5, mitochondrial isoform X3 [Pipistrellus kuhlii]	59472
XP_036170477.1	XP_081011644	35.948	153	359	343	42	6.20e-12	71.2	NAD-dependent protein deacetylase sirtuin-3, mitochondrial isoform 2 [Miniopterus schreibersii]	9433
XP_036170477.1	XP_066204879	26.291	213	359	422	52	7.67e-12	71.6	NAD-dependent protein deacetylase sirtuin-2 isoform X1 [Saccopteryx leptura]	249018
XP_036170477.1	XP_053773845	26.761	213	359	389	52	1.03e-11	71.2	NAD-dependent protein deacetylase sirtuin-2 [Desmodus rotundus]	9430
XP_036170477.1	XP_080506436	36.184	152	359	275	37	1.42e-11	69.7	NAD-dependent protein lipoamidase sirtuin-4, mitochondrial isoform 2 [Plecotus auritus]	61862
XP_036170477.1	XP_045440238	24.419	258	359	310	63	1.54e-11	70.1	NAD-dependent protein deacylase sirtuin-5, mitochondrial isoform X1 [Pipistrellus kuhlii]	59472
XP_036170477.1	XP_045440237	24.419	258	359	310	63	1.54e-11	70.1	NAD-dependent protein deacylase sirtuin-5, mitochondrial isoform X1 [Pipistrellus kuhlii]	59472
XP_036170477.1	XP_036304295	24.419	258	359	310	63	1.54e-11	70.1	NAD-dependent protein deacylase sirtuin-5, mitochondrial isoform X1 [Pipistrellus kuhlii]	59472
XP_036170477.1	XP_036304296	24.419	258	359	310	63	1.54e-11	70.1	NAD-dependent protein deacylase sirtuin-5, mitochondrial isoform X1 [Pipistrellus kuhlii]	59472
XP_036170477.1	XP_066219649	32.447	188	359	269	51	1.96e-11	68.9	NAD-dependent protein deacetylase sirtuin-3, mitochondrial isoform X3 [Saccopteryx leptura]	249018
XP_036170477.1	XP_054447861	24.409	254	359	310	62	8.10e-11	67.8	NAD-dependent protein deacylase sirtuin-5, mitochondrial [Pteronotus mesoamericanus]	1884717
XP_036170477.1	XP_054447860	24.409	254	359	310	62	8.10e-11	67.8	NAD-dependent protein deacylase sirtuin-5, mitochondrial [Pteronotus mesoamericanus]	1884717
XP_036170477.1	XP_054447859	24.409	254	359	310	62	8.10e-11	67.8	NAD-dependent protein deacylase sirtuin-5, mitochondrial [Pteronotus mesoamericanus]	1884717
XP_036170477.1	XP_054447857	24.409	254	359	310	62	8.10e-11	67.8	NAD-dependent protein deacylase sirtuin-5, mitochondrial [Pteronotus mesoamericanus]	1884717
XP_036170477.1	XP_023616180	36.000	150	359	185	36	9.10e-11	65.5	LOW QUALITY PROTEIN: NAD-dependent protein lipoamidase sirtuin-4, mitochondrial [Myotis lucifugus]	59463
