XP_036193678.1	XP_070248280	100.000	111	111	111	100	1.29e-76	226	cytochrome b-c1 complex subunit 7 [Myotis yumanensis]	159337
XP_036193678.1	XP_036193678	100.000	111	111	111	100	1.29e-76	226	cytochrome b-c1 complex subunit 7 isoform X1 [Myotis myotis]	51298
XP_036193678.1	XP_006102244	100.000	111	111	111	100	1.29e-76	226	cytochrome b-c1 complex subunit 7 [Myotis lucifugus]	59463
XP_036193678.1	XP_080967363	100.000	111	111	111	100	1.29e-76	226	cytochrome b-c1 complex subunit 7 [Myotis nattereri]	109481
XP_036193678.1	XP_059528163	99.099	111	111	111	100	3.52e-76	224	cytochrome b-c1 complex subunit 7 [Myotis daubentonii]	98922
XP_036193678.1	XP_006753252	99.099	111	111	111	100	3.71e-76	224	PREDICTED: cytochrome b-c1 complex subunit 7 [Myotis davidii]	225400
XP_036193678.1	XP_080503184	99.099	111	111	111	100	4.01e-76	224	cytochrome b-c1 complex subunit 7 isoform 2 [Plecotus auritus]	61862
XP_036193678.1	XP_005879308	99.099	111	111	111	100	5.64e-76	224	PREDICTED: cytochrome b-c1 complex subunit 7 [Myotis brandtii]	109478
XP_036193678.1	XP_032981564	97.297	111	111	111	100	5.29e-75	221	cytochrome b-c1 complex subunit 7 isoform X1 [Rhinolophus ferrumequinum]	59479
XP_036193678.1	XP_080927077	97.297	111	111	111	100	5.29e-75	221	cytochrome b-c1 complex subunit 7 [Rhinolophus hipposideros]	77218
XP_036193678.1	XP_019573963	97.297	111	111	111	100	5.29e-75	221	cytochrome b-c1 complex subunit 7 [Rhinolophus sinicus]	89399
XP_036193678.1	XP_066235275	96.396	111	111	111	100	1.64e-74	220	cytochrome b-c1 complex subunit 7 [Saccopteryx leptura]	249018
XP_036193678.1	XP_066122108	96.396	111	111	111	100	1.64e-74	220	cytochrome b-c1 complex subunit 7 isoform X1 [Saccopteryx bilineata]	59482
XP_036193678.1	XP_008146747	97.297	111	111	111	100	1.77e-74	220	cytochrome b-c1 complex subunit 7 isoform X1 [Eptesicus fuscus]	29078
XP_036193678.1	XP_079652620	97.297	111	111	111	100	1.77e-74	220	cytochrome b-c1 complex subunit 7 [Cnephaeus nilssonii]	3371016
XP_036193678.1	XP_032970909	96.396	111	111	111	100	4.65e-74	219	cytochrome b-c1 complex subunit 7-like [Rhinolophus ferrumequinum]	59479
XP_036193678.1	XP_036120004	95.495	111	111	111	100	1.21e-73	218	cytochrome b-c1 complex subunit 7 [Molossus molossus]	27622
XP_036193678.1	XP_036170091	97.297	111	111	111	100	1.33e-73	218	cytochrome b-c1 complex subunit 7-like [Myotis myotis]	51298
XP_036193678.1	XP_015980955	94.595	111	111	111	100	1.35e-73	218	cytochrome b-c1 complex subunit 7 isoform X2 [Rousettus aegyptiacus]	9407
XP_036193678.1	XP_006916732	94.595	111	111	111	100	1.94e-73	218	cytochrome b-c1 complex subunit 7 [Pteropus alecto]	9402
XP_036193678.1	XP_011371193	94.595	111	111	111	100	1.94e-73	218	cytochrome b-c1 complex subunit 7 [Pteropus vampyrus]	132908
XP_036193678.1	XP_039722284	94.595	111	111	111	100	1.94e-73	218	cytochrome b-c1 complex subunit 7 [Pteropus medius]	143291
XP_036193678.1	XP_016054006	94.595	111	111	111	100	2.17e-72	215	PREDICTED: cytochrome b-c1 complex subunit 7 [Miniopterus natalensis]	291302
XP_036193678.1	XP_080972573	93.694	111	111	111	100	3.48e-72	214	cytochrome b-c1 complex subunit 7 [Miniopterus schreibersii]	9433
XP_036193678.1	XP_036193679	99.057	106	111	107	95	3.89e-72	214	cytochrome b-c1 complex subunit 7 isoform X2 [Myotis myotis]	51298
XP_036193678.1	XP_024428092	92.793	111	111	111	100	3.89e-71	212	cytochrome b-c1 complex subunit 7 isoform X1 [Desmodus rotundus]	9430
XP_036193678.1	XP_054446266	91.892	111	111	111	100	1.52e-70	210	cytochrome b-c1 complex subunit 7 [Pteronotus mesoamericanus]	1884717
XP_036193678.1	XP_019485663	95.283	106	111	111	95	2.97e-70	209	PREDICTED: cytochrome b-c1 complex subunit 7, partial [Hipposideros armiger]	186990
XP_036193678.1	XP_036987003	90.090	111	111	111	100	1.51e-69	207	cytochrome b-c1 complex subunit 7 [Artibeus jamaicensis]	9417
XP_036193678.1	XP_079631920	88.288	111	111	120	100	1.25e-66	201	cytochrome b-c1 complex subunit 7-like [Cnephaeus nilssonii]	3371016
XP_036193678.1	XP_080514772	88.288	111	111	144	100	1.48e-66	201	cytochrome b-c1 complex subunit 7-like [Plecotus auritus]	61862
XP_036193678.1	XP_036292472	95.833	96	111	96	86	8.14e-64	192	cytochrome b-c1 complex subunit 7 [Pipistrellus kuhlii]	59472
XP_036193678.1	XP_036904130	93.939	99	111	111	89	8.09e-63	191	cytochrome b-c1 complex subunit 7 [Sturnira hondurensis]	192404
XP_036193678.1	XP_045717047	91.919	99	111	111	89	4.73e-62	189	cytochrome b-c1 complex subunit 7 [Phyllostomus hastatus]	9423
XP_036193678.1	XP_028389753	90.909	99	111	111	89	9.78e-61	186	cytochrome b-c1 complex subunit 7 [Phyllostomus discolor]	89673
XP_036193678.1	XP_080503183	98.837	86	111	132	77	4.51e-57	177	cytochrome b-c1 complex subunit 7 isoform 1 [Plecotus auritus]	61862
XP_036193678.1	XP_045675284	72.072	111	111	115	100	3.03e-51	162	LOW QUALITY PROTEIN: cytochrome b-c1 complex subunit 7-like [Phyllostomus hastatus]	9423
XP_036193678.1	XP_032981565	96.296	81	111	87	73	8.92e-51	159	cytochrome b-c1 complex subunit 7 isoform X2 [Rhinolophus ferrumequinum]	59479
XP_036193678.1	XP_054564756	97.468	79	111	79	71	6.33e-49	154	cytochrome b-c1 complex subunit 7 isoform X2 [Eptesicus fuscus]	29078
XP_036193678.1	XP_066122109	94.937	79	111	79	71	1.92e-48	153	cytochrome b-c1 complex subunit 7 isoform X2 [Saccopteryx bilineata]	59482
XP_036193678.1	XP_045037658	92.405	79	111	79	71	2.27e-46	148	cytochrome b-c1 complex subunit 7 isoform X2 [Desmodus rotundus]	9430
XP_036193678.1	XP_036923642	67.568	111	111	113	100	3.00e-46	149	LOW QUALITY PROTEIN: cytochrome b-c1 complex subunit 7-like [Sturnira hondurensis]	192404
XP_036193678.1	XP_036100081	88.608	79	111	79	71	6.51e-44	142	cytochrome b-c1 complex subunit 7-like [Molossus molossus]	27622
XP_036193678.1	XP_054420187	69.412	85	111	123	77	1.19e-35	122	cytochrome b-c1 complex subunit 7-like [Pteronotus mesoamericanus]	1884717
XP_036193678.1	XP_059521405	59.211	76	111	114	68	5.66e-21	85.1	cytochrome b-c1 complex subunit 7-like [Myotis daubentonii]	98922
