ACSL1	branch_model	nilssonii_terminal_two_ratio	/scratch/project_2004342/everything/paml_clean/FINAL_refseq_ftp_pipeline/11_paml_nuclear_final/results/ACSL1/branch_model/nilssonii_terminal/two_ratio	/scratch/project_2004342/everything/paml_clean/FINAL_refseq_ftp_pipeline/11_paml_nuclear_final/ctl/ACSL1/branch_model/nilssonii_terminal/ACSL1.nilssonii_terminal.two_ratio.ctl
ACSL1	branch_model	ept_stem_two_ratio	/scratch/project_2004342/everything/paml_clean/FINAL_refseq_ftp_pipeline/11_paml_nuclear_final/results/ACSL1/branch_model/ept_stem/two_ratio	/scratch/project_2004342/everything/paml_clean/FINAL_refseq_ftp_pipeline/11_paml_nuclear_final/ctl/ACSL1/branch_model/ept_stem/ACSL1.ept_stem.two_ratio.ctl
ACSL1	branch_model	ept_terminals_two_ratio	/scratch/project_2004342/everything/paml_clean/FINAL_refseq_ftp_pipeline/11_paml_nuclear_final/results/ACSL1/branch_model/ept_terminals/two_ratio	/scratch/project_2004342/everything/paml_clean/FINAL_refseq_ftp_pipeline/11_paml_nuclear_final/ctl/ACSL1/branch_model/ept_terminals/ACSL1.ept_terminals.two_ratio.ctl
ACSL1	branch_model	myotis_cold_taxa_two_ratio	/scratch/project_2004342/everything/paml_clean/FINAL_refseq_ftp_pipeline/11_paml_nuclear_final/results/ACSL1/branch_model/myotis_cold_taxa/two_ratio	/scratch/project_2004342/everything/paml_clean/FINAL_refseq_ftp_pipeline/11_paml_nuclear_final/ctl/ACSL1/branch_model/myotis_cold_taxa/ACSL1.myotis_cold_taxa.two_ratio.ctl
ACSL1	branch_model	myotis_cold_wholeclade_two_ratio	/scratch/project_2004342/everything/paml_clean/FINAL_refseq_ftp_pipeline/11_paml_nuclear_final/results/ACSL1/branch_model/myotis_cold_wholeclade/two_ratio	/scratch/project_2004342/everything/paml_clean/FINAL_refseq_ftp_pipeline/11_paml_nuclear_final/ctl/ACSL1/branch_model/myotis_cold_wholeclade/ACSL1.myotis_cold_wholeclade.two_ratio.ctl
ACSL1	branch_model	coldbats_taxa_two_ratio	/scratch/project_2004342/everything/paml_clean/FINAL_refseq_ftp_pipeline/11_paml_nuclear_final/results/ACSL1/branch_model/coldbats_taxa/two_ratio	/scratch/project_2004342/everything/paml_clean/FINAL_refseq_ftp_pipeline/11_paml_nuclear_final/ctl/ACSL1/branch_model/coldbats_taxa/ACSL1.coldbats_taxa.two_ratio.ctl
ACSL1	branch_model	vesper_wholeclade_two_ratio	/scratch/project_2004342/everything/paml_clean/FINAL_refseq_ftp_pipeline/11_paml_nuclear_final/results/ACSL1/branch_model/vesper_wholeclade/two_ratio	/scratch/project_2004342/everything/paml_clean/FINAL_refseq_ftp_pipeline/11_paml_nuclear_final/ctl/ACSL1/branch_model/vesper_wholeclade/ACSL1.vesper_wholeclade.two_ratio.ctl
ADCY3	branch_model	nilssonii_terminal_two_ratio	/scratch/project_2004342/everything/paml_clean/FINAL_refseq_ftp_pipeline/11_paml_nuclear_final/results/ADCY3/branch_model/nilssonii_terminal/two_ratio	/scratch/project_2004342/everything/paml_clean/FINAL_refseq_ftp_pipeline/11_paml_nuclear_final/ctl/ADCY3/branch_model/nilssonii_terminal/ADCY3.nilssonii_terminal.two_ratio.ctl
ADCY3	branch_model	ept_stem_two_ratio	/scratch/project_2004342/everything/paml_clean/FINAL_refseq_ftp_pipeline/11_paml_nuclear_final/results/ADCY3/branch_model/ept_stem/two_ratio	/scratch/project_2004342/everything/paml_clean/FINAL_refseq_ftp_pipeline/11_paml_nuclear_final/ctl/ADCY3/branch_model/ept_stem/ADCY3.ept_stem.two_ratio.ctl
ADCY3	branch_model	ept_terminals_two_ratio	/scratch/project_2004342/everything/paml_clean/FINAL_refseq_ftp_pipeline/11_paml_nuclear_final/results/ADCY3/branch_model/ept_terminals/two_ratio	/scratch/project_2004342/everything/paml_clean/FINAL_refseq_ftp_pipeline/11_paml_nuclear_final/ctl/ADCY3/branch_model/ept_terminals/ADCY3.ept_terminals.two_ratio.ctl
ADCY3	branch_model	myotis_cold_taxa_two_ratio	/scratch/project_2004342/everything/paml_clean/FINAL_refseq_ftp_pipeline/11_paml_nuclear_final/results/ADCY3/branch_model/myotis_cold_taxa/two_ratio	/scratch/project_2004342/everything/paml_clean/FINAL_refseq_ftp_pipeline/11_paml_nuclear_final/ctl/ADCY3/branch_model/myotis_cold_taxa/ADCY3.myotis_cold_taxa.two_ratio.ctl
ADCY3	branch_model	coldbats_taxa_two_ratio	/scratch/project_2004342/everything/paml_clean/FINAL_refseq_ftp_pipeline/11_paml_nuclear_final/results/ADCY3/branch_model/coldbats_taxa/two_ratio	/scratch/project_2004342/everything/paml_clean/FINAL_refseq_ftp_pipeline/11_paml_nuclear_final/ctl/ADCY3/branch_model/coldbats_taxa/ADCY3.coldbats_taxa.two_ratio.ctl
ADCY7	branch_model	nilssonii_terminal_two_ratio	/scratch/project_2004342/everything/paml_clean/FINAL_refseq_ftp_pipeline/11_paml_nuclear_final/results/ADCY7/branch_model/nilssonii_terminal/two_ratio	/scratch/project_2004342/everything/paml_clean/FINAL_refseq_ftp_pipeline/11_paml_nuclear_final/ctl/ADCY7/branch_model/nilssonii_terminal/ADCY7.nilssonii_terminal.two_ratio.ctl
ADCY7	branch_model	ept_stem_two_ratio	/scratch/project_2004342/everything/paml_clean/FINAL_refseq_ftp_pipeline/11_paml_nuclear_final/results/ADCY7/branch_model/ept_stem/two_ratio	/scratch/project_2004342/everything/paml_clean/FINAL_refseq_ftp_pipeline/11_paml_nuclear_final/ctl/ADCY7/branch_model/ept_stem/ADCY7.ept_stem.two_ratio.ctl
ADCY7	branch_model	ept_terminals_two_ratio	/scratch/project_2004342/everything/paml_clean/FINAL_refseq_ftp_pipeline/11_paml_nuclear_final/results/ADCY7/branch_model/ept_terminals/two_ratio	/scratch/project_2004342/everything/paml_clean/FINAL_refseq_ftp_pipeline/11_paml_nuclear_final/ctl/ADCY7/branch_model/ept_terminals/ADCY7.ept_terminals.two_ratio.ctl
ADCY7	branch_model	myotis_cold_taxa_two_ratio	/scratch/project_2004342/everything/paml_clean/FINAL_refseq_ftp_pipeline/11_paml_nuclear_final/results/ADCY7/branch_model/myotis_cold_taxa/two_ratio	/scratch/project_2004342/everything/paml_clean/FINAL_refseq_ftp_pipeline/11_paml_nuclear_final/ctl/ADCY7/branch_model/myotis_cold_taxa/ADCY7.myotis_cold_taxa.two_ratio.ctl
ADCY7	branch_model	coldbats_taxa_two_ratio	/scratch/project_2004342/everything/paml_clean/FINAL_refseq_ftp_pipeline/11_paml_nuclear_final/results/ADCY7/branch_model/coldbats_taxa/two_ratio	/scratch/project_2004342/everything/paml_clean/FINAL_refseq_ftp_pipeline/11_paml_nuclear_final/ctl/ADCY7/branch_model/coldbats_taxa/ADCY7.coldbats_taxa.two_ratio.ctl
ADCY8	branch_model	nilssonii_terminal_two_ratio	/scratch/project_2004342/everything/paml_clean/FINAL_refseq_ftp_pipeline/11_paml_nuclear_final/results/ADCY8/branch_model/nilssonii_terminal/two_ratio	/scratch/project_2004342/everything/paml_clean/FINAL_refseq_ftp_pipeline/11_paml_nuclear_final/ctl/ADCY8/branch_model/nilssonii_terminal/ADCY8.nilssonii_terminal.two_ratio.ctl
ADCY8	branch_model	ept_stem_two_ratio	/scratch/project_2004342/everything/paml_clean/FINAL_refseq_ftp_pipeline/11_paml_nuclear_final/results/ADCY8/branch_model/ept_stem/two_ratio	/scratch/project_2004342/everything/paml_clean/FINAL_refseq_ftp_pipeline/11_paml_nuclear_final/ctl/ADCY8/branch_model/ept_stem/ADCY8.ept_stem.two_ratio.ctl
ADCY8	branch_model	ept_terminals_two_ratio	/scratch/project_2004342/everything/paml_clean/FINAL_refseq_ftp_pipeline/11_paml_nuclear_final/results/ADCY8/branch_model/ept_terminals/two_ratio	/scratch/project_2004342/everything/paml_clean/FINAL_refseq_ftp_pipeline/11_paml_nuclear_final/ctl/ADCY8/branch_model/ept_terminals/ADCY8.ept_terminals.two_ratio.ctl
ADCY8	branch_model	myotis_cold_taxa_two_ratio	/scratch/project_2004342/everything/paml_clean/FINAL_refseq_ftp_pipeline/11_paml_nuclear_final/results/ADCY8/branch_model/myotis_cold_taxa/two_ratio	/scratch/project_2004342/everything/paml_clean/FINAL_refseq_ftp_pipeline/11_paml_nuclear_final/ctl/ADCY8/branch_model/myotis_cold_taxa/ADCY8.myotis_cold_taxa.two_ratio.ctl
ADCY8	branch_model	myotis_cold_wholeclade_two_ratio	/scratch/project_2004342/everything/paml_clean/FINAL_refseq_ftp_pipeline/11_paml_nuclear_final/results/ADCY8/branch_model/myotis_cold_wholeclade/two_ratio	/scratch/project_2004342/everything/paml_clean/FINAL_refseq_ftp_pipeline/11_paml_nuclear_final/ctl/ADCY8/branch_model/myotis_cold_wholeclade/ADCY8.myotis_cold_wholeclade.two_ratio.ctl
ADCY8	branch_model	coldbats_taxa_two_ratio	/scratch/project_2004342/everything/paml_clean/FINAL_refseq_ftp_pipeline/11_paml_nuclear_final/results/ADCY8/branch_model/coldbats_taxa/two_ratio	/scratch/project_2004342/everything/paml_clean/FINAL_refseq_ftp_pipeline/11_paml_nuclear_final/ctl/ADCY8/branch_model/coldbats_taxa/ADCY8.coldbats_taxa.two_ratio.ctl
ADCY8	branch_model	vesper_wholeclade_two_ratio	/scratch/project_2004342/everything/paml_clean/FINAL_refseq_ftp_pipeline/11_paml_nuclear_final/results/ADCY8/branch_model/vesper_wholeclade/two_ratio	/scratch/project_2004342/everything/paml_clean/FINAL_refseq_ftp_pipeline/11_paml_nuclear_final/ctl/ADCY8/branch_model/vesper_wholeclade/ADCY8.vesper_wholeclade.two_ratio.ctl
ATP5F1A	branch_model	nilssonii_terminal_two_ratio	/scratch/project_2004342/everything/paml_clean/FINAL_refseq_ftp_pipeline/11_paml_nuclear_final/results/ATP5F1A/branch_model/nilssonii_terminal/two_ratio	/scratch/project_2004342/everything/paml_clean/FINAL_refseq_ftp_pipeline/11_paml_nuclear_final/ctl/ATP5F1A/branch_model/nilssonii_terminal/ATP5F1A.nilssonii_terminal.two_ratio.ctl
ATP5F1A	branch_model	ept_stem_two_ratio	/scratch/project_2004342/everything/paml_clean/FINAL_refseq_ftp_pipeline/11_paml_nuclear_final/results/ATP5F1A/branch_model/ept_stem/two_ratio	/scratch/project_2004342/everything/paml_clean/FINAL_refseq_ftp_pipeline/11_paml_nuclear_final/ctl/ATP5F1A/branch_model/ept_stem/ATP5F1A.ept_stem.two_ratio.ctl
ATP5F1A	branch_model	ept_terminals_two_ratio	/scratch/project_2004342/everything/paml_clean/FINAL_refseq_ftp_pipeline/11_paml_nuclear_final/results/ATP5F1A/branch_model/ept_terminals/two_ratio	/scratch/project_2004342/everything/paml_clean/FINAL_refseq_ftp_pipeline/11_paml_nuclear_final/ctl/ATP5F1A/branch_model/ept_terminals/ATP5F1A.ept_terminals.two_ratio.ctl
ATP5F1A	branch_model	myotis_cold_taxa_two_ratio	/scratch/project_2004342/everything/paml_clean/FINAL_refseq_ftp_pipeline/11_paml_nuclear_final/results/ATP5F1A/branch_model/myotis_cold_taxa/two_ratio	/scratch/project_2004342/everything/paml_clean/FINAL_refseq_ftp_pipeline/11_paml_nuclear_final/ctl/ATP5F1A/branch_model/myotis_cold_taxa/ATP5F1A.myotis_cold_taxa.two_ratio.ctl
ATP5F1A	branch_model	coldbats_taxa_two_ratio	/scratch/project_2004342/everything/paml_clean/FINAL_refseq_ftp_pipeline/11_paml_nuclear_final/results/ATP5F1A/branch_model/coldbats_taxa/two_ratio	/scratch/project_2004342/everything/paml_clean/FINAL_refseq_ftp_pipeline/11_paml_nuclear_final/ctl/ATP5F1A/branch_model/coldbats_taxa/ATP5F1A.coldbats_taxa.two_ratio.ctl
ATP5F1B	branch_model	nilssonii_terminal_two_ratio	/scratch/project_2004342/everything/paml_clean/FINAL_refseq_ftp_pipeline/11_paml_nuclear_final/results/ATP5F1B/branch_model/nilssonii_terminal/two_ratio	/scratch/project_2004342/everything/paml_clean/FINAL_refseq_ftp_pipeline/11_paml_nuclear_final/ctl/ATP5F1B/branch_model/nilssonii_terminal/ATP5F1B.nilssonii_terminal.two_ratio.ctl
ATP5F1B	branch_model	ept_stem_two_ratio	/scratch/project_2004342/everything/paml_clean/FINAL_refseq_ftp_pipeline/11_paml_nuclear_final/results/ATP5F1B/branch_model/ept_stem/two_ratio	/scratch/project_2004342/everything/paml_clean/FINAL_refseq_ftp_pipeline/11_paml_nuclear_final/ctl/ATP5F1B/branch_model/ept_stem/ATP5F1B.ept_stem.two_ratio.ctl
ATP5F1B	branch_model	ept_terminals_two_ratio	/scratch/project_2004342/everything/paml_clean/FINAL_refseq_ftp_pipeline/11_paml_nuclear_final/results/ATP5F1B/branch_model/ept_terminals/two_ratio	/scratch/project_2004342/everything/paml_clean/FINAL_refseq_ftp_pipeline/11_paml_nuclear_final/ctl/ATP5F1B/branch_model/ept_terminals/ATP5F1B.ept_terminals.two_ratio.ctl
ATP5F1B	branch_model	myotis_cold_taxa_two_ratio	/scratch/project_2004342/everything/paml_clean/FINAL_refseq_ftp_pipeline/11_paml_nuclear_final/results/ATP5F1B/branch_model/myotis_cold_taxa/two_ratio	/scratch/project_2004342/everything/paml_clean/FINAL_refseq_ftp_pipeline/11_paml_nuclear_final/ctl/ATP5F1B/branch_model/myotis_cold_taxa/ATP5F1B.myotis_cold_taxa.two_ratio.ctl
ATP5F1B	branch_model	myotis_cold_wholeclade_two_ratio	/scratch/project_2004342/everything/paml_clean/FINAL_refseq_ftp_pipeline/11_paml_nuclear_final/results/ATP5F1B/branch_model/myotis_cold_wholeclade/two_ratio	/scratch/project_2004342/everything/paml_clean/FINAL_refseq_ftp_pipeline/11_paml_nuclear_final/ctl/ATP5F1B/branch_model/myotis_cold_wholeclade/ATP5F1B.myotis_cold_wholeclade.two_ratio.ctl
ATP5F1B	branch_model	coldbats_taxa_two_ratio	/scratch/project_2004342/everything/paml_clean/FINAL_refseq_ftp_pipeline/11_paml_nuclear_final/results/ATP5F1B/branch_model/coldbats_taxa/two_ratio	/scratch/project_2004342/everything/paml_clean/FINAL_refseq_ftp_pipeline/11_paml_nuclear_final/ctl/ATP5F1B/branch_model/coldbats_taxa/ATP5F1B.coldbats_taxa.two_ratio.ctl
ATP5F1B	branch_model	vesper_wholeclade_two_ratio	/scratch/project_2004342/everything/paml_clean/FINAL_refseq_ftp_pipeline/11_paml_nuclear_final/results/ATP5F1B/branch_model/vesper_wholeclade/two_ratio	/scratch/project_2004342/everything/paml_clean/FINAL_refseq_ftp_pipeline/11_paml_nuclear_final/ctl/ATP5F1B/branch_model/vesper_wholeclade/ATP5F1B.vesper_wholeclade.two_ratio.ctl
ATP5MC1	branch_model	nilssonii_terminal_two_ratio	/scratch/project_2004342/everything/paml_clean/FINAL_refseq_ftp_pipeline/11_paml_nuclear_final/results/ATP5MC1/branch_model/nilssonii_terminal/two_ratio	/scratch/project_2004342/everything/paml_clean/FINAL_refseq_ftp_pipeline/11_paml_nuclear_final/ctl/ATP5MC1/branch_model/nilssonii_terminal/ATP5MC1.nilssonii_terminal.two_ratio.ctl
ATP5MC1	branch_model	ept_stem_two_ratio	/scratch/project_2004342/everything/paml_clean/FINAL_refseq_ftp_pipeline/11_paml_nuclear_final/results/ATP5MC1/branch_model/ept_stem/two_ratio	/scratch/project_2004342/everything/paml_clean/FINAL_refseq_ftp_pipeline/11_paml_nuclear_final/ctl/ATP5MC1/branch_model/ept_stem/ATP5MC1.ept_stem.two_ratio.ctl
ATP5MC1	branch_model	ept_terminals_two_ratio	/scratch/project_2004342/everything/paml_clean/FINAL_refseq_ftp_pipeline/11_paml_nuclear_final/results/ATP5MC1/branch_model/ept_terminals/two_ratio	/scratch/project_2004342/everything/paml_clean/FINAL_refseq_ftp_pipeline/11_paml_nuclear_final/ctl/ATP5MC1/branch_model/ept_terminals/ATP5MC1.ept_terminals.two_ratio.ctl
ATP5MC1	branch_model	myotis_cold_taxa_two_ratio	/scratch/project_2004342/everything/paml_clean/FINAL_refseq_ftp_pipeline/11_paml_nuclear_final/results/ATP5MC1/branch_model/myotis_cold_taxa/two_ratio	/scratch/project_2004342/everything/paml_clean/FINAL_refseq_ftp_pipeline/11_paml_nuclear_final/ctl/ATP5MC1/branch_model/myotis_cold_taxa/ATP5MC1.myotis_cold_taxa.two_ratio.ctl
ATP5MC1	branch_model	myotis_cold_wholeclade_two_ratio	/scratch/project_2004342/everything/paml_clean/FINAL_refseq_ftp_pipeline/11_paml_nuclear_final/results/ATP5MC1/branch_model/myotis_cold_wholeclade/two_ratio	/scratch/project_2004342/everything/paml_clean/FINAL_refseq_ftp_pipeline/11_paml_nuclear_final/ctl/ATP5MC1/branch_model/myotis_cold_wholeclade/ATP5MC1.myotis_cold_wholeclade.two_ratio.ctl
ATP5MC1	branch_model	coldbats_taxa_two_ratio	/scratch/project_2004342/everything/paml_clean/FINAL_refseq_ftp_pipeline/11_paml_nuclear_final/results/ATP5MC1/branch_model/coldbats_taxa/two_ratio	/scratch/project_2004342/everything/paml_clean/FINAL_refseq_ftp_pipeline/11_paml_nuclear_final/ctl/ATP5MC1/branch_model/coldbats_taxa/ATP5MC1.coldbats_taxa.two_ratio.ctl
ATP5MC1	branch_model	vesper_wholeclade_two_ratio	/scratch/project_2004342/everything/paml_clean/FINAL_refseq_ftp_pipeline/11_paml_nuclear_final/results/ATP5MC1/branch_model/vesper_wholeclade/two_ratio	/scratch/project_2004342/everything/paml_clean/FINAL_refseq_ftp_pipeline/11_paml_nuclear_final/ctl/ATP5MC1/branch_model/vesper_wholeclade/ATP5MC1.vesper_wholeclade.two_ratio.ctl
COX4I1	branch_model	nilssonii_terminal_two_ratio	/scratch/project_2004342/everything/paml_clean/FINAL_refseq_ftp_pipeline/11_paml_nuclear_final/results/COX4I1/branch_model/nilssonii_terminal/two_ratio	/scratch/project_2004342/everything/paml_clean/FINAL_refseq_ftp_pipeline/11_paml_nuclear_final/ctl/COX4I1/branch_model/nilssonii_terminal/COX4I1.nilssonii_terminal.two_ratio.ctl
COX4I1	branch_model	ept_stem_two_ratio	/scratch/project_2004342/everything/paml_clean/FINAL_refseq_ftp_pipeline/11_paml_nuclear_final/results/COX4I1/branch_model/ept_stem/two_ratio	/scratch/project_2004342/everything/paml_clean/FINAL_refseq_ftp_pipeline/11_paml_nuclear_final/ctl/COX4I1/branch_model/ept_stem/COX4I1.ept_stem.two_ratio.ctl
COX4I1	branch_model	ept_terminals_two_ratio	/scratch/project_2004342/everything/paml_clean/FINAL_refseq_ftp_pipeline/11_paml_nuclear_final/results/COX4I1/branch_model/ept_terminals/two_ratio	/scratch/project_2004342/everything/paml_clean/FINAL_refseq_ftp_pipeline/11_paml_nuclear_final/ctl/COX4I1/branch_model/ept_terminals/COX4I1.ept_terminals.two_ratio.ctl
COX4I1	branch_model	myotis_cold_taxa_two_ratio	/scratch/project_2004342/everything/paml_clean/FINAL_refseq_ftp_pipeline/11_paml_nuclear_final/results/COX4I1/branch_model/myotis_cold_taxa/two_ratio	/scratch/project_2004342/everything/paml_clean/FINAL_refseq_ftp_pipeline/11_paml_nuclear_final/ctl/COX4I1/branch_model/myotis_cold_taxa/COX4I1.myotis_cold_taxa.two_ratio.ctl
COX4I1	branch_model	myotis_cold_wholeclade_two_ratio	/scratch/project_2004342/everything/paml_clean/FINAL_refseq_ftp_pipeline/11_paml_nuclear_final/results/COX4I1/branch_model/myotis_cold_wholeclade/two_ratio	/scratch/project_2004342/everything/paml_clean/FINAL_refseq_ftp_pipeline/11_paml_nuclear_final/ctl/COX4I1/branch_model/myotis_cold_wholeclade/COX4I1.myotis_cold_wholeclade.two_ratio.ctl
COX4I1	branch_model	coldbats_taxa_two_ratio	/scratch/project_2004342/everything/paml_clean/FINAL_refseq_ftp_pipeline/11_paml_nuclear_final/results/COX4I1/branch_model/coldbats_taxa/two_ratio	/scratch/project_2004342/everything/paml_clean/FINAL_refseq_ftp_pipeline/11_paml_nuclear_final/ctl/COX4I1/branch_model/coldbats_taxa/COX4I1.coldbats_taxa.two_ratio.ctl
COX4I1	branch_model	vesper_wholeclade_two_ratio	/scratch/project_2004342/everything/paml_clean/FINAL_refseq_ftp_pipeline/11_paml_nuclear_final/results/COX4I1/branch_model/vesper_wholeclade/two_ratio	/scratch/project_2004342/everything/paml_clean/FINAL_refseq_ftp_pipeline/11_paml_nuclear_final/ctl/COX4I1/branch_model/vesper_wholeclade/COX4I1.vesper_wholeclade.two_ratio.ctl
COX7A1	branch_model	myotis_cold_taxa_two_ratio	/scratch/project_2004342/everything/paml_clean/FINAL_refseq_ftp_pipeline/11_paml_nuclear_final/results/COX7A1/branch_model/myotis_cold_taxa/two_ratio	/scratch/project_2004342/everything/paml_clean/FINAL_refseq_ftp_pipeline/11_paml_nuclear_final/ctl/COX7A1/branch_model/myotis_cold_taxa/COX7A1.myotis_cold_taxa.two_ratio.ctl
COX7A1	branch_model	coldbats_taxa_two_ratio	/scratch/project_2004342/everything/paml_clean/FINAL_refseq_ftp_pipeline/11_paml_nuclear_final/results/COX7A1/branch_model/coldbats_taxa/two_ratio	/scratch/project_2004342/everything/paml_clean/FINAL_refseq_ftp_pipeline/11_paml_nuclear_final/ctl/COX7A1/branch_model/coldbats_taxa/COX7A1.coldbats_taxa.two_ratio.ctl
CPT1A	branch_model	nilssonii_terminal_two_ratio	/scratch/project_2004342/everything/paml_clean/FINAL_refseq_ftp_pipeline/11_paml_nuclear_final/results/CPT1A/branch_model/nilssonii_terminal/two_ratio	/scratch/project_2004342/everything/paml_clean/FINAL_refseq_ftp_pipeline/11_paml_nuclear_final/ctl/CPT1A/branch_model/nilssonii_terminal/CPT1A.nilssonii_terminal.two_ratio.ctl
CPT1A	branch_model	ept_stem_two_ratio	/scratch/project_2004342/everything/paml_clean/FINAL_refseq_ftp_pipeline/11_paml_nuclear_final/results/CPT1A/branch_model/ept_stem/two_ratio	/scratch/project_2004342/everything/paml_clean/FINAL_refseq_ftp_pipeline/11_paml_nuclear_final/ctl/CPT1A/branch_model/ept_stem/CPT1A.ept_stem.two_ratio.ctl
CPT1A	branch_model	ept_terminals_two_ratio	/scratch/project_2004342/everything/paml_clean/FINAL_refseq_ftp_pipeline/11_paml_nuclear_final/results/CPT1A/branch_model/ept_terminals/two_ratio	/scratch/project_2004342/everything/paml_clean/FINAL_refseq_ftp_pipeline/11_paml_nuclear_final/ctl/CPT1A/branch_model/ept_terminals/CPT1A.ept_terminals.two_ratio.ctl
CPT1A	branch_model	myotis_cold_taxa_two_ratio	/scratch/project_2004342/everything/paml_clean/FINAL_refseq_ftp_pipeline/11_paml_nuclear_final/results/CPT1A/branch_model/myotis_cold_taxa/two_ratio	/scratch/project_2004342/everything/paml_clean/FINAL_refseq_ftp_pipeline/11_paml_nuclear_final/ctl/CPT1A/branch_model/myotis_cold_taxa/CPT1A.myotis_cold_taxa.two_ratio.ctl
CPT1A	branch_model	coldbats_taxa_two_ratio	/scratch/project_2004342/everything/paml_clean/FINAL_refseq_ftp_pipeline/11_paml_nuclear_final/results/CPT1A/branch_model/coldbats_taxa/two_ratio	/scratch/project_2004342/everything/paml_clean/FINAL_refseq_ftp_pipeline/11_paml_nuclear_final/ctl/CPT1A/branch_model/coldbats_taxa/CPT1A.coldbats_taxa.two_ratio.ctl
CPT1B	branch_model	nilssonii_terminal_two_ratio	/scratch/project_2004342/everything/paml_clean/FINAL_refseq_ftp_pipeline/11_paml_nuclear_final/results/CPT1B/branch_model/nilssonii_terminal/two_ratio	/scratch/project_2004342/everything/paml_clean/FINAL_refseq_ftp_pipeline/11_paml_nuclear_final/ctl/CPT1B/branch_model/nilssonii_terminal/CPT1B.nilssonii_terminal.two_ratio.ctl
CPT1B	branch_model	ept_stem_two_ratio	/scratch/project_2004342/everything/paml_clean/FINAL_refseq_ftp_pipeline/11_paml_nuclear_final/results/CPT1B/branch_model/ept_stem/two_ratio	/scratch/project_2004342/everything/paml_clean/FINAL_refseq_ftp_pipeline/11_paml_nuclear_final/ctl/CPT1B/branch_model/ept_stem/CPT1B.ept_stem.two_ratio.ctl
CPT1B	branch_model	ept_terminals_two_ratio	/scratch/project_2004342/everything/paml_clean/FINAL_refseq_ftp_pipeline/11_paml_nuclear_final/results/CPT1B/branch_model/ept_terminals/two_ratio	/scratch/project_2004342/everything/paml_clean/FINAL_refseq_ftp_pipeline/11_paml_nuclear_final/ctl/CPT1B/branch_model/ept_terminals/CPT1B.ept_terminals.two_ratio.ctl
CPT1B	branch_model	myotis_cold_taxa_two_ratio	/scratch/project_2004342/everything/paml_clean/FINAL_refseq_ftp_pipeline/11_paml_nuclear_final/results/CPT1B/branch_model/myotis_cold_taxa/two_ratio	/scratch/project_2004342/everything/paml_clean/FINAL_refseq_ftp_pipeline/11_paml_nuclear_final/ctl/CPT1B/branch_model/myotis_cold_taxa/CPT1B.myotis_cold_taxa.two_ratio.ctl
CPT1B	branch_model	myotis_cold_wholeclade_two_ratio	/scratch/project_2004342/everything/paml_clean/FINAL_refseq_ftp_pipeline/11_paml_nuclear_final/results/CPT1B/branch_model/myotis_cold_wholeclade/two_ratio	/scratch/project_2004342/everything/paml_clean/FINAL_refseq_ftp_pipeline/11_paml_nuclear_final/ctl/CPT1B/branch_model/myotis_cold_wholeclade/CPT1B.myotis_cold_wholeclade.two_ratio.ctl
CPT1B	branch_model	coldbats_taxa_two_ratio	/scratch/project_2004342/everything/paml_clean/FINAL_refseq_ftp_pipeline/11_paml_nuclear_final/results/CPT1B/branch_model/coldbats_taxa/two_ratio	/scratch/project_2004342/everything/paml_clean/FINAL_refseq_ftp_pipeline/11_paml_nuclear_final/ctl/CPT1B/branch_model/coldbats_taxa/CPT1B.coldbats_taxa.two_ratio.ctl
CPT1B	branch_model	vesper_wholeclade_two_ratio	/scratch/project_2004342/everything/paml_clean/FINAL_refseq_ftp_pipeline/11_paml_nuclear_final/results/CPT1B/branch_model/vesper_wholeclade/two_ratio	/scratch/project_2004342/everything/paml_clean/FINAL_refseq_ftp_pipeline/11_paml_nuclear_final/ctl/CPT1B/branch_model/vesper_wholeclade/CPT1B.vesper_wholeclade.two_ratio.ctl
CPT2	branch_model	nilssonii_terminal_two_ratio	/scratch/project_2004342/everything/paml_clean/FINAL_refseq_ftp_pipeline/11_paml_nuclear_final/results/CPT2/branch_model/nilssonii_terminal/two_ratio	/scratch/project_2004342/everything/paml_clean/FINAL_refseq_ftp_pipeline/11_paml_nuclear_final/ctl/CPT2/branch_model/nilssonii_terminal/CPT2.nilssonii_terminal.two_ratio.ctl
CPT2	branch_model	ept_stem_two_ratio	/scratch/project_2004342/everything/paml_clean/FINAL_refseq_ftp_pipeline/11_paml_nuclear_final/results/CPT2/branch_model/ept_stem/two_ratio	/scratch/project_2004342/everything/paml_clean/FINAL_refseq_ftp_pipeline/11_paml_nuclear_final/ctl/CPT2/branch_model/ept_stem/CPT2.ept_stem.two_ratio.ctl
CPT2	branch_model	ept_terminals_two_ratio	/scratch/project_2004342/everything/paml_clean/FINAL_refseq_ftp_pipeline/11_paml_nuclear_final/results/CPT2/branch_model/ept_terminals/two_ratio	/scratch/project_2004342/everything/paml_clean/FINAL_refseq_ftp_pipeline/11_paml_nuclear_final/ctl/CPT2/branch_model/ept_terminals/CPT2.ept_terminals.two_ratio.ctl
CPT2	branch_model	myotis_cold_taxa_two_ratio	/scratch/project_2004342/everything/paml_clean/FINAL_refseq_ftp_pipeline/11_paml_nuclear_final/results/CPT2/branch_model/myotis_cold_taxa/two_ratio	/scratch/project_2004342/everything/paml_clean/FINAL_refseq_ftp_pipeline/11_paml_nuclear_final/ctl/CPT2/branch_model/myotis_cold_taxa/CPT2.myotis_cold_taxa.two_ratio.ctl
CPT2	branch_model	myotis_cold_wholeclade_two_ratio	/scratch/project_2004342/everything/paml_clean/FINAL_refseq_ftp_pipeline/11_paml_nuclear_final/results/CPT2/branch_model/myotis_cold_wholeclade/two_ratio	/scratch/project_2004342/everything/paml_clean/FINAL_refseq_ftp_pipeline/11_paml_nuclear_final/ctl/CPT2/branch_model/myotis_cold_wholeclade/CPT2.myotis_cold_wholeclade.two_ratio.ctl
CPT2	branch_model	coldbats_taxa_two_ratio	/scratch/project_2004342/everything/paml_clean/FINAL_refseq_ftp_pipeline/11_paml_nuclear_final/results/CPT2/branch_model/coldbats_taxa/two_ratio	/scratch/project_2004342/everything/paml_clean/FINAL_refseq_ftp_pipeline/11_paml_nuclear_final/ctl/CPT2/branch_model/coldbats_taxa/CPT2.coldbats_taxa.two_ratio.ctl
CPT2	branch_model	vesper_wholeclade_two_ratio	/scratch/project_2004342/everything/paml_clean/FINAL_refseq_ftp_pipeline/11_paml_nuclear_final/results/CPT2/branch_model/vesper_wholeclade/two_ratio	/scratch/project_2004342/everything/paml_clean/FINAL_refseq_ftp_pipeline/11_paml_nuclear_final/ctl/CPT2/branch_model/vesper_wholeclade/CPT2.vesper_wholeclade.two_ratio.ctl
CREB3L1	branch_model	nilssonii_terminal_two_ratio	/scratch/project_2004342/everything/paml_clean/FINAL_refseq_ftp_pipeline/11_paml_nuclear_final/results/CREB3L1/branch_model/nilssonii_terminal/two_ratio	/scratch/project_2004342/everything/paml_clean/FINAL_refseq_ftp_pipeline/11_paml_nuclear_final/ctl/CREB3L1/branch_model/nilssonii_terminal/CREB3L1.nilssonii_terminal.two_ratio.ctl
CREB3L1	branch_model	ept_stem_two_ratio	/scratch/project_2004342/everything/paml_clean/FINAL_refseq_ftp_pipeline/11_paml_nuclear_final/results/CREB3L1/branch_model/ept_stem/two_ratio	/scratch/project_2004342/everything/paml_clean/FINAL_refseq_ftp_pipeline/11_paml_nuclear_final/ctl/CREB3L1/branch_model/ept_stem/CREB3L1.ept_stem.two_ratio.ctl
CREB3L1	branch_model	ept_terminals_two_ratio	/scratch/project_2004342/everything/paml_clean/FINAL_refseq_ftp_pipeline/11_paml_nuclear_final/results/CREB3L1/branch_model/ept_terminals/two_ratio	/scratch/project_2004342/everything/paml_clean/FINAL_refseq_ftp_pipeline/11_paml_nuclear_final/ctl/CREB3L1/branch_model/ept_terminals/CREB3L1.ept_terminals.two_ratio.ctl
CREB3L1	branch_model	myotis_cold_taxa_two_ratio	/scratch/project_2004342/everything/paml_clean/FINAL_refseq_ftp_pipeline/11_paml_nuclear_final/results/CREB3L1/branch_model/myotis_cold_taxa/two_ratio	/scratch/project_2004342/everything/paml_clean/FINAL_refseq_ftp_pipeline/11_paml_nuclear_final/ctl/CREB3L1/branch_model/myotis_cold_taxa/CREB3L1.myotis_cold_taxa.two_ratio.ctl
CREB3L1	branch_model	myotis_cold_wholeclade_two_ratio	/scratch/project_2004342/everything/paml_clean/FINAL_refseq_ftp_pipeline/11_paml_nuclear_final/results/CREB3L1/branch_model/myotis_cold_wholeclade/two_ratio	/scratch/project_2004342/everything/paml_clean/FINAL_refseq_ftp_pipeline/11_paml_nuclear_final/ctl/CREB3L1/branch_model/myotis_cold_wholeclade/CREB3L1.myotis_cold_wholeclade.two_ratio.ctl
CREB3L1	branch_model	coldbats_taxa_two_ratio	/scratch/project_2004342/everything/paml_clean/FINAL_refseq_ftp_pipeline/11_paml_nuclear_final/results/CREB3L1/branch_model/coldbats_taxa/two_ratio	/scratch/project_2004342/everything/paml_clean/FINAL_refseq_ftp_pipeline/11_paml_nuclear_final/ctl/CREB3L1/branch_model/coldbats_taxa/CREB3L1.coldbats_taxa.two_ratio.ctl
CREB3L1	branch_model	vesper_wholeclade_two_ratio	/scratch/project_2004342/everything/paml_clean/FINAL_refseq_ftp_pipeline/11_paml_nuclear_final/results/CREB3L1/branch_model/vesper_wholeclade/two_ratio	/scratch/project_2004342/everything/paml_clean/FINAL_refseq_ftp_pipeline/11_paml_nuclear_final/ctl/CREB3L1/branch_model/vesper_wholeclade/CREB3L1.vesper_wholeclade.two_ratio.ctl
CREB3L4	branch_model	nilssonii_terminal_two_ratio	/scratch/project_2004342/everything/paml_clean/FINAL_refseq_ftp_pipeline/11_paml_nuclear_final/results/CREB3L4/branch_model/nilssonii_terminal/two_ratio	/scratch/project_2004342/everything/paml_clean/FINAL_refseq_ftp_pipeline/11_paml_nuclear_final/ctl/CREB3L4/branch_model/nilssonii_terminal/CREB3L4.nilssonii_terminal.two_ratio.ctl
CREB3L4	branch_model	ept_stem_two_ratio	/scratch/project_2004342/everything/paml_clean/FINAL_refseq_ftp_pipeline/11_paml_nuclear_final/results/CREB3L4/branch_model/ept_stem/two_ratio	/scratch/project_2004342/everything/paml_clean/FINAL_refseq_ftp_pipeline/11_paml_nuclear_final/ctl/CREB3L4/branch_model/ept_stem/CREB3L4.ept_stem.two_ratio.ctl
CREB3L4	branch_model	ept_terminals_two_ratio	/scratch/project_2004342/everything/paml_clean/FINAL_refseq_ftp_pipeline/11_paml_nuclear_final/results/CREB3L4/branch_model/ept_terminals/two_ratio	/scratch/project_2004342/everything/paml_clean/FINAL_refseq_ftp_pipeline/11_paml_nuclear_final/ctl/CREB3L4/branch_model/ept_terminals/CREB3L4.ept_terminals.two_ratio.ctl
CREB3L4	branch_model	myotis_cold_taxa_two_ratio	/scratch/project_2004342/everything/paml_clean/FINAL_refseq_ftp_pipeline/11_paml_nuclear_final/results/CREB3L4/branch_model/myotis_cold_taxa/two_ratio	/scratch/project_2004342/everything/paml_clean/FINAL_refseq_ftp_pipeline/11_paml_nuclear_final/ctl/CREB3L4/branch_model/myotis_cold_taxa/CREB3L4.myotis_cold_taxa.two_ratio.ctl
CREB3L4	branch_model	myotis_cold_wholeclade_two_ratio	/scratch/project_2004342/everything/paml_clean/FINAL_refseq_ftp_pipeline/11_paml_nuclear_final/results/CREB3L4/branch_model/myotis_cold_wholeclade/two_ratio	/scratch/project_2004342/everything/paml_clean/FINAL_refseq_ftp_pipeline/11_paml_nuclear_final/ctl/CREB3L4/branch_model/myotis_cold_wholeclade/CREB3L4.myotis_cold_wholeclade.two_ratio.ctl
CREB3L4	branch_model	coldbats_taxa_two_ratio	/scratch/project_2004342/everything/paml_clean/FINAL_refseq_ftp_pipeline/11_paml_nuclear_final/results/CREB3L4/branch_model/coldbats_taxa/two_ratio	/scratch/project_2004342/everything/paml_clean/FINAL_refseq_ftp_pipeline/11_paml_nuclear_final/ctl/CREB3L4/branch_model/coldbats_taxa/CREB3L4.coldbats_taxa.two_ratio.ctl
CREB3L4	branch_model	vesper_wholeclade_two_ratio	/scratch/project_2004342/everything/paml_clean/FINAL_refseq_ftp_pipeline/11_paml_nuclear_final/results/CREB3L4/branch_model/vesper_wholeclade/two_ratio	/scratch/project_2004342/everything/paml_clean/FINAL_refseq_ftp_pipeline/11_paml_nuclear_final/ctl/CREB3L4/branch_model/vesper_wholeclade/CREB3L4.vesper_wholeclade.two_ratio.ctl
CREB5	branch_model	nilssonii_terminal_two_ratio	/scratch/project_2004342/everything/paml_clean/FINAL_refseq_ftp_pipeline/11_paml_nuclear_final/results/CREB5/branch_model/nilssonii_terminal/two_ratio	/scratch/project_2004342/everything/paml_clean/FINAL_refseq_ftp_pipeline/11_paml_nuclear_final/ctl/CREB5/branch_model/nilssonii_terminal/CREB5.nilssonii_terminal.two_ratio.ctl
CREB5	branch_model	ept_stem_two_ratio	/scratch/project_2004342/everything/paml_clean/FINAL_refseq_ftp_pipeline/11_paml_nuclear_final/results/CREB5/branch_model/ept_stem/two_ratio	/scratch/project_2004342/everything/paml_clean/FINAL_refseq_ftp_pipeline/11_paml_nuclear_final/ctl/CREB5/branch_model/ept_stem/CREB5.ept_stem.two_ratio.ctl
CREB5	branch_model	ept_terminals_two_ratio	/scratch/project_2004342/everything/paml_clean/FINAL_refseq_ftp_pipeline/11_paml_nuclear_final/results/CREB5/branch_model/ept_terminals/two_ratio	/scratch/project_2004342/everything/paml_clean/FINAL_refseq_ftp_pipeline/11_paml_nuclear_final/ctl/CREB5/branch_model/ept_terminals/CREB5.ept_terminals.two_ratio.ctl
CREB5	branch_model	myotis_cold_taxa_two_ratio	/scratch/project_2004342/everything/paml_clean/FINAL_refseq_ftp_pipeline/11_paml_nuclear_final/results/CREB5/branch_model/myotis_cold_taxa/two_ratio	/scratch/project_2004342/everything/paml_clean/FINAL_refseq_ftp_pipeline/11_paml_nuclear_final/ctl/CREB5/branch_model/myotis_cold_taxa/CREB5.myotis_cold_taxa.two_ratio.ctl
CREB5	branch_model	myotis_cold_wholeclade_two_ratio	/scratch/project_2004342/everything/paml_clean/FINAL_refseq_ftp_pipeline/11_paml_nuclear_final/results/CREB5/branch_model/myotis_cold_wholeclade/two_ratio	/scratch/project_2004342/everything/paml_clean/FINAL_refseq_ftp_pipeline/11_paml_nuclear_final/ctl/CREB5/branch_model/myotis_cold_wholeclade/CREB5.myotis_cold_wholeclade.two_ratio.ctl
CREB5	branch_model	coldbats_taxa_two_ratio	/scratch/project_2004342/everything/paml_clean/FINAL_refseq_ftp_pipeline/11_paml_nuclear_final/results/CREB5/branch_model/coldbats_taxa/two_ratio	/scratch/project_2004342/everything/paml_clean/FINAL_refseq_ftp_pipeline/11_paml_nuclear_final/ctl/CREB5/branch_model/coldbats_taxa/CREB5.coldbats_taxa.two_ratio.ctl
CREB5	branch_model	vesper_wholeclade_two_ratio	/scratch/project_2004342/everything/paml_clean/FINAL_refseq_ftp_pipeline/11_paml_nuclear_final/results/CREB5/branch_model/vesper_wholeclade/two_ratio	/scratch/project_2004342/everything/paml_clean/FINAL_refseq_ftp_pipeline/11_paml_nuclear_final/ctl/CREB5/branch_model/vesper_wholeclade/CREB5.vesper_wholeclade.two_ratio.ctl
FGFR1	branch_model	nilssonii_terminal_two_ratio	/scratch/project_2004342/everything/paml_clean/FINAL_refseq_ftp_pipeline/11_paml_nuclear_final/results/FGFR1/branch_model/nilssonii_terminal/two_ratio	/scratch/project_2004342/everything/paml_clean/FINAL_refseq_ftp_pipeline/11_paml_nuclear_final/ctl/FGFR1/branch_model/nilssonii_terminal/FGFR1.nilssonii_terminal.two_ratio.ctl
FGFR1	branch_model	ept_stem_two_ratio	/scratch/project_2004342/everything/paml_clean/FINAL_refseq_ftp_pipeline/11_paml_nuclear_final/results/FGFR1/branch_model/ept_stem/two_ratio	/scratch/project_2004342/everything/paml_clean/FINAL_refseq_ftp_pipeline/11_paml_nuclear_final/ctl/FGFR1/branch_model/ept_stem/FGFR1.ept_stem.two_ratio.ctl
FGFR1	branch_model	ept_terminals_two_ratio	/scratch/project_2004342/everything/paml_clean/FINAL_refseq_ftp_pipeline/11_paml_nuclear_final/results/FGFR1/branch_model/ept_terminals/two_ratio	/scratch/project_2004342/everything/paml_clean/FINAL_refseq_ftp_pipeline/11_paml_nuclear_final/ctl/FGFR1/branch_model/ept_terminals/FGFR1.ept_terminals.two_ratio.ctl
FGFR1	branch_model	myotis_cold_taxa_two_ratio	/scratch/project_2004342/everything/paml_clean/FINAL_refseq_ftp_pipeline/11_paml_nuclear_final/results/FGFR1/branch_model/myotis_cold_taxa/two_ratio	/scratch/project_2004342/everything/paml_clean/FINAL_refseq_ftp_pipeline/11_paml_nuclear_final/ctl/FGFR1/branch_model/myotis_cold_taxa/FGFR1.myotis_cold_taxa.two_ratio.ctl
FGFR1	branch_model	myotis_cold_wholeclade_two_ratio	/scratch/project_2004342/everything/paml_clean/FINAL_refseq_ftp_pipeline/11_paml_nuclear_final/results/FGFR1/branch_model/myotis_cold_wholeclade/two_ratio	/scratch/project_2004342/everything/paml_clean/FINAL_refseq_ftp_pipeline/11_paml_nuclear_final/ctl/FGFR1/branch_model/myotis_cold_wholeclade/FGFR1.myotis_cold_wholeclade.two_ratio.ctl
FGFR1	branch_model	coldbats_taxa_two_ratio	/scratch/project_2004342/everything/paml_clean/FINAL_refseq_ftp_pipeline/11_paml_nuclear_final/results/FGFR1/branch_model/coldbats_taxa/two_ratio	/scratch/project_2004342/everything/paml_clean/FINAL_refseq_ftp_pipeline/11_paml_nuclear_final/ctl/FGFR1/branch_model/coldbats_taxa/FGFR1.coldbats_taxa.two_ratio.ctl
FGFR1	branch_model	vesper_wholeclade_two_ratio	/scratch/project_2004342/everything/paml_clean/FINAL_refseq_ftp_pipeline/11_paml_nuclear_final/results/FGFR1/branch_model/vesper_wholeclade/two_ratio	/scratch/project_2004342/everything/paml_clean/FINAL_refseq_ftp_pipeline/11_paml_nuclear_final/ctl/FGFR1/branch_model/vesper_wholeclade/FGFR1.vesper_wholeclade.two_ratio.ctl
NDUFA1	branch_model	nilssonii_terminal_two_ratio	/scratch/project_2004342/everything/paml_clean/FINAL_refseq_ftp_pipeline/11_paml_nuclear_final/results/NDUFA1/branch_model/nilssonii_terminal/two_ratio	/scratch/project_2004342/everything/paml_clean/FINAL_refseq_ftp_pipeline/11_paml_nuclear_final/ctl/NDUFA1/branch_model/nilssonii_terminal/NDUFA1.nilssonii_terminal.two_ratio.ctl
NDUFA1	branch_model	ept_stem_two_ratio	/scratch/project_2004342/everything/paml_clean/FINAL_refseq_ftp_pipeline/11_paml_nuclear_final/results/NDUFA1/branch_model/ept_stem/two_ratio	/scratch/project_2004342/everything/paml_clean/FINAL_refseq_ftp_pipeline/11_paml_nuclear_final/ctl/NDUFA1/branch_model/ept_stem/NDUFA1.ept_stem.two_ratio.ctl
NDUFA1	branch_model	ept_terminals_two_ratio	/scratch/project_2004342/everything/paml_clean/FINAL_refseq_ftp_pipeline/11_paml_nuclear_final/results/NDUFA1/branch_model/ept_terminals/two_ratio	/scratch/project_2004342/everything/paml_clean/FINAL_refseq_ftp_pipeline/11_paml_nuclear_final/ctl/NDUFA1/branch_model/ept_terminals/NDUFA1.ept_terminals.two_ratio.ctl
NDUFA1	branch_model	myotis_cold_taxa_two_ratio	/scratch/project_2004342/everything/paml_clean/FINAL_refseq_ftp_pipeline/11_paml_nuclear_final/results/NDUFA1/branch_model/myotis_cold_taxa/two_ratio	/scratch/project_2004342/everything/paml_clean/FINAL_refseq_ftp_pipeline/11_paml_nuclear_final/ctl/NDUFA1/branch_model/myotis_cold_taxa/NDUFA1.myotis_cold_taxa.two_ratio.ctl
NDUFA1	branch_model	myotis_cold_wholeclade_two_ratio	/scratch/project_2004342/everything/paml_clean/FINAL_refseq_ftp_pipeline/11_paml_nuclear_final/results/NDUFA1/branch_model/myotis_cold_wholeclade/two_ratio	/scratch/project_2004342/everything/paml_clean/FINAL_refseq_ftp_pipeline/11_paml_nuclear_final/ctl/NDUFA1/branch_model/myotis_cold_wholeclade/NDUFA1.myotis_cold_wholeclade.two_ratio.ctl
NDUFA1	branch_model	coldbats_taxa_two_ratio	/scratch/project_2004342/everything/paml_clean/FINAL_refseq_ftp_pipeline/11_paml_nuclear_final/results/NDUFA1/branch_model/coldbats_taxa/two_ratio	/scratch/project_2004342/everything/paml_clean/FINAL_refseq_ftp_pipeline/11_paml_nuclear_final/ctl/NDUFA1/branch_model/coldbats_taxa/NDUFA1.coldbats_taxa.two_ratio.ctl
NDUFA1	branch_model	vesper_wholeclade_two_ratio	/scratch/project_2004342/everything/paml_clean/FINAL_refseq_ftp_pipeline/11_paml_nuclear_final/results/NDUFA1/branch_model/vesper_wholeclade/two_ratio	/scratch/project_2004342/everything/paml_clean/FINAL_refseq_ftp_pipeline/11_paml_nuclear_final/ctl/NDUFA1/branch_model/vesper_wholeclade/NDUFA1.vesper_wholeclade.two_ratio.ctl
NDUFB8	branch_model	nilssonii_terminal_two_ratio	/scratch/project_2004342/everything/paml_clean/FINAL_refseq_ftp_pipeline/11_paml_nuclear_final/results/NDUFB8/branch_model/nilssonii_terminal/two_ratio	/scratch/project_2004342/everything/paml_clean/FINAL_refseq_ftp_pipeline/11_paml_nuclear_final/ctl/NDUFB8/branch_model/nilssonii_terminal/NDUFB8.nilssonii_terminal.two_ratio.ctl
NDUFB8	branch_model	ept_stem_two_ratio	/scratch/project_2004342/everything/paml_clean/FINAL_refseq_ftp_pipeline/11_paml_nuclear_final/results/NDUFB8/branch_model/ept_stem/two_ratio	/scratch/project_2004342/everything/paml_clean/FINAL_refseq_ftp_pipeline/11_paml_nuclear_final/ctl/NDUFB8/branch_model/ept_stem/NDUFB8.ept_stem.two_ratio.ctl
NDUFB8	branch_model	ept_terminals_two_ratio	/scratch/project_2004342/everything/paml_clean/FINAL_refseq_ftp_pipeline/11_paml_nuclear_final/results/NDUFB8/branch_model/ept_terminals/two_ratio	/scratch/project_2004342/everything/paml_clean/FINAL_refseq_ftp_pipeline/11_paml_nuclear_final/ctl/NDUFB8/branch_model/ept_terminals/NDUFB8.ept_terminals.two_ratio.ctl
NDUFB8	branch_model	myotis_cold_taxa_two_ratio	/scratch/project_2004342/everything/paml_clean/FINAL_refseq_ftp_pipeline/11_paml_nuclear_final/results/NDUFB8/branch_model/myotis_cold_taxa/two_ratio	/scratch/project_2004342/everything/paml_clean/FINAL_refseq_ftp_pipeline/11_paml_nuclear_final/ctl/NDUFB8/branch_model/myotis_cold_taxa/NDUFB8.myotis_cold_taxa.two_ratio.ctl
NDUFB8	branch_model	myotis_cold_wholeclade_two_ratio	/scratch/project_2004342/everything/paml_clean/FINAL_refseq_ftp_pipeline/11_paml_nuclear_final/results/NDUFB8/branch_model/myotis_cold_wholeclade/two_ratio	/scratch/project_2004342/everything/paml_clean/FINAL_refseq_ftp_pipeline/11_paml_nuclear_final/ctl/NDUFB8/branch_model/myotis_cold_wholeclade/NDUFB8.myotis_cold_wholeclade.two_ratio.ctl
NDUFB8	branch_model	coldbats_taxa_two_ratio	/scratch/project_2004342/everything/paml_clean/FINAL_refseq_ftp_pipeline/11_paml_nuclear_final/results/NDUFB8/branch_model/coldbats_taxa/two_ratio	/scratch/project_2004342/everything/paml_clean/FINAL_refseq_ftp_pipeline/11_paml_nuclear_final/ctl/NDUFB8/branch_model/coldbats_taxa/NDUFB8.coldbats_taxa.two_ratio.ctl
NDUFB8	branch_model	vesper_wholeclade_two_ratio	/scratch/project_2004342/everything/paml_clean/FINAL_refseq_ftp_pipeline/11_paml_nuclear_final/results/NDUFB8/branch_model/vesper_wholeclade/two_ratio	/scratch/project_2004342/everything/paml_clean/FINAL_refseq_ftp_pipeline/11_paml_nuclear_final/ctl/NDUFB8/branch_model/vesper_wholeclade/NDUFB8.vesper_wholeclade.two_ratio.ctl
NDUFS2	branch_model	nilssonii_terminal_two_ratio	/scratch/project_2004342/everything/paml_clean/FINAL_refseq_ftp_pipeline/11_paml_nuclear_final/results/NDUFS2/branch_model/nilssonii_terminal/two_ratio	/scratch/project_2004342/everything/paml_clean/FINAL_refseq_ftp_pipeline/11_paml_nuclear_final/ctl/NDUFS2/branch_model/nilssonii_terminal/NDUFS2.nilssonii_terminal.two_ratio.ctl
NDUFS2	branch_model	ept_stem_two_ratio	/scratch/project_2004342/everything/paml_clean/FINAL_refseq_ftp_pipeline/11_paml_nuclear_final/results/NDUFS2/branch_model/ept_stem/two_ratio	/scratch/project_2004342/everything/paml_clean/FINAL_refseq_ftp_pipeline/11_paml_nuclear_final/ctl/NDUFS2/branch_model/ept_stem/NDUFS2.ept_stem.two_ratio.ctl
NDUFS2	branch_model	ept_terminals_two_ratio	/scratch/project_2004342/everything/paml_clean/FINAL_refseq_ftp_pipeline/11_paml_nuclear_final/results/NDUFS2/branch_model/ept_terminals/two_ratio	/scratch/project_2004342/everything/paml_clean/FINAL_refseq_ftp_pipeline/11_paml_nuclear_final/ctl/NDUFS2/branch_model/ept_terminals/NDUFS2.ept_terminals.two_ratio.ctl
NDUFS2	branch_model	myotis_cold_taxa_two_ratio	/scratch/project_2004342/everything/paml_clean/FINAL_refseq_ftp_pipeline/11_paml_nuclear_final/results/NDUFS2/branch_model/myotis_cold_taxa/two_ratio	/scratch/project_2004342/everything/paml_clean/FINAL_refseq_ftp_pipeline/11_paml_nuclear_final/ctl/NDUFS2/branch_model/myotis_cold_taxa/NDUFS2.myotis_cold_taxa.two_ratio.ctl
NDUFS2	branch_model	myotis_cold_wholeclade_two_ratio	/scratch/project_2004342/everything/paml_clean/FINAL_refseq_ftp_pipeline/11_paml_nuclear_final/results/NDUFS2/branch_model/myotis_cold_wholeclade/two_ratio	/scratch/project_2004342/everything/paml_clean/FINAL_refseq_ftp_pipeline/11_paml_nuclear_final/ctl/NDUFS2/branch_model/myotis_cold_wholeclade/NDUFS2.myotis_cold_wholeclade.two_ratio.ctl
NDUFS2	branch_model	coldbats_taxa_two_ratio	/scratch/project_2004342/everything/paml_clean/FINAL_refseq_ftp_pipeline/11_paml_nuclear_final/results/NDUFS2/branch_model/coldbats_taxa/two_ratio	/scratch/project_2004342/everything/paml_clean/FINAL_refseq_ftp_pipeline/11_paml_nuclear_final/ctl/NDUFS2/branch_model/coldbats_taxa/NDUFS2.coldbats_taxa.two_ratio.ctl
NDUFS2	branch_model	vesper_wholeclade_two_ratio	/scratch/project_2004342/everything/paml_clean/FINAL_refseq_ftp_pipeline/11_paml_nuclear_final/results/NDUFS2/branch_model/vesper_wholeclade/two_ratio	/scratch/project_2004342/everything/paml_clean/FINAL_refseq_ftp_pipeline/11_paml_nuclear_final/ctl/NDUFS2/branch_model/vesper_wholeclade/NDUFS2.vesper_wholeclade.two_ratio.ctl
NDUFV2	branch_model	nilssonii_terminal_two_ratio	/scratch/project_2004342/everything/paml_clean/FINAL_refseq_ftp_pipeline/11_paml_nuclear_final/results/NDUFV2/branch_model/nilssonii_terminal/two_ratio	/scratch/project_2004342/everything/paml_clean/FINAL_refseq_ftp_pipeline/11_paml_nuclear_final/ctl/NDUFV2/branch_model/nilssonii_terminal/NDUFV2.nilssonii_terminal.two_ratio.ctl
NDUFV2	branch_model	ept_stem_two_ratio	/scratch/project_2004342/everything/paml_clean/FINAL_refseq_ftp_pipeline/11_paml_nuclear_final/results/NDUFV2/branch_model/ept_stem/two_ratio	/scratch/project_2004342/everything/paml_clean/FINAL_refseq_ftp_pipeline/11_paml_nuclear_final/ctl/NDUFV2/branch_model/ept_stem/NDUFV2.ept_stem.two_ratio.ctl
NDUFV2	branch_model	ept_terminals_two_ratio	/scratch/project_2004342/everything/paml_clean/FINAL_refseq_ftp_pipeline/11_paml_nuclear_final/results/NDUFV2/branch_model/ept_terminals/two_ratio	/scratch/project_2004342/everything/paml_clean/FINAL_refseq_ftp_pipeline/11_paml_nuclear_final/ctl/NDUFV2/branch_model/ept_terminals/NDUFV2.ept_terminals.two_ratio.ctl
NDUFV2	branch_model	myotis_cold_taxa_two_ratio	/scratch/project_2004342/everything/paml_clean/FINAL_refseq_ftp_pipeline/11_paml_nuclear_final/results/NDUFV2/branch_model/myotis_cold_taxa/two_ratio	/scratch/project_2004342/everything/paml_clean/FINAL_refseq_ftp_pipeline/11_paml_nuclear_final/ctl/NDUFV2/branch_model/myotis_cold_taxa/NDUFV2.myotis_cold_taxa.two_ratio.ctl
NDUFV2	branch_model	myotis_cold_wholeclade_two_ratio	/scratch/project_2004342/everything/paml_clean/FINAL_refseq_ftp_pipeline/11_paml_nuclear_final/results/NDUFV2/branch_model/myotis_cold_wholeclade/two_ratio	/scratch/project_2004342/everything/paml_clean/FINAL_refseq_ftp_pipeline/11_paml_nuclear_final/ctl/NDUFV2/branch_model/myotis_cold_wholeclade/NDUFV2.myotis_cold_wholeclade.two_ratio.ctl
NDUFV2	branch_model	coldbats_taxa_two_ratio	/scratch/project_2004342/everything/paml_clean/FINAL_refseq_ftp_pipeline/11_paml_nuclear_final/results/NDUFV2/branch_model/coldbats_taxa/two_ratio	/scratch/project_2004342/everything/paml_clean/FINAL_refseq_ftp_pipeline/11_paml_nuclear_final/ctl/NDUFV2/branch_model/coldbats_taxa/NDUFV2.coldbats_taxa.two_ratio.ctl
NDUFV2	branch_model	vesper_wholeclade_two_ratio	/scratch/project_2004342/everything/paml_clean/FINAL_refseq_ftp_pipeline/11_paml_nuclear_final/results/NDUFV2/branch_model/vesper_wholeclade/two_ratio	/scratch/project_2004342/everything/paml_clean/FINAL_refseq_ftp_pipeline/11_paml_nuclear_final/ctl/NDUFV2/branch_model/vesper_wholeclade/NDUFV2.vesper_wholeclade.two_ratio.ctl
PLIN1	branch_model	nilssonii_terminal_two_ratio	/scratch/project_2004342/everything/paml_clean/FINAL_refseq_ftp_pipeline/11_paml_nuclear_final/results/PLIN1/branch_model/nilssonii_terminal/two_ratio	/scratch/project_2004342/everything/paml_clean/FINAL_refseq_ftp_pipeline/11_paml_nuclear_final/ctl/PLIN1/branch_model/nilssonii_terminal/PLIN1.nilssonii_terminal.two_ratio.ctl
PLIN1	branch_model	ept_stem_two_ratio	/scratch/project_2004342/everything/paml_clean/FINAL_refseq_ftp_pipeline/11_paml_nuclear_final/results/PLIN1/branch_model/ept_stem/two_ratio	/scratch/project_2004342/everything/paml_clean/FINAL_refseq_ftp_pipeline/11_paml_nuclear_final/ctl/PLIN1/branch_model/ept_stem/PLIN1.ept_stem.two_ratio.ctl
PLIN1	branch_model	ept_terminals_two_ratio	/scratch/project_2004342/everything/paml_clean/FINAL_refseq_ftp_pipeline/11_paml_nuclear_final/results/PLIN1/branch_model/ept_terminals/two_ratio	/scratch/project_2004342/everything/paml_clean/FINAL_refseq_ftp_pipeline/11_paml_nuclear_final/ctl/PLIN1/branch_model/ept_terminals/PLIN1.ept_terminals.two_ratio.ctl
PLIN1	branch_model	myotis_cold_taxa_two_ratio	/scratch/project_2004342/everything/paml_clean/FINAL_refseq_ftp_pipeline/11_paml_nuclear_final/results/PLIN1/branch_model/myotis_cold_taxa/two_ratio	/scratch/project_2004342/everything/paml_clean/FINAL_refseq_ftp_pipeline/11_paml_nuclear_final/ctl/PLIN1/branch_model/myotis_cold_taxa/PLIN1.myotis_cold_taxa.two_ratio.ctl
PLIN1	branch_model	coldbats_taxa_two_ratio	/scratch/project_2004342/everything/paml_clean/FINAL_refseq_ftp_pipeline/11_paml_nuclear_final/results/PLIN1/branch_model/coldbats_taxa/two_ratio	/scratch/project_2004342/everything/paml_clean/FINAL_refseq_ftp_pipeline/11_paml_nuclear_final/ctl/PLIN1/branch_model/coldbats_taxa/PLIN1.coldbats_taxa.two_ratio.ctl
PPARG	branch_model	nilssonii_terminal_two_ratio	/scratch/project_2004342/everything/paml_clean/FINAL_refseq_ftp_pipeline/11_paml_nuclear_final/results/PPARG/branch_model/nilssonii_terminal/two_ratio	/scratch/project_2004342/everything/paml_clean/FINAL_refseq_ftp_pipeline/11_paml_nuclear_final/ctl/PPARG/branch_model/nilssonii_terminal/PPARG.nilssonii_terminal.two_ratio.ctl
PPARG	branch_model	ept_stem_two_ratio	/scratch/project_2004342/everything/paml_clean/FINAL_refseq_ftp_pipeline/11_paml_nuclear_final/results/PPARG/branch_model/ept_stem/two_ratio	/scratch/project_2004342/everything/paml_clean/FINAL_refseq_ftp_pipeline/11_paml_nuclear_final/ctl/PPARG/branch_model/ept_stem/PPARG.ept_stem.two_ratio.ctl
PPARG	branch_model	ept_terminals_two_ratio	/scratch/project_2004342/everything/paml_clean/FINAL_refseq_ftp_pipeline/11_paml_nuclear_final/results/PPARG/branch_model/ept_terminals/two_ratio	/scratch/project_2004342/everything/paml_clean/FINAL_refseq_ftp_pipeline/11_paml_nuclear_final/ctl/PPARG/branch_model/ept_terminals/PPARG.ept_terminals.two_ratio.ctl
PPARG	branch_model	myotis_cold_taxa_two_ratio	/scratch/project_2004342/everything/paml_clean/FINAL_refseq_ftp_pipeline/11_paml_nuclear_final/results/PPARG/branch_model/myotis_cold_taxa/two_ratio	/scratch/project_2004342/everything/paml_clean/FINAL_refseq_ftp_pipeline/11_paml_nuclear_final/ctl/PPARG/branch_model/myotis_cold_taxa/PPARG.myotis_cold_taxa.two_ratio.ctl
PPARG	branch_model	myotis_cold_wholeclade_two_ratio	/scratch/project_2004342/everything/paml_clean/FINAL_refseq_ftp_pipeline/11_paml_nuclear_final/results/PPARG/branch_model/myotis_cold_wholeclade/two_ratio	/scratch/project_2004342/everything/paml_clean/FINAL_refseq_ftp_pipeline/11_paml_nuclear_final/ctl/PPARG/branch_model/myotis_cold_wholeclade/PPARG.myotis_cold_wholeclade.two_ratio.ctl
PPARG	branch_model	coldbats_taxa_two_ratio	/scratch/project_2004342/everything/paml_clean/FINAL_refseq_ftp_pipeline/11_paml_nuclear_final/results/PPARG/branch_model/coldbats_taxa/two_ratio	/scratch/project_2004342/everything/paml_clean/FINAL_refseq_ftp_pipeline/11_paml_nuclear_final/ctl/PPARG/branch_model/coldbats_taxa/PPARG.coldbats_taxa.two_ratio.ctl
PPARG	branch_model	vesper_wholeclade_two_ratio	/scratch/project_2004342/everything/paml_clean/FINAL_refseq_ftp_pipeline/11_paml_nuclear_final/results/PPARG/branch_model/vesper_wholeclade/two_ratio	/scratch/project_2004342/everything/paml_clean/FINAL_refseq_ftp_pipeline/11_paml_nuclear_final/ctl/PPARG/branch_model/vesper_wholeclade/PPARG.vesper_wholeclade.two_ratio.ctl
PPARGC1A	branch_model	nilssonii_terminal_two_ratio	/scratch/project_2004342/everything/paml_clean/FINAL_refseq_ftp_pipeline/11_paml_nuclear_final/results/PPARGC1A/branch_model/nilssonii_terminal/two_ratio	/scratch/project_2004342/everything/paml_clean/FINAL_refseq_ftp_pipeline/11_paml_nuclear_final/ctl/PPARGC1A/branch_model/nilssonii_terminal/PPARGC1A.nilssonii_terminal.two_ratio.ctl
PPARGC1A	branch_model	ept_stem_two_ratio	/scratch/project_2004342/everything/paml_clean/FINAL_refseq_ftp_pipeline/11_paml_nuclear_final/results/PPARGC1A/branch_model/ept_stem/two_ratio	/scratch/project_2004342/everything/paml_clean/FINAL_refseq_ftp_pipeline/11_paml_nuclear_final/ctl/PPARGC1A/branch_model/ept_stem/PPARGC1A.ept_stem.two_ratio.ctl
PPARGC1A	branch_model	ept_terminals_two_ratio	/scratch/project_2004342/everything/paml_clean/FINAL_refseq_ftp_pipeline/11_paml_nuclear_final/results/PPARGC1A/branch_model/ept_terminals/two_ratio	/scratch/project_2004342/everything/paml_clean/FINAL_refseq_ftp_pipeline/11_paml_nuclear_final/ctl/PPARGC1A/branch_model/ept_terminals/PPARGC1A.ept_terminals.two_ratio.ctl
PPARGC1A	branch_model	myotis_cold_taxa_two_ratio	/scratch/project_2004342/everything/paml_clean/FINAL_refseq_ftp_pipeline/11_paml_nuclear_final/results/PPARGC1A/branch_model/myotis_cold_taxa/two_ratio	/scratch/project_2004342/everything/paml_clean/FINAL_refseq_ftp_pipeline/11_paml_nuclear_final/ctl/PPARGC1A/branch_model/myotis_cold_taxa/PPARGC1A.myotis_cold_taxa.two_ratio.ctl
PPARGC1A	branch_model	myotis_cold_wholeclade_two_ratio	/scratch/project_2004342/everything/paml_clean/FINAL_refseq_ftp_pipeline/11_paml_nuclear_final/results/PPARGC1A/branch_model/myotis_cold_wholeclade/two_ratio	/scratch/project_2004342/everything/paml_clean/FINAL_refseq_ftp_pipeline/11_paml_nuclear_final/ctl/PPARGC1A/branch_model/myotis_cold_wholeclade/PPARGC1A.myotis_cold_wholeclade.two_ratio.ctl
PPARGC1A	branch_model	coldbats_taxa_two_ratio	/scratch/project_2004342/everything/paml_clean/FINAL_refseq_ftp_pipeline/11_paml_nuclear_final/results/PPARGC1A/branch_model/coldbats_taxa/two_ratio	/scratch/project_2004342/everything/paml_clean/FINAL_refseq_ftp_pipeline/11_paml_nuclear_final/ctl/PPARGC1A/branch_model/coldbats_taxa/PPARGC1A.coldbats_taxa.two_ratio.ctl
PPARGC1A	branch_model	vesper_wholeclade_two_ratio	/scratch/project_2004342/everything/paml_clean/FINAL_refseq_ftp_pipeline/11_paml_nuclear_final/results/PPARGC1A/branch_model/vesper_wholeclade/two_ratio	/scratch/project_2004342/everything/paml_clean/FINAL_refseq_ftp_pipeline/11_paml_nuclear_final/ctl/PPARGC1A/branch_model/vesper_wholeclade/PPARGC1A.vesper_wholeclade.two_ratio.ctl
PRDM16	branch_model	nilssonii_terminal_two_ratio	/scratch/project_2004342/everything/paml_clean/FINAL_refseq_ftp_pipeline/11_paml_nuclear_final/results/PRDM16/branch_model/nilssonii_terminal/two_ratio	/scratch/project_2004342/everything/paml_clean/FINAL_refseq_ftp_pipeline/11_paml_nuclear_final/ctl/PRDM16/branch_model/nilssonii_terminal/PRDM16.nilssonii_terminal.two_ratio.ctl
PRDM16	branch_model	ept_stem_two_ratio	/scratch/project_2004342/everything/paml_clean/FINAL_refseq_ftp_pipeline/11_paml_nuclear_final/results/PRDM16/branch_model/ept_stem/two_ratio	/scratch/project_2004342/everything/paml_clean/FINAL_refseq_ftp_pipeline/11_paml_nuclear_final/ctl/PRDM16/branch_model/ept_stem/PRDM16.ept_stem.two_ratio.ctl
PRDM16	branch_model	ept_terminals_two_ratio	/scratch/project_2004342/everything/paml_clean/FINAL_refseq_ftp_pipeline/11_paml_nuclear_final/results/PRDM16/branch_model/ept_terminals/two_ratio	/scratch/project_2004342/everything/paml_clean/FINAL_refseq_ftp_pipeline/11_paml_nuclear_final/ctl/PRDM16/branch_model/ept_terminals/PRDM16.ept_terminals.two_ratio.ctl
PRDM16	branch_model	myotis_cold_taxa_two_ratio	/scratch/project_2004342/everything/paml_clean/FINAL_refseq_ftp_pipeline/11_paml_nuclear_final/results/PRDM16/branch_model/myotis_cold_taxa/two_ratio	/scratch/project_2004342/everything/paml_clean/FINAL_refseq_ftp_pipeline/11_paml_nuclear_final/ctl/PRDM16/branch_model/myotis_cold_taxa/PRDM16.myotis_cold_taxa.two_ratio.ctl
PRDM16	branch_model	coldbats_taxa_two_ratio	/scratch/project_2004342/everything/paml_clean/FINAL_refseq_ftp_pipeline/11_paml_nuclear_final/results/PRDM16/branch_model/coldbats_taxa/two_ratio	/scratch/project_2004342/everything/paml_clean/FINAL_refseq_ftp_pipeline/11_paml_nuclear_final/ctl/PRDM16/branch_model/coldbats_taxa/PRDM16.coldbats_taxa.two_ratio.ctl
PRKAA1	branch_model	nilssonii_terminal_two_ratio	/scratch/project_2004342/everything/paml_clean/FINAL_refseq_ftp_pipeline/11_paml_nuclear_final/results/PRKAA1/branch_model/nilssonii_terminal/two_ratio	/scratch/project_2004342/everything/paml_clean/FINAL_refseq_ftp_pipeline/11_paml_nuclear_final/ctl/PRKAA1/branch_model/nilssonii_terminal/PRKAA1.nilssonii_terminal.two_ratio.ctl
PRKAA1	branch_model	ept_stem_two_ratio	/scratch/project_2004342/everything/paml_clean/FINAL_refseq_ftp_pipeline/11_paml_nuclear_final/results/PRKAA1/branch_model/ept_stem/two_ratio	/scratch/project_2004342/everything/paml_clean/FINAL_refseq_ftp_pipeline/11_paml_nuclear_final/ctl/PRKAA1/branch_model/ept_stem/PRKAA1.ept_stem.two_ratio.ctl
PRKAA1	branch_model	ept_terminals_two_ratio	/scratch/project_2004342/everything/paml_clean/FINAL_refseq_ftp_pipeline/11_paml_nuclear_final/results/PRKAA1/branch_model/ept_terminals/two_ratio	/scratch/project_2004342/everything/paml_clean/FINAL_refseq_ftp_pipeline/11_paml_nuclear_final/ctl/PRKAA1/branch_model/ept_terminals/PRKAA1.ept_terminals.two_ratio.ctl
PRKAA1	branch_model	myotis_cold_taxa_two_ratio	/scratch/project_2004342/everything/paml_clean/FINAL_refseq_ftp_pipeline/11_paml_nuclear_final/results/PRKAA1/branch_model/myotis_cold_taxa/two_ratio	/scratch/project_2004342/everything/paml_clean/FINAL_refseq_ftp_pipeline/11_paml_nuclear_final/ctl/PRKAA1/branch_model/myotis_cold_taxa/PRKAA1.myotis_cold_taxa.two_ratio.ctl
PRKAA1	branch_model	myotis_cold_wholeclade_two_ratio	/scratch/project_2004342/everything/paml_clean/FINAL_refseq_ftp_pipeline/11_paml_nuclear_final/results/PRKAA1/branch_model/myotis_cold_wholeclade/two_ratio	/scratch/project_2004342/everything/paml_clean/FINAL_refseq_ftp_pipeline/11_paml_nuclear_final/ctl/PRKAA1/branch_model/myotis_cold_wholeclade/PRKAA1.myotis_cold_wholeclade.two_ratio.ctl
PRKAA1	branch_model	coldbats_taxa_two_ratio	/scratch/project_2004342/everything/paml_clean/FINAL_refseq_ftp_pipeline/11_paml_nuclear_final/results/PRKAA1/branch_model/coldbats_taxa/two_ratio	/scratch/project_2004342/everything/paml_clean/FINAL_refseq_ftp_pipeline/11_paml_nuclear_final/ctl/PRKAA1/branch_model/coldbats_taxa/PRKAA1.coldbats_taxa.two_ratio.ctl
PRKAA1	branch_model	vesper_wholeclade_two_ratio	/scratch/project_2004342/everything/paml_clean/FINAL_refseq_ftp_pipeline/11_paml_nuclear_final/results/PRKAA1/branch_model/vesper_wholeclade/two_ratio	/scratch/project_2004342/everything/paml_clean/FINAL_refseq_ftp_pipeline/11_paml_nuclear_final/ctl/PRKAA1/branch_model/vesper_wholeclade/PRKAA1.vesper_wholeclade.two_ratio.ctl
SDHA1	branch_model	nilssonii_terminal_two_ratio	/scratch/project_2004342/everything/paml_clean/FINAL_refseq_ftp_pipeline/11_paml_nuclear_final/results/SDHA1/branch_model/nilssonii_terminal/two_ratio	/scratch/project_2004342/everything/paml_clean/FINAL_refseq_ftp_pipeline/11_paml_nuclear_final/ctl/SDHA1/branch_model/nilssonii_terminal/SDHA1.nilssonii_terminal.two_ratio.ctl
SDHA1	branch_model	ept_stem_two_ratio	/scratch/project_2004342/everything/paml_clean/FINAL_refseq_ftp_pipeline/11_paml_nuclear_final/results/SDHA1/branch_model/ept_stem/two_ratio	/scratch/project_2004342/everything/paml_clean/FINAL_refseq_ftp_pipeline/11_paml_nuclear_final/ctl/SDHA1/branch_model/ept_stem/SDHA1.ept_stem.two_ratio.ctl
SDHA1	branch_model	ept_terminals_two_ratio	/scratch/project_2004342/everything/paml_clean/FINAL_refseq_ftp_pipeline/11_paml_nuclear_final/results/SDHA1/branch_model/ept_terminals/two_ratio	/scratch/project_2004342/everything/paml_clean/FINAL_refseq_ftp_pipeline/11_paml_nuclear_final/ctl/SDHA1/branch_model/ept_terminals/SDHA1.ept_terminals.two_ratio.ctl
SDHA1	branch_model	myotis_cold_taxa_two_ratio	/scratch/project_2004342/everything/paml_clean/FINAL_refseq_ftp_pipeline/11_paml_nuclear_final/results/SDHA1/branch_model/myotis_cold_taxa/two_ratio	/scratch/project_2004342/everything/paml_clean/FINAL_refseq_ftp_pipeline/11_paml_nuclear_final/ctl/SDHA1/branch_model/myotis_cold_taxa/SDHA1.myotis_cold_taxa.two_ratio.ctl
SDHA1	branch_model	myotis_cold_wholeclade_two_ratio	/scratch/project_2004342/everything/paml_clean/FINAL_refseq_ftp_pipeline/11_paml_nuclear_final/results/SDHA1/branch_model/myotis_cold_wholeclade/two_ratio	/scratch/project_2004342/everything/paml_clean/FINAL_refseq_ftp_pipeline/11_paml_nuclear_final/ctl/SDHA1/branch_model/myotis_cold_wholeclade/SDHA1.myotis_cold_wholeclade.two_ratio.ctl
SDHA1	branch_model	coldbats_taxa_two_ratio	/scratch/project_2004342/everything/paml_clean/FINAL_refseq_ftp_pipeline/11_paml_nuclear_final/results/SDHA1/branch_model/coldbats_taxa/two_ratio	/scratch/project_2004342/everything/paml_clean/FINAL_refseq_ftp_pipeline/11_paml_nuclear_final/ctl/SDHA1/branch_model/coldbats_taxa/SDHA1.coldbats_taxa.two_ratio.ctl
SDHA1	branch_model	vesper_wholeclade_two_ratio	/scratch/project_2004342/everything/paml_clean/FINAL_refseq_ftp_pipeline/11_paml_nuclear_final/results/SDHA1/branch_model/vesper_wholeclade/two_ratio	/scratch/project_2004342/everything/paml_clean/FINAL_refseq_ftp_pipeline/11_paml_nuclear_final/ctl/SDHA1/branch_model/vesper_wholeclade/SDHA1.vesper_wholeclade.two_ratio.ctl
SDHB	branch_model	nilssonii_terminal_two_ratio	/scratch/project_2004342/everything/paml_clean/FINAL_refseq_ftp_pipeline/11_paml_nuclear_final/results/SDHB/branch_model/nilssonii_terminal/two_ratio	/scratch/project_2004342/everything/paml_clean/FINAL_refseq_ftp_pipeline/11_paml_nuclear_final/ctl/SDHB/branch_model/nilssonii_terminal/SDHB.nilssonii_terminal.two_ratio.ctl
SDHB	branch_model	ept_stem_two_ratio	/scratch/project_2004342/everything/paml_clean/FINAL_refseq_ftp_pipeline/11_paml_nuclear_final/results/SDHB/branch_model/ept_stem/two_ratio	/scratch/project_2004342/everything/paml_clean/FINAL_refseq_ftp_pipeline/11_paml_nuclear_final/ctl/SDHB/branch_model/ept_stem/SDHB.ept_stem.two_ratio.ctl
SDHB	branch_model	ept_terminals_two_ratio	/scratch/project_2004342/everything/paml_clean/FINAL_refseq_ftp_pipeline/11_paml_nuclear_final/results/SDHB/branch_model/ept_terminals/two_ratio	/scratch/project_2004342/everything/paml_clean/FINAL_refseq_ftp_pipeline/11_paml_nuclear_final/ctl/SDHB/branch_model/ept_terminals/SDHB.ept_terminals.two_ratio.ctl
SDHB	branch_model	myotis_cold_taxa_two_ratio	/scratch/project_2004342/everything/paml_clean/FINAL_refseq_ftp_pipeline/11_paml_nuclear_final/results/SDHB/branch_model/myotis_cold_taxa/two_ratio	/scratch/project_2004342/everything/paml_clean/FINAL_refseq_ftp_pipeline/11_paml_nuclear_final/ctl/SDHB/branch_model/myotis_cold_taxa/SDHB.myotis_cold_taxa.two_ratio.ctl
SDHB	branch_model	coldbats_taxa_two_ratio	/scratch/project_2004342/everything/paml_clean/FINAL_refseq_ftp_pipeline/11_paml_nuclear_final/results/SDHB/branch_model/coldbats_taxa/two_ratio	/scratch/project_2004342/everything/paml_clean/FINAL_refseq_ftp_pipeline/11_paml_nuclear_final/ctl/SDHB/branch_model/coldbats_taxa/SDHB.coldbats_taxa.two_ratio.ctl
SIRT6	branch_model	nilssonii_terminal_two_ratio	/scratch/project_2004342/everything/paml_clean/FINAL_refseq_ftp_pipeline/11_paml_nuclear_final/results/SIRT6/branch_model/nilssonii_terminal/two_ratio	/scratch/project_2004342/everything/paml_clean/FINAL_refseq_ftp_pipeline/11_paml_nuclear_final/ctl/SIRT6/branch_model/nilssonii_terminal/SIRT6.nilssonii_terminal.two_ratio.ctl
SIRT6	branch_model	ept_stem_two_ratio	/scratch/project_2004342/everything/paml_clean/FINAL_refseq_ftp_pipeline/11_paml_nuclear_final/results/SIRT6/branch_model/ept_stem/two_ratio	/scratch/project_2004342/everything/paml_clean/FINAL_refseq_ftp_pipeline/11_paml_nuclear_final/ctl/SIRT6/branch_model/ept_stem/SIRT6.ept_stem.two_ratio.ctl
SIRT6	branch_model	ept_terminals_two_ratio	/scratch/project_2004342/everything/paml_clean/FINAL_refseq_ftp_pipeline/11_paml_nuclear_final/results/SIRT6/branch_model/ept_terminals/two_ratio	/scratch/project_2004342/everything/paml_clean/FINAL_refseq_ftp_pipeline/11_paml_nuclear_final/ctl/SIRT6/branch_model/ept_terminals/SIRT6.ept_terminals.two_ratio.ctl
SIRT6	branch_model	myotis_cold_taxa_two_ratio	/scratch/project_2004342/everything/paml_clean/FINAL_refseq_ftp_pipeline/11_paml_nuclear_final/results/SIRT6/branch_model/myotis_cold_taxa/two_ratio	/scratch/project_2004342/everything/paml_clean/FINAL_refseq_ftp_pipeline/11_paml_nuclear_final/ctl/SIRT6/branch_model/myotis_cold_taxa/SIRT6.myotis_cold_taxa.two_ratio.ctl
SIRT6	branch_model	coldbats_taxa_two_ratio	/scratch/project_2004342/everything/paml_clean/FINAL_refseq_ftp_pipeline/11_paml_nuclear_final/results/SIRT6/branch_model/coldbats_taxa/two_ratio	/scratch/project_2004342/everything/paml_clean/FINAL_refseq_ftp_pipeline/11_paml_nuclear_final/ctl/SIRT6/branch_model/coldbats_taxa/SIRT6.coldbats_taxa.two_ratio.ctl
SLC25A20	branch_model	nilssonii_terminal_two_ratio	/scratch/project_2004342/everything/paml_clean/FINAL_refseq_ftp_pipeline/11_paml_nuclear_final/results/SLC25A20/branch_model/nilssonii_terminal/two_ratio	/scratch/project_2004342/everything/paml_clean/FINAL_refseq_ftp_pipeline/11_paml_nuclear_final/ctl/SLC25A20/branch_model/nilssonii_terminal/SLC25A20.nilssonii_terminal.two_ratio.ctl
SLC25A20	branch_model	ept_stem_two_ratio	/scratch/project_2004342/everything/paml_clean/FINAL_refseq_ftp_pipeline/11_paml_nuclear_final/results/SLC25A20/branch_model/ept_stem/two_ratio	/scratch/project_2004342/everything/paml_clean/FINAL_refseq_ftp_pipeline/11_paml_nuclear_final/ctl/SLC25A20/branch_model/ept_stem/SLC25A20.ept_stem.two_ratio.ctl
SLC25A20	branch_model	ept_terminals_two_ratio	/scratch/project_2004342/everything/paml_clean/FINAL_refseq_ftp_pipeline/11_paml_nuclear_final/results/SLC25A20/branch_model/ept_terminals/two_ratio	/scratch/project_2004342/everything/paml_clean/FINAL_refseq_ftp_pipeline/11_paml_nuclear_final/ctl/SLC25A20/branch_model/ept_terminals/SLC25A20.ept_terminals.two_ratio.ctl
SLC25A20	branch_model	myotis_cold_taxa_two_ratio	/scratch/project_2004342/everything/paml_clean/FINAL_refseq_ftp_pipeline/11_paml_nuclear_final/results/SLC25A20/branch_model/myotis_cold_taxa/two_ratio	/scratch/project_2004342/everything/paml_clean/FINAL_refseq_ftp_pipeline/11_paml_nuclear_final/ctl/SLC25A20/branch_model/myotis_cold_taxa/SLC25A20.myotis_cold_taxa.two_ratio.ctl
SLC25A20	branch_model	myotis_cold_wholeclade_two_ratio	/scratch/project_2004342/everything/paml_clean/FINAL_refseq_ftp_pipeline/11_paml_nuclear_final/results/SLC25A20/branch_model/myotis_cold_wholeclade/two_ratio	/scratch/project_2004342/everything/paml_clean/FINAL_refseq_ftp_pipeline/11_paml_nuclear_final/ctl/SLC25A20/branch_model/myotis_cold_wholeclade/SLC25A20.myotis_cold_wholeclade.two_ratio.ctl
SLC25A20	branch_model	coldbats_taxa_two_ratio	/scratch/project_2004342/everything/paml_clean/FINAL_refseq_ftp_pipeline/11_paml_nuclear_final/results/SLC25A20/branch_model/coldbats_taxa/two_ratio	/scratch/project_2004342/everything/paml_clean/FINAL_refseq_ftp_pipeline/11_paml_nuclear_final/ctl/SLC25A20/branch_model/coldbats_taxa/SLC25A20.coldbats_taxa.two_ratio.ctl
SLC25A20	branch_model	vesper_wholeclade_two_ratio	/scratch/project_2004342/everything/paml_clean/FINAL_refseq_ftp_pipeline/11_paml_nuclear_final/results/SLC25A20/branch_model/vesper_wholeclade/two_ratio	/scratch/project_2004342/everything/paml_clean/FINAL_refseq_ftp_pipeline/11_paml_nuclear_final/ctl/SLC25A20/branch_model/vesper_wholeclade/SLC25A20.vesper_wholeclade.two_ratio.ctl
SOS1	branch_model	nilssonii_terminal_two_ratio	/scratch/project_2004342/everything/paml_clean/FINAL_refseq_ftp_pipeline/11_paml_nuclear_final/results/SOS1/branch_model/nilssonii_terminal/two_ratio	/scratch/project_2004342/everything/paml_clean/FINAL_refseq_ftp_pipeline/11_paml_nuclear_final/ctl/SOS1/branch_model/nilssonii_terminal/SOS1.nilssonii_terminal.two_ratio.ctl
SOS1	branch_model	ept_stem_two_ratio	/scratch/project_2004342/everything/paml_clean/FINAL_refseq_ftp_pipeline/11_paml_nuclear_final/results/SOS1/branch_model/ept_stem/two_ratio	/scratch/project_2004342/everything/paml_clean/FINAL_refseq_ftp_pipeline/11_paml_nuclear_final/ctl/SOS1/branch_model/ept_stem/SOS1.ept_stem.two_ratio.ctl
SOS1	branch_model	ept_terminals_two_ratio	/scratch/project_2004342/everything/paml_clean/FINAL_refseq_ftp_pipeline/11_paml_nuclear_final/results/SOS1/branch_model/ept_terminals/two_ratio	/scratch/project_2004342/everything/paml_clean/FINAL_refseq_ftp_pipeline/11_paml_nuclear_final/ctl/SOS1/branch_model/ept_terminals/SOS1.ept_terminals.two_ratio.ctl
SOS1	branch_model	myotis_cold_taxa_two_ratio	/scratch/project_2004342/everything/paml_clean/FINAL_refseq_ftp_pipeline/11_paml_nuclear_final/results/SOS1/branch_model/myotis_cold_taxa/two_ratio	/scratch/project_2004342/everything/paml_clean/FINAL_refseq_ftp_pipeline/11_paml_nuclear_final/ctl/SOS1/branch_model/myotis_cold_taxa/SOS1.myotis_cold_taxa.two_ratio.ctl
SOS1	branch_model	myotis_cold_wholeclade_two_ratio	/scratch/project_2004342/everything/paml_clean/FINAL_refseq_ftp_pipeline/11_paml_nuclear_final/results/SOS1/branch_model/myotis_cold_wholeclade/two_ratio	/scratch/project_2004342/everything/paml_clean/FINAL_refseq_ftp_pipeline/11_paml_nuclear_final/ctl/SOS1/branch_model/myotis_cold_wholeclade/SOS1.myotis_cold_wholeclade.two_ratio.ctl
SOS1	branch_model	coldbats_taxa_two_ratio	/scratch/project_2004342/everything/paml_clean/FINAL_refseq_ftp_pipeline/11_paml_nuclear_final/results/SOS1/branch_model/coldbats_taxa/two_ratio	/scratch/project_2004342/everything/paml_clean/FINAL_refseq_ftp_pipeline/11_paml_nuclear_final/ctl/SOS1/branch_model/coldbats_taxa/SOS1.coldbats_taxa.two_ratio.ctl
SOS1	branch_model	vesper_wholeclade_two_ratio	/scratch/project_2004342/everything/paml_clean/FINAL_refseq_ftp_pipeline/11_paml_nuclear_final/results/SOS1/branch_model/vesper_wholeclade/two_ratio	/scratch/project_2004342/everything/paml_clean/FINAL_refseq_ftp_pipeline/11_paml_nuclear_final/ctl/SOS1/branch_model/vesper_wholeclade/SOS1.vesper_wholeclade.two_ratio.ctl
SOS2	branch_model	nilssonii_terminal_two_ratio	/scratch/project_2004342/everything/paml_clean/FINAL_refseq_ftp_pipeline/11_paml_nuclear_final/results/SOS2/branch_model/nilssonii_terminal/two_ratio	/scratch/project_2004342/everything/paml_clean/FINAL_refseq_ftp_pipeline/11_paml_nuclear_final/ctl/SOS2/branch_model/nilssonii_terminal/SOS2.nilssonii_terminal.two_ratio.ctl
SOS2	branch_model	ept_stem_two_ratio	/scratch/project_2004342/everything/paml_clean/FINAL_refseq_ftp_pipeline/11_paml_nuclear_final/results/SOS2/branch_model/ept_stem/two_ratio	/scratch/project_2004342/everything/paml_clean/FINAL_refseq_ftp_pipeline/11_paml_nuclear_final/ctl/SOS2/branch_model/ept_stem/SOS2.ept_stem.two_ratio.ctl
SOS2	branch_model	ept_terminals_two_ratio	/scratch/project_2004342/everything/paml_clean/FINAL_refseq_ftp_pipeline/11_paml_nuclear_final/results/SOS2/branch_model/ept_terminals/two_ratio	/scratch/project_2004342/everything/paml_clean/FINAL_refseq_ftp_pipeline/11_paml_nuclear_final/ctl/SOS2/branch_model/ept_terminals/SOS2.ept_terminals.two_ratio.ctl
SOS2	branch_model	myotis_cold_taxa_two_ratio	/scratch/project_2004342/everything/paml_clean/FINAL_refseq_ftp_pipeline/11_paml_nuclear_final/results/SOS2/branch_model/myotis_cold_taxa/two_ratio	/scratch/project_2004342/everything/paml_clean/FINAL_refseq_ftp_pipeline/11_paml_nuclear_final/ctl/SOS2/branch_model/myotis_cold_taxa/SOS2.myotis_cold_taxa.two_ratio.ctl
SOS2	branch_model	coldbats_taxa_two_ratio	/scratch/project_2004342/everything/paml_clean/FINAL_refseq_ftp_pipeline/11_paml_nuclear_final/results/SOS2/branch_model/coldbats_taxa/two_ratio	/scratch/project_2004342/everything/paml_clean/FINAL_refseq_ftp_pipeline/11_paml_nuclear_final/ctl/SOS2/branch_model/coldbats_taxa/SOS2.coldbats_taxa.two_ratio.ctl
UCP1	branch_model	nilssonii_terminal_two_ratio	/scratch/project_2004342/everything/paml_clean/FINAL_refseq_ftp_pipeline/11_paml_nuclear_final/results/UCP1/branch_model/nilssonii_terminal/two_ratio	/scratch/project_2004342/everything/paml_clean/FINAL_refseq_ftp_pipeline/11_paml_nuclear_final/ctl/UCP1/branch_model/nilssonii_terminal/UCP1.nilssonii_terminal.two_ratio.ctl
UCP1	branch_model	ept_stem_two_ratio	/scratch/project_2004342/everything/paml_clean/FINAL_refseq_ftp_pipeline/11_paml_nuclear_final/results/UCP1/branch_model/ept_stem/two_ratio	/scratch/project_2004342/everything/paml_clean/FINAL_refseq_ftp_pipeline/11_paml_nuclear_final/ctl/UCP1/branch_model/ept_stem/UCP1.ept_stem.two_ratio.ctl
UCP1	branch_model	ept_terminals_two_ratio	/scratch/project_2004342/everything/paml_clean/FINAL_refseq_ftp_pipeline/11_paml_nuclear_final/results/UCP1/branch_model/ept_terminals/two_ratio	/scratch/project_2004342/everything/paml_clean/FINAL_refseq_ftp_pipeline/11_paml_nuclear_final/ctl/UCP1/branch_model/ept_terminals/UCP1.ept_terminals.two_ratio.ctl
UCP1	branch_model	myotis_cold_taxa_two_ratio	/scratch/project_2004342/everything/paml_clean/FINAL_refseq_ftp_pipeline/11_paml_nuclear_final/results/UCP1/branch_model/myotis_cold_taxa/two_ratio	/scratch/project_2004342/everything/paml_clean/FINAL_refseq_ftp_pipeline/11_paml_nuclear_final/ctl/UCP1/branch_model/myotis_cold_taxa/UCP1.myotis_cold_taxa.two_ratio.ctl
UCP1	branch_model	myotis_cold_wholeclade_two_ratio	/scratch/project_2004342/everything/paml_clean/FINAL_refseq_ftp_pipeline/11_paml_nuclear_final/results/UCP1/branch_model/myotis_cold_wholeclade/two_ratio	/scratch/project_2004342/everything/paml_clean/FINAL_refseq_ftp_pipeline/11_paml_nuclear_final/ctl/UCP1/branch_model/myotis_cold_wholeclade/UCP1.myotis_cold_wholeclade.two_ratio.ctl
UCP1	branch_model	coldbats_taxa_two_ratio	/scratch/project_2004342/everything/paml_clean/FINAL_refseq_ftp_pipeline/11_paml_nuclear_final/results/UCP1/branch_model/coldbats_taxa/two_ratio	/scratch/project_2004342/everything/paml_clean/FINAL_refseq_ftp_pipeline/11_paml_nuclear_final/ctl/UCP1/branch_model/coldbats_taxa/UCP1.coldbats_taxa.two_ratio.ctl
UCP1	branch_model	vesper_wholeclade_two_ratio	/scratch/project_2004342/everything/paml_clean/FINAL_refseq_ftp_pipeline/11_paml_nuclear_final/results/UCP1/branch_model/vesper_wholeclade/two_ratio	/scratch/project_2004342/everything/paml_clean/FINAL_refseq_ftp_pipeline/11_paml_nuclear_final/ctl/UCP1/branch_model/vesper_wholeclade/UCP1.vesper_wholeclade.two_ratio.ctl
UQCRB	branch_model	nilssonii_terminal_two_ratio	/scratch/project_2004342/everything/paml_clean/FINAL_refseq_ftp_pipeline/11_paml_nuclear_final/results/UQCRB/branch_model/nilssonii_terminal/two_ratio	/scratch/project_2004342/everything/paml_clean/FINAL_refseq_ftp_pipeline/11_paml_nuclear_final/ctl/UQCRB/branch_model/nilssonii_terminal/UQCRB.nilssonii_terminal.two_ratio.ctl
UQCRB	branch_model	ept_stem_two_ratio	/scratch/project_2004342/everything/paml_clean/FINAL_refseq_ftp_pipeline/11_paml_nuclear_final/results/UQCRB/branch_model/ept_stem/two_ratio	/scratch/project_2004342/everything/paml_clean/FINAL_refseq_ftp_pipeline/11_paml_nuclear_final/ctl/UQCRB/branch_model/ept_stem/UQCRB.ept_stem.two_ratio.ctl
UQCRB	branch_model	ept_terminals_two_ratio	/scratch/project_2004342/everything/paml_clean/FINAL_refseq_ftp_pipeline/11_paml_nuclear_final/results/UQCRB/branch_model/ept_terminals/two_ratio	/scratch/project_2004342/everything/paml_clean/FINAL_refseq_ftp_pipeline/11_paml_nuclear_final/ctl/UQCRB/branch_model/ept_terminals/UQCRB.ept_terminals.two_ratio.ctl
UQCRB	branch_model	myotis_cold_taxa_two_ratio	/scratch/project_2004342/everything/paml_clean/FINAL_refseq_ftp_pipeline/11_paml_nuclear_final/results/UQCRB/branch_model/myotis_cold_taxa/two_ratio	/scratch/project_2004342/everything/paml_clean/FINAL_refseq_ftp_pipeline/11_paml_nuclear_final/ctl/UQCRB/branch_model/myotis_cold_taxa/UQCRB.myotis_cold_taxa.two_ratio.ctl
UQCRB	branch_model	myotis_cold_wholeclade_two_ratio	/scratch/project_2004342/everything/paml_clean/FINAL_refseq_ftp_pipeline/11_paml_nuclear_final/results/UQCRB/branch_model/myotis_cold_wholeclade/two_ratio	/scratch/project_2004342/everything/paml_clean/FINAL_refseq_ftp_pipeline/11_paml_nuclear_final/ctl/UQCRB/branch_model/myotis_cold_wholeclade/UQCRB.myotis_cold_wholeclade.two_ratio.ctl
UQCRB	branch_model	coldbats_taxa_two_ratio	/scratch/project_2004342/everything/paml_clean/FINAL_refseq_ftp_pipeline/11_paml_nuclear_final/results/UQCRB/branch_model/coldbats_taxa/two_ratio	/scratch/project_2004342/everything/paml_clean/FINAL_refseq_ftp_pipeline/11_paml_nuclear_final/ctl/UQCRB/branch_model/coldbats_taxa/UQCRB.coldbats_taxa.two_ratio.ctl
UQCRB	branch_model	vesper_wholeclade_two_ratio	/scratch/project_2004342/everything/paml_clean/FINAL_refseq_ftp_pipeline/11_paml_nuclear_final/results/UQCRB/branch_model/vesper_wholeclade/two_ratio	/scratch/project_2004342/everything/paml_clean/FINAL_refseq_ftp_pipeline/11_paml_nuclear_final/ctl/UQCRB/branch_model/vesper_wholeclade/UQCRB.vesper_wholeclade.two_ratio.ctl
