ACSL1	site	M0	/scratch/project_2004342/everything/paml_clean/FINAL_refseq_ftp_pipeline/11_paml_nuclear_final/results/ACSL1/site_models/M0	/scratch/project_2004342/everything/paml_clean/FINAL_refseq_ftp_pipeline/11_paml_nuclear_final/ctl/ACSL1/site_models/ACSL1.M0.ctl
ACSL1	site	M1a	/scratch/project_2004342/everything/paml_clean/FINAL_refseq_ftp_pipeline/11_paml_nuclear_final/results/ACSL1/site_models/M1a	/scratch/project_2004342/everything/paml_clean/FINAL_refseq_ftp_pipeline/11_paml_nuclear_final/ctl/ACSL1/site_models/ACSL1.M1a.ctl
ACSL1	site	M2a	/scratch/project_2004342/everything/paml_clean/FINAL_refseq_ftp_pipeline/11_paml_nuclear_final/results/ACSL1/site_models/M2a	/scratch/project_2004342/everything/paml_clean/FINAL_refseq_ftp_pipeline/11_paml_nuclear_final/ctl/ACSL1/site_models/ACSL1.M2a.ctl
ACSL1	site	M7	/scratch/project_2004342/everything/paml_clean/FINAL_refseq_ftp_pipeline/11_paml_nuclear_final/results/ACSL1/site_models/M7	/scratch/project_2004342/everything/paml_clean/FINAL_refseq_ftp_pipeline/11_paml_nuclear_final/ctl/ACSL1/site_models/ACSL1.M7.ctl
ACSL1	site	M8	/scratch/project_2004342/everything/paml_clean/FINAL_refseq_ftp_pipeline/11_paml_nuclear_final/results/ACSL1/site_models/M8	/scratch/project_2004342/everything/paml_clean/FINAL_refseq_ftp_pipeline/11_paml_nuclear_final/ctl/ACSL1/site_models/ACSL1.M8.ctl
ACSL1	site	M8a	/scratch/project_2004342/everything/paml_clean/FINAL_refseq_ftp_pipeline/11_paml_nuclear_final/results/ACSL1/site_models/M8a	/scratch/project_2004342/everything/paml_clean/FINAL_refseq_ftp_pipeline/11_paml_nuclear_final/ctl/ACSL1/site_models/ACSL1.M8a.ctl
ADCY3	site	M0	/scratch/project_2004342/everything/paml_clean/FINAL_refseq_ftp_pipeline/11_paml_nuclear_final/results/ADCY3/site_models/M0	/scratch/project_2004342/everything/paml_clean/FINAL_refseq_ftp_pipeline/11_paml_nuclear_final/ctl/ADCY3/site_models/ADCY3.M0.ctl
ADCY3	site	M1a	/scratch/project_2004342/everything/paml_clean/FINAL_refseq_ftp_pipeline/11_paml_nuclear_final/results/ADCY3/site_models/M1a	/scratch/project_2004342/everything/paml_clean/FINAL_refseq_ftp_pipeline/11_paml_nuclear_final/ctl/ADCY3/site_models/ADCY3.M1a.ctl
ADCY3	site	M2a	/scratch/project_2004342/everything/paml_clean/FINAL_refseq_ftp_pipeline/11_paml_nuclear_final/results/ADCY3/site_models/M2a	/scratch/project_2004342/everything/paml_clean/FINAL_refseq_ftp_pipeline/11_paml_nuclear_final/ctl/ADCY3/site_models/ADCY3.M2a.ctl
ADCY3	site	M7	/scratch/project_2004342/everything/paml_clean/FINAL_refseq_ftp_pipeline/11_paml_nuclear_final/results/ADCY3/site_models/M7	/scratch/project_2004342/everything/paml_clean/FINAL_refseq_ftp_pipeline/11_paml_nuclear_final/ctl/ADCY3/site_models/ADCY3.M7.ctl
ADCY3	site	M8	/scratch/project_2004342/everything/paml_clean/FINAL_refseq_ftp_pipeline/11_paml_nuclear_final/results/ADCY3/site_models/M8	/scratch/project_2004342/everything/paml_clean/FINAL_refseq_ftp_pipeline/11_paml_nuclear_final/ctl/ADCY3/site_models/ADCY3.M8.ctl
ADCY3	site	M8a	/scratch/project_2004342/everything/paml_clean/FINAL_refseq_ftp_pipeline/11_paml_nuclear_final/results/ADCY3/site_models/M8a	/scratch/project_2004342/everything/paml_clean/FINAL_refseq_ftp_pipeline/11_paml_nuclear_final/ctl/ADCY3/site_models/ADCY3.M8a.ctl
ADCY7	site	M0	/scratch/project_2004342/everything/paml_clean/FINAL_refseq_ftp_pipeline/11_paml_nuclear_final/results/ADCY7/site_models/M0	/scratch/project_2004342/everything/paml_clean/FINAL_refseq_ftp_pipeline/11_paml_nuclear_final/ctl/ADCY7/site_models/ADCY7.M0.ctl
ADCY7	site	M1a	/scratch/project_2004342/everything/paml_clean/FINAL_refseq_ftp_pipeline/11_paml_nuclear_final/results/ADCY7/site_models/M1a	/scratch/project_2004342/everything/paml_clean/FINAL_refseq_ftp_pipeline/11_paml_nuclear_final/ctl/ADCY7/site_models/ADCY7.M1a.ctl
ADCY7	site	M2a	/scratch/project_2004342/everything/paml_clean/FINAL_refseq_ftp_pipeline/11_paml_nuclear_final/results/ADCY7/site_models/M2a	/scratch/project_2004342/everything/paml_clean/FINAL_refseq_ftp_pipeline/11_paml_nuclear_final/ctl/ADCY7/site_models/ADCY7.M2a.ctl
ADCY7	site	M7	/scratch/project_2004342/everything/paml_clean/FINAL_refseq_ftp_pipeline/11_paml_nuclear_final/results/ADCY7/site_models/M7	/scratch/project_2004342/everything/paml_clean/FINAL_refseq_ftp_pipeline/11_paml_nuclear_final/ctl/ADCY7/site_models/ADCY7.M7.ctl
ADCY7	site	M8	/scratch/project_2004342/everything/paml_clean/FINAL_refseq_ftp_pipeline/11_paml_nuclear_final/results/ADCY7/site_models/M8	/scratch/project_2004342/everything/paml_clean/FINAL_refseq_ftp_pipeline/11_paml_nuclear_final/ctl/ADCY7/site_models/ADCY7.M8.ctl
ADCY7	site	M8a	/scratch/project_2004342/everything/paml_clean/FINAL_refseq_ftp_pipeline/11_paml_nuclear_final/results/ADCY7/site_models/M8a	/scratch/project_2004342/everything/paml_clean/FINAL_refseq_ftp_pipeline/11_paml_nuclear_final/ctl/ADCY7/site_models/ADCY7.M8a.ctl
ADCY8	site	M0	/scratch/project_2004342/everything/paml_clean/FINAL_refseq_ftp_pipeline/11_paml_nuclear_final/results/ADCY8/site_models/M0	/scratch/project_2004342/everything/paml_clean/FINAL_refseq_ftp_pipeline/11_paml_nuclear_final/ctl/ADCY8/site_models/ADCY8.M0.ctl
ADCY8	site	M1a	/scratch/project_2004342/everything/paml_clean/FINAL_refseq_ftp_pipeline/11_paml_nuclear_final/results/ADCY8/site_models/M1a	/scratch/project_2004342/everything/paml_clean/FINAL_refseq_ftp_pipeline/11_paml_nuclear_final/ctl/ADCY8/site_models/ADCY8.M1a.ctl
ADCY8	site	M2a	/scratch/project_2004342/everything/paml_clean/FINAL_refseq_ftp_pipeline/11_paml_nuclear_final/results/ADCY8/site_models/M2a	/scratch/project_2004342/everything/paml_clean/FINAL_refseq_ftp_pipeline/11_paml_nuclear_final/ctl/ADCY8/site_models/ADCY8.M2a.ctl
ADCY8	site	M7	/scratch/project_2004342/everything/paml_clean/FINAL_refseq_ftp_pipeline/11_paml_nuclear_final/results/ADCY8/site_models/M7	/scratch/project_2004342/everything/paml_clean/FINAL_refseq_ftp_pipeline/11_paml_nuclear_final/ctl/ADCY8/site_models/ADCY8.M7.ctl
ADCY8	site	M8	/scratch/project_2004342/everything/paml_clean/FINAL_refseq_ftp_pipeline/11_paml_nuclear_final/results/ADCY8/site_models/M8	/scratch/project_2004342/everything/paml_clean/FINAL_refseq_ftp_pipeline/11_paml_nuclear_final/ctl/ADCY8/site_models/ADCY8.M8.ctl
ADCY8	site	M8a	/scratch/project_2004342/everything/paml_clean/FINAL_refseq_ftp_pipeline/11_paml_nuclear_final/results/ADCY8/site_models/M8a	/scratch/project_2004342/everything/paml_clean/FINAL_refseq_ftp_pipeline/11_paml_nuclear_final/ctl/ADCY8/site_models/ADCY8.M8a.ctl
ATP5F1A	site	M0	/scratch/project_2004342/everything/paml_clean/FINAL_refseq_ftp_pipeline/11_paml_nuclear_final/results/ATP5F1A/site_models/M0	/scratch/project_2004342/everything/paml_clean/FINAL_refseq_ftp_pipeline/11_paml_nuclear_final/ctl/ATP5F1A/site_models/ATP5F1A.M0.ctl
ATP5F1A	site	M1a	/scratch/project_2004342/everything/paml_clean/FINAL_refseq_ftp_pipeline/11_paml_nuclear_final/results/ATP5F1A/site_models/M1a	/scratch/project_2004342/everything/paml_clean/FINAL_refseq_ftp_pipeline/11_paml_nuclear_final/ctl/ATP5F1A/site_models/ATP5F1A.M1a.ctl
ATP5F1A	site	M2a	/scratch/project_2004342/everything/paml_clean/FINAL_refseq_ftp_pipeline/11_paml_nuclear_final/results/ATP5F1A/site_models/M2a	/scratch/project_2004342/everything/paml_clean/FINAL_refseq_ftp_pipeline/11_paml_nuclear_final/ctl/ATP5F1A/site_models/ATP5F1A.M2a.ctl
ATP5F1A	site	M7	/scratch/project_2004342/everything/paml_clean/FINAL_refseq_ftp_pipeline/11_paml_nuclear_final/results/ATP5F1A/site_models/M7	/scratch/project_2004342/everything/paml_clean/FINAL_refseq_ftp_pipeline/11_paml_nuclear_final/ctl/ATP5F1A/site_models/ATP5F1A.M7.ctl
ATP5F1A	site	M8	/scratch/project_2004342/everything/paml_clean/FINAL_refseq_ftp_pipeline/11_paml_nuclear_final/results/ATP5F1A/site_models/M8	/scratch/project_2004342/everything/paml_clean/FINAL_refseq_ftp_pipeline/11_paml_nuclear_final/ctl/ATP5F1A/site_models/ATP5F1A.M8.ctl
ATP5F1A	site	M8a	/scratch/project_2004342/everything/paml_clean/FINAL_refseq_ftp_pipeline/11_paml_nuclear_final/results/ATP5F1A/site_models/M8a	/scratch/project_2004342/everything/paml_clean/FINAL_refseq_ftp_pipeline/11_paml_nuclear_final/ctl/ATP5F1A/site_models/ATP5F1A.M8a.ctl
ATP5F1B	site	M0	/scratch/project_2004342/everything/paml_clean/FINAL_refseq_ftp_pipeline/11_paml_nuclear_final/results/ATP5F1B/site_models/M0	/scratch/project_2004342/everything/paml_clean/FINAL_refseq_ftp_pipeline/11_paml_nuclear_final/ctl/ATP5F1B/site_models/ATP5F1B.M0.ctl
ATP5F1B	site	M1a	/scratch/project_2004342/everything/paml_clean/FINAL_refseq_ftp_pipeline/11_paml_nuclear_final/results/ATP5F1B/site_models/M1a	/scratch/project_2004342/everything/paml_clean/FINAL_refseq_ftp_pipeline/11_paml_nuclear_final/ctl/ATP5F1B/site_models/ATP5F1B.M1a.ctl
ATP5F1B	site	M2a	/scratch/project_2004342/everything/paml_clean/FINAL_refseq_ftp_pipeline/11_paml_nuclear_final/results/ATP5F1B/site_models/M2a	/scratch/project_2004342/everything/paml_clean/FINAL_refseq_ftp_pipeline/11_paml_nuclear_final/ctl/ATP5F1B/site_models/ATP5F1B.M2a.ctl
ATP5F1B	site	M7	/scratch/project_2004342/everything/paml_clean/FINAL_refseq_ftp_pipeline/11_paml_nuclear_final/results/ATP5F1B/site_models/M7	/scratch/project_2004342/everything/paml_clean/FINAL_refseq_ftp_pipeline/11_paml_nuclear_final/ctl/ATP5F1B/site_models/ATP5F1B.M7.ctl
ATP5F1B	site	M8	/scratch/project_2004342/everything/paml_clean/FINAL_refseq_ftp_pipeline/11_paml_nuclear_final/results/ATP5F1B/site_models/M8	/scratch/project_2004342/everything/paml_clean/FINAL_refseq_ftp_pipeline/11_paml_nuclear_final/ctl/ATP5F1B/site_models/ATP5F1B.M8.ctl
ATP5F1B	site	M8a	/scratch/project_2004342/everything/paml_clean/FINAL_refseq_ftp_pipeline/11_paml_nuclear_final/results/ATP5F1B/site_models/M8a	/scratch/project_2004342/everything/paml_clean/FINAL_refseq_ftp_pipeline/11_paml_nuclear_final/ctl/ATP5F1B/site_models/ATP5F1B.M8a.ctl
ATP5MC1	site	M0	/scratch/project_2004342/everything/paml_clean/FINAL_refseq_ftp_pipeline/11_paml_nuclear_final/results/ATP5MC1/site_models/M0	/scratch/project_2004342/everything/paml_clean/FINAL_refseq_ftp_pipeline/11_paml_nuclear_final/ctl/ATP5MC1/site_models/ATP5MC1.M0.ctl
ATP5MC1	site	M1a	/scratch/project_2004342/everything/paml_clean/FINAL_refseq_ftp_pipeline/11_paml_nuclear_final/results/ATP5MC1/site_models/M1a	/scratch/project_2004342/everything/paml_clean/FINAL_refseq_ftp_pipeline/11_paml_nuclear_final/ctl/ATP5MC1/site_models/ATP5MC1.M1a.ctl
ATP5MC1	site	M2a	/scratch/project_2004342/everything/paml_clean/FINAL_refseq_ftp_pipeline/11_paml_nuclear_final/results/ATP5MC1/site_models/M2a	/scratch/project_2004342/everything/paml_clean/FINAL_refseq_ftp_pipeline/11_paml_nuclear_final/ctl/ATP5MC1/site_models/ATP5MC1.M2a.ctl
ATP5MC1	site	M7	/scratch/project_2004342/everything/paml_clean/FINAL_refseq_ftp_pipeline/11_paml_nuclear_final/results/ATP5MC1/site_models/M7	/scratch/project_2004342/everything/paml_clean/FINAL_refseq_ftp_pipeline/11_paml_nuclear_final/ctl/ATP5MC1/site_models/ATP5MC1.M7.ctl
ATP5MC1	site	M8	/scratch/project_2004342/everything/paml_clean/FINAL_refseq_ftp_pipeline/11_paml_nuclear_final/results/ATP5MC1/site_models/M8	/scratch/project_2004342/everything/paml_clean/FINAL_refseq_ftp_pipeline/11_paml_nuclear_final/ctl/ATP5MC1/site_models/ATP5MC1.M8.ctl
ATP5MC1	site	M8a	/scratch/project_2004342/everything/paml_clean/FINAL_refseq_ftp_pipeline/11_paml_nuclear_final/results/ATP5MC1/site_models/M8a	/scratch/project_2004342/everything/paml_clean/FINAL_refseq_ftp_pipeline/11_paml_nuclear_final/ctl/ATP5MC1/site_models/ATP5MC1.M8a.ctl
COX4I1	site	M0	/scratch/project_2004342/everything/paml_clean/FINAL_refseq_ftp_pipeline/11_paml_nuclear_final/results/COX4I1/site_models/M0	/scratch/project_2004342/everything/paml_clean/FINAL_refseq_ftp_pipeline/11_paml_nuclear_final/ctl/COX4I1/site_models/COX4I1.M0.ctl
COX4I1	site	M1a	/scratch/project_2004342/everything/paml_clean/FINAL_refseq_ftp_pipeline/11_paml_nuclear_final/results/COX4I1/site_models/M1a	/scratch/project_2004342/everything/paml_clean/FINAL_refseq_ftp_pipeline/11_paml_nuclear_final/ctl/COX4I1/site_models/COX4I1.M1a.ctl
COX4I1	site	M2a	/scratch/project_2004342/everything/paml_clean/FINAL_refseq_ftp_pipeline/11_paml_nuclear_final/results/COX4I1/site_models/M2a	/scratch/project_2004342/everything/paml_clean/FINAL_refseq_ftp_pipeline/11_paml_nuclear_final/ctl/COX4I1/site_models/COX4I1.M2a.ctl
COX4I1	site	M7	/scratch/project_2004342/everything/paml_clean/FINAL_refseq_ftp_pipeline/11_paml_nuclear_final/results/COX4I1/site_models/M7	/scratch/project_2004342/everything/paml_clean/FINAL_refseq_ftp_pipeline/11_paml_nuclear_final/ctl/COX4I1/site_models/COX4I1.M7.ctl
COX4I1	site	M8	/scratch/project_2004342/everything/paml_clean/FINAL_refseq_ftp_pipeline/11_paml_nuclear_final/results/COX4I1/site_models/M8	/scratch/project_2004342/everything/paml_clean/FINAL_refseq_ftp_pipeline/11_paml_nuclear_final/ctl/COX4I1/site_models/COX4I1.M8.ctl
COX4I1	site	M8a	/scratch/project_2004342/everything/paml_clean/FINAL_refseq_ftp_pipeline/11_paml_nuclear_final/results/COX4I1/site_models/M8a	/scratch/project_2004342/everything/paml_clean/FINAL_refseq_ftp_pipeline/11_paml_nuclear_final/ctl/COX4I1/site_models/COX4I1.M8a.ctl
COX7A1	site	M0	/scratch/project_2004342/everything/paml_clean/FINAL_refseq_ftp_pipeline/11_paml_nuclear_final/results/COX7A1/site_models/M0	/scratch/project_2004342/everything/paml_clean/FINAL_refseq_ftp_pipeline/11_paml_nuclear_final/ctl/COX7A1/site_models/COX7A1.M0.ctl
COX7A1	site	M1a	/scratch/project_2004342/everything/paml_clean/FINAL_refseq_ftp_pipeline/11_paml_nuclear_final/results/COX7A1/site_models/M1a	/scratch/project_2004342/everything/paml_clean/FINAL_refseq_ftp_pipeline/11_paml_nuclear_final/ctl/COX7A1/site_models/COX7A1.M1a.ctl
COX7A1	site	M2a	/scratch/project_2004342/everything/paml_clean/FINAL_refseq_ftp_pipeline/11_paml_nuclear_final/results/COX7A1/site_models/M2a	/scratch/project_2004342/everything/paml_clean/FINAL_refseq_ftp_pipeline/11_paml_nuclear_final/ctl/COX7A1/site_models/COX7A1.M2a.ctl
COX7A1	site	M7	/scratch/project_2004342/everything/paml_clean/FINAL_refseq_ftp_pipeline/11_paml_nuclear_final/results/COX7A1/site_models/M7	/scratch/project_2004342/everything/paml_clean/FINAL_refseq_ftp_pipeline/11_paml_nuclear_final/ctl/COX7A1/site_models/COX7A1.M7.ctl
COX7A1	site	M8	/scratch/project_2004342/everything/paml_clean/FINAL_refseq_ftp_pipeline/11_paml_nuclear_final/results/COX7A1/site_models/M8	/scratch/project_2004342/everything/paml_clean/FINAL_refseq_ftp_pipeline/11_paml_nuclear_final/ctl/COX7A1/site_models/COX7A1.M8.ctl
COX7A1	site	M8a	/scratch/project_2004342/everything/paml_clean/FINAL_refseq_ftp_pipeline/11_paml_nuclear_final/results/COX7A1/site_models/M8a	/scratch/project_2004342/everything/paml_clean/FINAL_refseq_ftp_pipeline/11_paml_nuclear_final/ctl/COX7A1/site_models/COX7A1.M8a.ctl
CPT1A	site	M0	/scratch/project_2004342/everything/paml_clean/FINAL_refseq_ftp_pipeline/11_paml_nuclear_final/results/CPT1A/site_models/M0	/scratch/project_2004342/everything/paml_clean/FINAL_refseq_ftp_pipeline/11_paml_nuclear_final/ctl/CPT1A/site_models/CPT1A.M0.ctl
CPT1A	site	M1a	/scratch/project_2004342/everything/paml_clean/FINAL_refseq_ftp_pipeline/11_paml_nuclear_final/results/CPT1A/site_models/M1a	/scratch/project_2004342/everything/paml_clean/FINAL_refseq_ftp_pipeline/11_paml_nuclear_final/ctl/CPT1A/site_models/CPT1A.M1a.ctl
CPT1A	site	M2a	/scratch/project_2004342/everything/paml_clean/FINAL_refseq_ftp_pipeline/11_paml_nuclear_final/results/CPT1A/site_models/M2a	/scratch/project_2004342/everything/paml_clean/FINAL_refseq_ftp_pipeline/11_paml_nuclear_final/ctl/CPT1A/site_models/CPT1A.M2a.ctl
CPT1A	site	M7	/scratch/project_2004342/everything/paml_clean/FINAL_refseq_ftp_pipeline/11_paml_nuclear_final/results/CPT1A/site_models/M7	/scratch/project_2004342/everything/paml_clean/FINAL_refseq_ftp_pipeline/11_paml_nuclear_final/ctl/CPT1A/site_models/CPT1A.M7.ctl
CPT1A	site	M8	/scratch/project_2004342/everything/paml_clean/FINAL_refseq_ftp_pipeline/11_paml_nuclear_final/results/CPT1A/site_models/M8	/scratch/project_2004342/everything/paml_clean/FINAL_refseq_ftp_pipeline/11_paml_nuclear_final/ctl/CPT1A/site_models/CPT1A.M8.ctl
CPT1A	site	M8a	/scratch/project_2004342/everything/paml_clean/FINAL_refseq_ftp_pipeline/11_paml_nuclear_final/results/CPT1A/site_models/M8a	/scratch/project_2004342/everything/paml_clean/FINAL_refseq_ftp_pipeline/11_paml_nuclear_final/ctl/CPT1A/site_models/CPT1A.M8a.ctl
CPT1B	site	M0	/scratch/project_2004342/everything/paml_clean/FINAL_refseq_ftp_pipeline/11_paml_nuclear_final/results/CPT1B/site_models/M0	/scratch/project_2004342/everything/paml_clean/FINAL_refseq_ftp_pipeline/11_paml_nuclear_final/ctl/CPT1B/site_models/CPT1B.M0.ctl
CPT1B	site	M1a	/scratch/project_2004342/everything/paml_clean/FINAL_refseq_ftp_pipeline/11_paml_nuclear_final/results/CPT1B/site_models/M1a	/scratch/project_2004342/everything/paml_clean/FINAL_refseq_ftp_pipeline/11_paml_nuclear_final/ctl/CPT1B/site_models/CPT1B.M1a.ctl
CPT1B	site	M2a	/scratch/project_2004342/everything/paml_clean/FINAL_refseq_ftp_pipeline/11_paml_nuclear_final/results/CPT1B/site_models/M2a	/scratch/project_2004342/everything/paml_clean/FINAL_refseq_ftp_pipeline/11_paml_nuclear_final/ctl/CPT1B/site_models/CPT1B.M2a.ctl
CPT1B	site	M7	/scratch/project_2004342/everything/paml_clean/FINAL_refseq_ftp_pipeline/11_paml_nuclear_final/results/CPT1B/site_models/M7	/scratch/project_2004342/everything/paml_clean/FINAL_refseq_ftp_pipeline/11_paml_nuclear_final/ctl/CPT1B/site_models/CPT1B.M7.ctl
CPT1B	site	M8	/scratch/project_2004342/everything/paml_clean/FINAL_refseq_ftp_pipeline/11_paml_nuclear_final/results/CPT1B/site_models/M8	/scratch/project_2004342/everything/paml_clean/FINAL_refseq_ftp_pipeline/11_paml_nuclear_final/ctl/CPT1B/site_models/CPT1B.M8.ctl
CPT1B	site	M8a	/scratch/project_2004342/everything/paml_clean/FINAL_refseq_ftp_pipeline/11_paml_nuclear_final/results/CPT1B/site_models/M8a	/scratch/project_2004342/everything/paml_clean/FINAL_refseq_ftp_pipeline/11_paml_nuclear_final/ctl/CPT1B/site_models/CPT1B.M8a.ctl
CPT2	site	M0	/scratch/project_2004342/everything/paml_clean/FINAL_refseq_ftp_pipeline/11_paml_nuclear_final/results/CPT2/site_models/M0	/scratch/project_2004342/everything/paml_clean/FINAL_refseq_ftp_pipeline/11_paml_nuclear_final/ctl/CPT2/site_models/CPT2.M0.ctl
CPT2	site	M1a	/scratch/project_2004342/everything/paml_clean/FINAL_refseq_ftp_pipeline/11_paml_nuclear_final/results/CPT2/site_models/M1a	/scratch/project_2004342/everything/paml_clean/FINAL_refseq_ftp_pipeline/11_paml_nuclear_final/ctl/CPT2/site_models/CPT2.M1a.ctl
CPT2	site	M2a	/scratch/project_2004342/everything/paml_clean/FINAL_refseq_ftp_pipeline/11_paml_nuclear_final/results/CPT2/site_models/M2a	/scratch/project_2004342/everything/paml_clean/FINAL_refseq_ftp_pipeline/11_paml_nuclear_final/ctl/CPT2/site_models/CPT2.M2a.ctl
CPT2	site	M7	/scratch/project_2004342/everything/paml_clean/FINAL_refseq_ftp_pipeline/11_paml_nuclear_final/results/CPT2/site_models/M7	/scratch/project_2004342/everything/paml_clean/FINAL_refseq_ftp_pipeline/11_paml_nuclear_final/ctl/CPT2/site_models/CPT2.M7.ctl
CPT2	site	M8	/scratch/project_2004342/everything/paml_clean/FINAL_refseq_ftp_pipeline/11_paml_nuclear_final/results/CPT2/site_models/M8	/scratch/project_2004342/everything/paml_clean/FINAL_refseq_ftp_pipeline/11_paml_nuclear_final/ctl/CPT2/site_models/CPT2.M8.ctl
CPT2	site	M8a	/scratch/project_2004342/everything/paml_clean/FINAL_refseq_ftp_pipeline/11_paml_nuclear_final/results/CPT2/site_models/M8a	/scratch/project_2004342/everything/paml_clean/FINAL_refseq_ftp_pipeline/11_paml_nuclear_final/ctl/CPT2/site_models/CPT2.M8a.ctl
CREB3L1	site	M0	/scratch/project_2004342/everything/paml_clean/FINAL_refseq_ftp_pipeline/11_paml_nuclear_final/results/CREB3L1/site_models/M0	/scratch/project_2004342/everything/paml_clean/FINAL_refseq_ftp_pipeline/11_paml_nuclear_final/ctl/CREB3L1/site_models/CREB3L1.M0.ctl
CREB3L1	site	M1a	/scratch/project_2004342/everything/paml_clean/FINAL_refseq_ftp_pipeline/11_paml_nuclear_final/results/CREB3L1/site_models/M1a	/scratch/project_2004342/everything/paml_clean/FINAL_refseq_ftp_pipeline/11_paml_nuclear_final/ctl/CREB3L1/site_models/CREB3L1.M1a.ctl
CREB3L1	site	M2a	/scratch/project_2004342/everything/paml_clean/FINAL_refseq_ftp_pipeline/11_paml_nuclear_final/results/CREB3L1/site_models/M2a	/scratch/project_2004342/everything/paml_clean/FINAL_refseq_ftp_pipeline/11_paml_nuclear_final/ctl/CREB3L1/site_models/CREB3L1.M2a.ctl
CREB3L1	site	M7	/scratch/project_2004342/everything/paml_clean/FINAL_refseq_ftp_pipeline/11_paml_nuclear_final/results/CREB3L1/site_models/M7	/scratch/project_2004342/everything/paml_clean/FINAL_refseq_ftp_pipeline/11_paml_nuclear_final/ctl/CREB3L1/site_models/CREB3L1.M7.ctl
CREB3L1	site	M8	/scratch/project_2004342/everything/paml_clean/FINAL_refseq_ftp_pipeline/11_paml_nuclear_final/results/CREB3L1/site_models/M8	/scratch/project_2004342/everything/paml_clean/FINAL_refseq_ftp_pipeline/11_paml_nuclear_final/ctl/CREB3L1/site_models/CREB3L1.M8.ctl
CREB3L1	site	M8a	/scratch/project_2004342/everything/paml_clean/FINAL_refseq_ftp_pipeline/11_paml_nuclear_final/results/CREB3L1/site_models/M8a	/scratch/project_2004342/everything/paml_clean/FINAL_refseq_ftp_pipeline/11_paml_nuclear_final/ctl/CREB3L1/site_models/CREB3L1.M8a.ctl
CREB3L4	site	M0	/scratch/project_2004342/everything/paml_clean/FINAL_refseq_ftp_pipeline/11_paml_nuclear_final/results/CREB3L4/site_models/M0	/scratch/project_2004342/everything/paml_clean/FINAL_refseq_ftp_pipeline/11_paml_nuclear_final/ctl/CREB3L4/site_models/CREB3L4.M0.ctl
CREB3L4	site	M1a	/scratch/project_2004342/everything/paml_clean/FINAL_refseq_ftp_pipeline/11_paml_nuclear_final/results/CREB3L4/site_models/M1a	/scratch/project_2004342/everything/paml_clean/FINAL_refseq_ftp_pipeline/11_paml_nuclear_final/ctl/CREB3L4/site_models/CREB3L4.M1a.ctl
CREB3L4	site	M2a	/scratch/project_2004342/everything/paml_clean/FINAL_refseq_ftp_pipeline/11_paml_nuclear_final/results/CREB3L4/site_models/M2a	/scratch/project_2004342/everything/paml_clean/FINAL_refseq_ftp_pipeline/11_paml_nuclear_final/ctl/CREB3L4/site_models/CREB3L4.M2a.ctl
CREB3L4	site	M7	/scratch/project_2004342/everything/paml_clean/FINAL_refseq_ftp_pipeline/11_paml_nuclear_final/results/CREB3L4/site_models/M7	/scratch/project_2004342/everything/paml_clean/FINAL_refseq_ftp_pipeline/11_paml_nuclear_final/ctl/CREB3L4/site_models/CREB3L4.M7.ctl
CREB3L4	site	M8	/scratch/project_2004342/everything/paml_clean/FINAL_refseq_ftp_pipeline/11_paml_nuclear_final/results/CREB3L4/site_models/M8	/scratch/project_2004342/everything/paml_clean/FINAL_refseq_ftp_pipeline/11_paml_nuclear_final/ctl/CREB3L4/site_models/CREB3L4.M8.ctl
CREB3L4	site	M8a	/scratch/project_2004342/everything/paml_clean/FINAL_refseq_ftp_pipeline/11_paml_nuclear_final/results/CREB3L4/site_models/M8a	/scratch/project_2004342/everything/paml_clean/FINAL_refseq_ftp_pipeline/11_paml_nuclear_final/ctl/CREB3L4/site_models/CREB3L4.M8a.ctl
CREB5	site	M0	/scratch/project_2004342/everything/paml_clean/FINAL_refseq_ftp_pipeline/11_paml_nuclear_final/results/CREB5/site_models/M0	/scratch/project_2004342/everything/paml_clean/FINAL_refseq_ftp_pipeline/11_paml_nuclear_final/ctl/CREB5/site_models/CREB5.M0.ctl
CREB5	site	M1a	/scratch/project_2004342/everything/paml_clean/FINAL_refseq_ftp_pipeline/11_paml_nuclear_final/results/CREB5/site_models/M1a	/scratch/project_2004342/everything/paml_clean/FINAL_refseq_ftp_pipeline/11_paml_nuclear_final/ctl/CREB5/site_models/CREB5.M1a.ctl
CREB5	site	M2a	/scratch/project_2004342/everything/paml_clean/FINAL_refseq_ftp_pipeline/11_paml_nuclear_final/results/CREB5/site_models/M2a	/scratch/project_2004342/everything/paml_clean/FINAL_refseq_ftp_pipeline/11_paml_nuclear_final/ctl/CREB5/site_models/CREB5.M2a.ctl
CREB5	site	M7	/scratch/project_2004342/everything/paml_clean/FINAL_refseq_ftp_pipeline/11_paml_nuclear_final/results/CREB5/site_models/M7	/scratch/project_2004342/everything/paml_clean/FINAL_refseq_ftp_pipeline/11_paml_nuclear_final/ctl/CREB5/site_models/CREB5.M7.ctl
CREB5	site	M8	/scratch/project_2004342/everything/paml_clean/FINAL_refseq_ftp_pipeline/11_paml_nuclear_final/results/CREB5/site_models/M8	/scratch/project_2004342/everything/paml_clean/FINAL_refseq_ftp_pipeline/11_paml_nuclear_final/ctl/CREB5/site_models/CREB5.M8.ctl
CREB5	site	M8a	/scratch/project_2004342/everything/paml_clean/FINAL_refseq_ftp_pipeline/11_paml_nuclear_final/results/CREB5/site_models/M8a	/scratch/project_2004342/everything/paml_clean/FINAL_refseq_ftp_pipeline/11_paml_nuclear_final/ctl/CREB5/site_models/CREB5.M8a.ctl
FGFR1	site	M0	/scratch/project_2004342/everything/paml_clean/FINAL_refseq_ftp_pipeline/11_paml_nuclear_final/results/FGFR1/site_models/M0	/scratch/project_2004342/everything/paml_clean/FINAL_refseq_ftp_pipeline/11_paml_nuclear_final/ctl/FGFR1/site_models/FGFR1.M0.ctl
FGFR1	site	M1a	/scratch/project_2004342/everything/paml_clean/FINAL_refseq_ftp_pipeline/11_paml_nuclear_final/results/FGFR1/site_models/M1a	/scratch/project_2004342/everything/paml_clean/FINAL_refseq_ftp_pipeline/11_paml_nuclear_final/ctl/FGFR1/site_models/FGFR1.M1a.ctl
FGFR1	site	M2a	/scratch/project_2004342/everything/paml_clean/FINAL_refseq_ftp_pipeline/11_paml_nuclear_final/results/FGFR1/site_models/M2a	/scratch/project_2004342/everything/paml_clean/FINAL_refseq_ftp_pipeline/11_paml_nuclear_final/ctl/FGFR1/site_models/FGFR1.M2a.ctl
FGFR1	site	M7	/scratch/project_2004342/everything/paml_clean/FINAL_refseq_ftp_pipeline/11_paml_nuclear_final/results/FGFR1/site_models/M7	/scratch/project_2004342/everything/paml_clean/FINAL_refseq_ftp_pipeline/11_paml_nuclear_final/ctl/FGFR1/site_models/FGFR1.M7.ctl
FGFR1	site	M8	/scratch/project_2004342/everything/paml_clean/FINAL_refseq_ftp_pipeline/11_paml_nuclear_final/results/FGFR1/site_models/M8	/scratch/project_2004342/everything/paml_clean/FINAL_refseq_ftp_pipeline/11_paml_nuclear_final/ctl/FGFR1/site_models/FGFR1.M8.ctl
FGFR1	site	M8a	/scratch/project_2004342/everything/paml_clean/FINAL_refseq_ftp_pipeline/11_paml_nuclear_final/results/FGFR1/site_models/M8a	/scratch/project_2004342/everything/paml_clean/FINAL_refseq_ftp_pipeline/11_paml_nuclear_final/ctl/FGFR1/site_models/FGFR1.M8a.ctl
NDUFA1	site	M0	/scratch/project_2004342/everything/paml_clean/FINAL_refseq_ftp_pipeline/11_paml_nuclear_final/results/NDUFA1/site_models/M0	/scratch/project_2004342/everything/paml_clean/FINAL_refseq_ftp_pipeline/11_paml_nuclear_final/ctl/NDUFA1/site_models/NDUFA1.M0.ctl
NDUFA1	site	M1a	/scratch/project_2004342/everything/paml_clean/FINAL_refseq_ftp_pipeline/11_paml_nuclear_final/results/NDUFA1/site_models/M1a	/scratch/project_2004342/everything/paml_clean/FINAL_refseq_ftp_pipeline/11_paml_nuclear_final/ctl/NDUFA1/site_models/NDUFA1.M1a.ctl
NDUFA1	site	M2a	/scratch/project_2004342/everything/paml_clean/FINAL_refseq_ftp_pipeline/11_paml_nuclear_final/results/NDUFA1/site_models/M2a	/scratch/project_2004342/everything/paml_clean/FINAL_refseq_ftp_pipeline/11_paml_nuclear_final/ctl/NDUFA1/site_models/NDUFA1.M2a.ctl
NDUFA1	site	M7	/scratch/project_2004342/everything/paml_clean/FINAL_refseq_ftp_pipeline/11_paml_nuclear_final/results/NDUFA1/site_models/M7	/scratch/project_2004342/everything/paml_clean/FINAL_refseq_ftp_pipeline/11_paml_nuclear_final/ctl/NDUFA1/site_models/NDUFA1.M7.ctl
NDUFA1	site	M8	/scratch/project_2004342/everything/paml_clean/FINAL_refseq_ftp_pipeline/11_paml_nuclear_final/results/NDUFA1/site_models/M8	/scratch/project_2004342/everything/paml_clean/FINAL_refseq_ftp_pipeline/11_paml_nuclear_final/ctl/NDUFA1/site_models/NDUFA1.M8.ctl
NDUFA1	site	M8a	/scratch/project_2004342/everything/paml_clean/FINAL_refseq_ftp_pipeline/11_paml_nuclear_final/results/NDUFA1/site_models/M8a	/scratch/project_2004342/everything/paml_clean/FINAL_refseq_ftp_pipeline/11_paml_nuclear_final/ctl/NDUFA1/site_models/NDUFA1.M8a.ctl
NDUFB8	site	M0	/scratch/project_2004342/everything/paml_clean/FINAL_refseq_ftp_pipeline/11_paml_nuclear_final/results/NDUFB8/site_models/M0	/scratch/project_2004342/everything/paml_clean/FINAL_refseq_ftp_pipeline/11_paml_nuclear_final/ctl/NDUFB8/site_models/NDUFB8.M0.ctl
NDUFB8	site	M1a	/scratch/project_2004342/everything/paml_clean/FINAL_refseq_ftp_pipeline/11_paml_nuclear_final/results/NDUFB8/site_models/M1a	/scratch/project_2004342/everything/paml_clean/FINAL_refseq_ftp_pipeline/11_paml_nuclear_final/ctl/NDUFB8/site_models/NDUFB8.M1a.ctl
NDUFB8	site	M2a	/scratch/project_2004342/everything/paml_clean/FINAL_refseq_ftp_pipeline/11_paml_nuclear_final/results/NDUFB8/site_models/M2a	/scratch/project_2004342/everything/paml_clean/FINAL_refseq_ftp_pipeline/11_paml_nuclear_final/ctl/NDUFB8/site_models/NDUFB8.M2a.ctl
NDUFB8	site	M7	/scratch/project_2004342/everything/paml_clean/FINAL_refseq_ftp_pipeline/11_paml_nuclear_final/results/NDUFB8/site_models/M7	/scratch/project_2004342/everything/paml_clean/FINAL_refseq_ftp_pipeline/11_paml_nuclear_final/ctl/NDUFB8/site_models/NDUFB8.M7.ctl
NDUFB8	site	M8	/scratch/project_2004342/everything/paml_clean/FINAL_refseq_ftp_pipeline/11_paml_nuclear_final/results/NDUFB8/site_models/M8	/scratch/project_2004342/everything/paml_clean/FINAL_refseq_ftp_pipeline/11_paml_nuclear_final/ctl/NDUFB8/site_models/NDUFB8.M8.ctl
NDUFB8	site	M8a	/scratch/project_2004342/everything/paml_clean/FINAL_refseq_ftp_pipeline/11_paml_nuclear_final/results/NDUFB8/site_models/M8a	/scratch/project_2004342/everything/paml_clean/FINAL_refseq_ftp_pipeline/11_paml_nuclear_final/ctl/NDUFB8/site_models/NDUFB8.M8a.ctl
NDUFS2	site	M0	/scratch/project_2004342/everything/paml_clean/FINAL_refseq_ftp_pipeline/11_paml_nuclear_final/results/NDUFS2/site_models/M0	/scratch/project_2004342/everything/paml_clean/FINAL_refseq_ftp_pipeline/11_paml_nuclear_final/ctl/NDUFS2/site_models/NDUFS2.M0.ctl
NDUFS2	site	M1a	/scratch/project_2004342/everything/paml_clean/FINAL_refseq_ftp_pipeline/11_paml_nuclear_final/results/NDUFS2/site_models/M1a	/scratch/project_2004342/everything/paml_clean/FINAL_refseq_ftp_pipeline/11_paml_nuclear_final/ctl/NDUFS2/site_models/NDUFS2.M1a.ctl
NDUFS2	site	M2a	/scratch/project_2004342/everything/paml_clean/FINAL_refseq_ftp_pipeline/11_paml_nuclear_final/results/NDUFS2/site_models/M2a	/scratch/project_2004342/everything/paml_clean/FINAL_refseq_ftp_pipeline/11_paml_nuclear_final/ctl/NDUFS2/site_models/NDUFS2.M2a.ctl
NDUFS2	site	M7	/scratch/project_2004342/everything/paml_clean/FINAL_refseq_ftp_pipeline/11_paml_nuclear_final/results/NDUFS2/site_models/M7	/scratch/project_2004342/everything/paml_clean/FINAL_refseq_ftp_pipeline/11_paml_nuclear_final/ctl/NDUFS2/site_models/NDUFS2.M7.ctl
NDUFS2	site	M8	/scratch/project_2004342/everything/paml_clean/FINAL_refseq_ftp_pipeline/11_paml_nuclear_final/results/NDUFS2/site_models/M8	/scratch/project_2004342/everything/paml_clean/FINAL_refseq_ftp_pipeline/11_paml_nuclear_final/ctl/NDUFS2/site_models/NDUFS2.M8.ctl
NDUFS2	site	M8a	/scratch/project_2004342/everything/paml_clean/FINAL_refseq_ftp_pipeline/11_paml_nuclear_final/results/NDUFS2/site_models/M8a	/scratch/project_2004342/everything/paml_clean/FINAL_refseq_ftp_pipeline/11_paml_nuclear_final/ctl/NDUFS2/site_models/NDUFS2.M8a.ctl
NDUFV2	site	M0	/scratch/project_2004342/everything/paml_clean/FINAL_refseq_ftp_pipeline/11_paml_nuclear_final/results/NDUFV2/site_models/M0	/scratch/project_2004342/everything/paml_clean/FINAL_refseq_ftp_pipeline/11_paml_nuclear_final/ctl/NDUFV2/site_models/NDUFV2.M0.ctl
NDUFV2	site	M1a	/scratch/project_2004342/everything/paml_clean/FINAL_refseq_ftp_pipeline/11_paml_nuclear_final/results/NDUFV2/site_models/M1a	/scratch/project_2004342/everything/paml_clean/FINAL_refseq_ftp_pipeline/11_paml_nuclear_final/ctl/NDUFV2/site_models/NDUFV2.M1a.ctl
NDUFV2	site	M2a	/scratch/project_2004342/everything/paml_clean/FINAL_refseq_ftp_pipeline/11_paml_nuclear_final/results/NDUFV2/site_models/M2a	/scratch/project_2004342/everything/paml_clean/FINAL_refseq_ftp_pipeline/11_paml_nuclear_final/ctl/NDUFV2/site_models/NDUFV2.M2a.ctl
NDUFV2	site	M7	/scratch/project_2004342/everything/paml_clean/FINAL_refseq_ftp_pipeline/11_paml_nuclear_final/results/NDUFV2/site_models/M7	/scratch/project_2004342/everything/paml_clean/FINAL_refseq_ftp_pipeline/11_paml_nuclear_final/ctl/NDUFV2/site_models/NDUFV2.M7.ctl
NDUFV2	site	M8	/scratch/project_2004342/everything/paml_clean/FINAL_refseq_ftp_pipeline/11_paml_nuclear_final/results/NDUFV2/site_models/M8	/scratch/project_2004342/everything/paml_clean/FINAL_refseq_ftp_pipeline/11_paml_nuclear_final/ctl/NDUFV2/site_models/NDUFV2.M8.ctl
NDUFV2	site	M8a	/scratch/project_2004342/everything/paml_clean/FINAL_refseq_ftp_pipeline/11_paml_nuclear_final/results/NDUFV2/site_models/M8a	/scratch/project_2004342/everything/paml_clean/FINAL_refseq_ftp_pipeline/11_paml_nuclear_final/ctl/NDUFV2/site_models/NDUFV2.M8a.ctl
PLIN1	site	M0	/scratch/project_2004342/everything/paml_clean/FINAL_refseq_ftp_pipeline/11_paml_nuclear_final/results/PLIN1/site_models/M0	/scratch/project_2004342/everything/paml_clean/FINAL_refseq_ftp_pipeline/11_paml_nuclear_final/ctl/PLIN1/site_models/PLIN1.M0.ctl
PLIN1	site	M1a	/scratch/project_2004342/everything/paml_clean/FINAL_refseq_ftp_pipeline/11_paml_nuclear_final/results/PLIN1/site_models/M1a	/scratch/project_2004342/everything/paml_clean/FINAL_refseq_ftp_pipeline/11_paml_nuclear_final/ctl/PLIN1/site_models/PLIN1.M1a.ctl
PLIN1	site	M2a	/scratch/project_2004342/everything/paml_clean/FINAL_refseq_ftp_pipeline/11_paml_nuclear_final/results/PLIN1/site_models/M2a	/scratch/project_2004342/everything/paml_clean/FINAL_refseq_ftp_pipeline/11_paml_nuclear_final/ctl/PLIN1/site_models/PLIN1.M2a.ctl
PLIN1	site	M7	/scratch/project_2004342/everything/paml_clean/FINAL_refseq_ftp_pipeline/11_paml_nuclear_final/results/PLIN1/site_models/M7	/scratch/project_2004342/everything/paml_clean/FINAL_refseq_ftp_pipeline/11_paml_nuclear_final/ctl/PLIN1/site_models/PLIN1.M7.ctl
PLIN1	site	M8	/scratch/project_2004342/everything/paml_clean/FINAL_refseq_ftp_pipeline/11_paml_nuclear_final/results/PLIN1/site_models/M8	/scratch/project_2004342/everything/paml_clean/FINAL_refseq_ftp_pipeline/11_paml_nuclear_final/ctl/PLIN1/site_models/PLIN1.M8.ctl
PLIN1	site	M8a	/scratch/project_2004342/everything/paml_clean/FINAL_refseq_ftp_pipeline/11_paml_nuclear_final/results/PLIN1/site_models/M8a	/scratch/project_2004342/everything/paml_clean/FINAL_refseq_ftp_pipeline/11_paml_nuclear_final/ctl/PLIN1/site_models/PLIN1.M8a.ctl
PPARG	site	M0	/scratch/project_2004342/everything/paml_clean/FINAL_refseq_ftp_pipeline/11_paml_nuclear_final/results/PPARG/site_models/M0	/scratch/project_2004342/everything/paml_clean/FINAL_refseq_ftp_pipeline/11_paml_nuclear_final/ctl/PPARG/site_models/PPARG.M0.ctl
PPARG	site	M1a	/scratch/project_2004342/everything/paml_clean/FINAL_refseq_ftp_pipeline/11_paml_nuclear_final/results/PPARG/site_models/M1a	/scratch/project_2004342/everything/paml_clean/FINAL_refseq_ftp_pipeline/11_paml_nuclear_final/ctl/PPARG/site_models/PPARG.M1a.ctl
PPARG	site	M2a	/scratch/project_2004342/everything/paml_clean/FINAL_refseq_ftp_pipeline/11_paml_nuclear_final/results/PPARG/site_models/M2a	/scratch/project_2004342/everything/paml_clean/FINAL_refseq_ftp_pipeline/11_paml_nuclear_final/ctl/PPARG/site_models/PPARG.M2a.ctl
PPARG	site	M7	/scratch/project_2004342/everything/paml_clean/FINAL_refseq_ftp_pipeline/11_paml_nuclear_final/results/PPARG/site_models/M7	/scratch/project_2004342/everything/paml_clean/FINAL_refseq_ftp_pipeline/11_paml_nuclear_final/ctl/PPARG/site_models/PPARG.M7.ctl
PPARG	site	M8	/scratch/project_2004342/everything/paml_clean/FINAL_refseq_ftp_pipeline/11_paml_nuclear_final/results/PPARG/site_models/M8	/scratch/project_2004342/everything/paml_clean/FINAL_refseq_ftp_pipeline/11_paml_nuclear_final/ctl/PPARG/site_models/PPARG.M8.ctl
PPARG	site	M8a	/scratch/project_2004342/everything/paml_clean/FINAL_refseq_ftp_pipeline/11_paml_nuclear_final/results/PPARG/site_models/M8a	/scratch/project_2004342/everything/paml_clean/FINAL_refseq_ftp_pipeline/11_paml_nuclear_final/ctl/PPARG/site_models/PPARG.M8a.ctl
PPARGC1A	site	M0	/scratch/project_2004342/everything/paml_clean/FINAL_refseq_ftp_pipeline/11_paml_nuclear_final/results/PPARGC1A/site_models/M0	/scratch/project_2004342/everything/paml_clean/FINAL_refseq_ftp_pipeline/11_paml_nuclear_final/ctl/PPARGC1A/site_models/PPARGC1A.M0.ctl
PPARGC1A	site	M1a	/scratch/project_2004342/everything/paml_clean/FINAL_refseq_ftp_pipeline/11_paml_nuclear_final/results/PPARGC1A/site_models/M1a	/scratch/project_2004342/everything/paml_clean/FINAL_refseq_ftp_pipeline/11_paml_nuclear_final/ctl/PPARGC1A/site_models/PPARGC1A.M1a.ctl
PPARGC1A	site	M2a	/scratch/project_2004342/everything/paml_clean/FINAL_refseq_ftp_pipeline/11_paml_nuclear_final/results/PPARGC1A/site_models/M2a	/scratch/project_2004342/everything/paml_clean/FINAL_refseq_ftp_pipeline/11_paml_nuclear_final/ctl/PPARGC1A/site_models/PPARGC1A.M2a.ctl
PPARGC1A	site	M7	/scratch/project_2004342/everything/paml_clean/FINAL_refseq_ftp_pipeline/11_paml_nuclear_final/results/PPARGC1A/site_models/M7	/scratch/project_2004342/everything/paml_clean/FINAL_refseq_ftp_pipeline/11_paml_nuclear_final/ctl/PPARGC1A/site_models/PPARGC1A.M7.ctl
PPARGC1A	site	M8	/scratch/project_2004342/everything/paml_clean/FINAL_refseq_ftp_pipeline/11_paml_nuclear_final/results/PPARGC1A/site_models/M8	/scratch/project_2004342/everything/paml_clean/FINAL_refseq_ftp_pipeline/11_paml_nuclear_final/ctl/PPARGC1A/site_models/PPARGC1A.M8.ctl
PPARGC1A	site	M8a	/scratch/project_2004342/everything/paml_clean/FINAL_refseq_ftp_pipeline/11_paml_nuclear_final/results/PPARGC1A/site_models/M8a	/scratch/project_2004342/everything/paml_clean/FINAL_refseq_ftp_pipeline/11_paml_nuclear_final/ctl/PPARGC1A/site_models/PPARGC1A.M8a.ctl
PRDM16	site	M0	/scratch/project_2004342/everything/paml_clean/FINAL_refseq_ftp_pipeline/11_paml_nuclear_final/results/PRDM16/site_models/M0	/scratch/project_2004342/everything/paml_clean/FINAL_refseq_ftp_pipeline/11_paml_nuclear_final/ctl/PRDM16/site_models/PRDM16.M0.ctl
PRDM16	site	M1a	/scratch/project_2004342/everything/paml_clean/FINAL_refseq_ftp_pipeline/11_paml_nuclear_final/results/PRDM16/site_models/M1a	/scratch/project_2004342/everything/paml_clean/FINAL_refseq_ftp_pipeline/11_paml_nuclear_final/ctl/PRDM16/site_models/PRDM16.M1a.ctl
PRDM16	site	M2a	/scratch/project_2004342/everything/paml_clean/FINAL_refseq_ftp_pipeline/11_paml_nuclear_final/results/PRDM16/site_models/M2a	/scratch/project_2004342/everything/paml_clean/FINAL_refseq_ftp_pipeline/11_paml_nuclear_final/ctl/PRDM16/site_models/PRDM16.M2a.ctl
PRDM16	site	M7	/scratch/project_2004342/everything/paml_clean/FINAL_refseq_ftp_pipeline/11_paml_nuclear_final/results/PRDM16/site_models/M7	/scratch/project_2004342/everything/paml_clean/FINAL_refseq_ftp_pipeline/11_paml_nuclear_final/ctl/PRDM16/site_models/PRDM16.M7.ctl
PRDM16	site	M8	/scratch/project_2004342/everything/paml_clean/FINAL_refseq_ftp_pipeline/11_paml_nuclear_final/results/PRDM16/site_models/M8	/scratch/project_2004342/everything/paml_clean/FINAL_refseq_ftp_pipeline/11_paml_nuclear_final/ctl/PRDM16/site_models/PRDM16.M8.ctl
PRDM16	site	M8a	/scratch/project_2004342/everything/paml_clean/FINAL_refseq_ftp_pipeline/11_paml_nuclear_final/results/PRDM16/site_models/M8a	/scratch/project_2004342/everything/paml_clean/FINAL_refseq_ftp_pipeline/11_paml_nuclear_final/ctl/PRDM16/site_models/PRDM16.M8a.ctl
PRKAA1	site	M0	/scratch/project_2004342/everything/paml_clean/FINAL_refseq_ftp_pipeline/11_paml_nuclear_final/results/PRKAA1/site_models/M0	/scratch/project_2004342/everything/paml_clean/FINAL_refseq_ftp_pipeline/11_paml_nuclear_final/ctl/PRKAA1/site_models/PRKAA1.M0.ctl
PRKAA1	site	M1a	/scratch/project_2004342/everything/paml_clean/FINAL_refseq_ftp_pipeline/11_paml_nuclear_final/results/PRKAA1/site_models/M1a	/scratch/project_2004342/everything/paml_clean/FINAL_refseq_ftp_pipeline/11_paml_nuclear_final/ctl/PRKAA1/site_models/PRKAA1.M1a.ctl
PRKAA1	site	M2a	/scratch/project_2004342/everything/paml_clean/FINAL_refseq_ftp_pipeline/11_paml_nuclear_final/results/PRKAA1/site_models/M2a	/scratch/project_2004342/everything/paml_clean/FINAL_refseq_ftp_pipeline/11_paml_nuclear_final/ctl/PRKAA1/site_models/PRKAA1.M2a.ctl
PRKAA1	site	M7	/scratch/project_2004342/everything/paml_clean/FINAL_refseq_ftp_pipeline/11_paml_nuclear_final/results/PRKAA1/site_models/M7	/scratch/project_2004342/everything/paml_clean/FINAL_refseq_ftp_pipeline/11_paml_nuclear_final/ctl/PRKAA1/site_models/PRKAA1.M7.ctl
PRKAA1	site	M8	/scratch/project_2004342/everything/paml_clean/FINAL_refseq_ftp_pipeline/11_paml_nuclear_final/results/PRKAA1/site_models/M8	/scratch/project_2004342/everything/paml_clean/FINAL_refseq_ftp_pipeline/11_paml_nuclear_final/ctl/PRKAA1/site_models/PRKAA1.M8.ctl
PRKAA1	site	M8a	/scratch/project_2004342/everything/paml_clean/FINAL_refseq_ftp_pipeline/11_paml_nuclear_final/results/PRKAA1/site_models/M8a	/scratch/project_2004342/everything/paml_clean/FINAL_refseq_ftp_pipeline/11_paml_nuclear_final/ctl/PRKAA1/site_models/PRKAA1.M8a.ctl
SDHA1	site	M0	/scratch/project_2004342/everything/paml_clean/FINAL_refseq_ftp_pipeline/11_paml_nuclear_final/results/SDHA1/site_models/M0	/scratch/project_2004342/everything/paml_clean/FINAL_refseq_ftp_pipeline/11_paml_nuclear_final/ctl/SDHA1/site_models/SDHA1.M0.ctl
SDHA1	site	M1a	/scratch/project_2004342/everything/paml_clean/FINAL_refseq_ftp_pipeline/11_paml_nuclear_final/results/SDHA1/site_models/M1a	/scratch/project_2004342/everything/paml_clean/FINAL_refseq_ftp_pipeline/11_paml_nuclear_final/ctl/SDHA1/site_models/SDHA1.M1a.ctl
SDHA1	site	M2a	/scratch/project_2004342/everything/paml_clean/FINAL_refseq_ftp_pipeline/11_paml_nuclear_final/results/SDHA1/site_models/M2a	/scratch/project_2004342/everything/paml_clean/FINAL_refseq_ftp_pipeline/11_paml_nuclear_final/ctl/SDHA1/site_models/SDHA1.M2a.ctl
SDHA1	site	M7	/scratch/project_2004342/everything/paml_clean/FINAL_refseq_ftp_pipeline/11_paml_nuclear_final/results/SDHA1/site_models/M7	/scratch/project_2004342/everything/paml_clean/FINAL_refseq_ftp_pipeline/11_paml_nuclear_final/ctl/SDHA1/site_models/SDHA1.M7.ctl
SDHA1	site	M8	/scratch/project_2004342/everything/paml_clean/FINAL_refseq_ftp_pipeline/11_paml_nuclear_final/results/SDHA1/site_models/M8	/scratch/project_2004342/everything/paml_clean/FINAL_refseq_ftp_pipeline/11_paml_nuclear_final/ctl/SDHA1/site_models/SDHA1.M8.ctl
SDHA1	site	M8a	/scratch/project_2004342/everything/paml_clean/FINAL_refseq_ftp_pipeline/11_paml_nuclear_final/results/SDHA1/site_models/M8a	/scratch/project_2004342/everything/paml_clean/FINAL_refseq_ftp_pipeline/11_paml_nuclear_final/ctl/SDHA1/site_models/SDHA1.M8a.ctl
SDHB	site	M0	/scratch/project_2004342/everything/paml_clean/FINAL_refseq_ftp_pipeline/11_paml_nuclear_final/results/SDHB/site_models/M0	/scratch/project_2004342/everything/paml_clean/FINAL_refseq_ftp_pipeline/11_paml_nuclear_final/ctl/SDHB/site_models/SDHB.M0.ctl
SDHB	site	M1a	/scratch/project_2004342/everything/paml_clean/FINAL_refseq_ftp_pipeline/11_paml_nuclear_final/results/SDHB/site_models/M1a	/scratch/project_2004342/everything/paml_clean/FINAL_refseq_ftp_pipeline/11_paml_nuclear_final/ctl/SDHB/site_models/SDHB.M1a.ctl
SDHB	site	M2a	/scratch/project_2004342/everything/paml_clean/FINAL_refseq_ftp_pipeline/11_paml_nuclear_final/results/SDHB/site_models/M2a	/scratch/project_2004342/everything/paml_clean/FINAL_refseq_ftp_pipeline/11_paml_nuclear_final/ctl/SDHB/site_models/SDHB.M2a.ctl
SDHB	site	M7	/scratch/project_2004342/everything/paml_clean/FINAL_refseq_ftp_pipeline/11_paml_nuclear_final/results/SDHB/site_models/M7	/scratch/project_2004342/everything/paml_clean/FINAL_refseq_ftp_pipeline/11_paml_nuclear_final/ctl/SDHB/site_models/SDHB.M7.ctl
SDHB	site	M8	/scratch/project_2004342/everything/paml_clean/FINAL_refseq_ftp_pipeline/11_paml_nuclear_final/results/SDHB/site_models/M8	/scratch/project_2004342/everything/paml_clean/FINAL_refseq_ftp_pipeline/11_paml_nuclear_final/ctl/SDHB/site_models/SDHB.M8.ctl
SDHB	site	M8a	/scratch/project_2004342/everything/paml_clean/FINAL_refseq_ftp_pipeline/11_paml_nuclear_final/results/SDHB/site_models/M8a	/scratch/project_2004342/everything/paml_clean/FINAL_refseq_ftp_pipeline/11_paml_nuclear_final/ctl/SDHB/site_models/SDHB.M8a.ctl
SIRT6	site	M0	/scratch/project_2004342/everything/paml_clean/FINAL_refseq_ftp_pipeline/11_paml_nuclear_final/results/SIRT6/site_models/M0	/scratch/project_2004342/everything/paml_clean/FINAL_refseq_ftp_pipeline/11_paml_nuclear_final/ctl/SIRT6/site_models/SIRT6.M0.ctl
SIRT6	site	M1a	/scratch/project_2004342/everything/paml_clean/FINAL_refseq_ftp_pipeline/11_paml_nuclear_final/results/SIRT6/site_models/M1a	/scratch/project_2004342/everything/paml_clean/FINAL_refseq_ftp_pipeline/11_paml_nuclear_final/ctl/SIRT6/site_models/SIRT6.M1a.ctl
SIRT6	site	M2a	/scratch/project_2004342/everything/paml_clean/FINAL_refseq_ftp_pipeline/11_paml_nuclear_final/results/SIRT6/site_models/M2a	/scratch/project_2004342/everything/paml_clean/FINAL_refseq_ftp_pipeline/11_paml_nuclear_final/ctl/SIRT6/site_models/SIRT6.M2a.ctl
SIRT6	site	M7	/scratch/project_2004342/everything/paml_clean/FINAL_refseq_ftp_pipeline/11_paml_nuclear_final/results/SIRT6/site_models/M7	/scratch/project_2004342/everything/paml_clean/FINAL_refseq_ftp_pipeline/11_paml_nuclear_final/ctl/SIRT6/site_models/SIRT6.M7.ctl
SIRT6	site	M8	/scratch/project_2004342/everything/paml_clean/FINAL_refseq_ftp_pipeline/11_paml_nuclear_final/results/SIRT6/site_models/M8	/scratch/project_2004342/everything/paml_clean/FINAL_refseq_ftp_pipeline/11_paml_nuclear_final/ctl/SIRT6/site_models/SIRT6.M8.ctl
SIRT6	site	M8a	/scratch/project_2004342/everything/paml_clean/FINAL_refseq_ftp_pipeline/11_paml_nuclear_final/results/SIRT6/site_models/M8a	/scratch/project_2004342/everything/paml_clean/FINAL_refseq_ftp_pipeline/11_paml_nuclear_final/ctl/SIRT6/site_models/SIRT6.M8a.ctl
SLC25A20	site	M0	/scratch/project_2004342/everything/paml_clean/FINAL_refseq_ftp_pipeline/11_paml_nuclear_final/results/SLC25A20/site_models/M0	/scratch/project_2004342/everything/paml_clean/FINAL_refseq_ftp_pipeline/11_paml_nuclear_final/ctl/SLC25A20/site_models/SLC25A20.M0.ctl
SLC25A20	site	M1a	/scratch/project_2004342/everything/paml_clean/FINAL_refseq_ftp_pipeline/11_paml_nuclear_final/results/SLC25A20/site_models/M1a	/scratch/project_2004342/everything/paml_clean/FINAL_refseq_ftp_pipeline/11_paml_nuclear_final/ctl/SLC25A20/site_models/SLC25A20.M1a.ctl
SLC25A20	site	M2a	/scratch/project_2004342/everything/paml_clean/FINAL_refseq_ftp_pipeline/11_paml_nuclear_final/results/SLC25A20/site_models/M2a	/scratch/project_2004342/everything/paml_clean/FINAL_refseq_ftp_pipeline/11_paml_nuclear_final/ctl/SLC25A20/site_models/SLC25A20.M2a.ctl
SLC25A20	site	M7	/scratch/project_2004342/everything/paml_clean/FINAL_refseq_ftp_pipeline/11_paml_nuclear_final/results/SLC25A20/site_models/M7	/scratch/project_2004342/everything/paml_clean/FINAL_refseq_ftp_pipeline/11_paml_nuclear_final/ctl/SLC25A20/site_models/SLC25A20.M7.ctl
SLC25A20	site	M8	/scratch/project_2004342/everything/paml_clean/FINAL_refseq_ftp_pipeline/11_paml_nuclear_final/results/SLC25A20/site_models/M8	/scratch/project_2004342/everything/paml_clean/FINAL_refseq_ftp_pipeline/11_paml_nuclear_final/ctl/SLC25A20/site_models/SLC25A20.M8.ctl
SLC25A20	site	M8a	/scratch/project_2004342/everything/paml_clean/FINAL_refseq_ftp_pipeline/11_paml_nuclear_final/results/SLC25A20/site_models/M8a	/scratch/project_2004342/everything/paml_clean/FINAL_refseq_ftp_pipeline/11_paml_nuclear_final/ctl/SLC25A20/site_models/SLC25A20.M8a.ctl
SOS1	site	M0	/scratch/project_2004342/everything/paml_clean/FINAL_refseq_ftp_pipeline/11_paml_nuclear_final/results/SOS1/site_models/M0	/scratch/project_2004342/everything/paml_clean/FINAL_refseq_ftp_pipeline/11_paml_nuclear_final/ctl/SOS1/site_models/SOS1.M0.ctl
SOS1	site	M1a	/scratch/project_2004342/everything/paml_clean/FINAL_refseq_ftp_pipeline/11_paml_nuclear_final/results/SOS1/site_models/M1a	/scratch/project_2004342/everything/paml_clean/FINAL_refseq_ftp_pipeline/11_paml_nuclear_final/ctl/SOS1/site_models/SOS1.M1a.ctl
SOS1	site	M2a	/scratch/project_2004342/everything/paml_clean/FINAL_refseq_ftp_pipeline/11_paml_nuclear_final/results/SOS1/site_models/M2a	/scratch/project_2004342/everything/paml_clean/FINAL_refseq_ftp_pipeline/11_paml_nuclear_final/ctl/SOS1/site_models/SOS1.M2a.ctl
SOS1	site	M7	/scratch/project_2004342/everything/paml_clean/FINAL_refseq_ftp_pipeline/11_paml_nuclear_final/results/SOS1/site_models/M7	/scratch/project_2004342/everything/paml_clean/FINAL_refseq_ftp_pipeline/11_paml_nuclear_final/ctl/SOS1/site_models/SOS1.M7.ctl
SOS1	site	M8	/scratch/project_2004342/everything/paml_clean/FINAL_refseq_ftp_pipeline/11_paml_nuclear_final/results/SOS1/site_models/M8	/scratch/project_2004342/everything/paml_clean/FINAL_refseq_ftp_pipeline/11_paml_nuclear_final/ctl/SOS1/site_models/SOS1.M8.ctl
SOS1	site	M8a	/scratch/project_2004342/everything/paml_clean/FINAL_refseq_ftp_pipeline/11_paml_nuclear_final/results/SOS1/site_models/M8a	/scratch/project_2004342/everything/paml_clean/FINAL_refseq_ftp_pipeline/11_paml_nuclear_final/ctl/SOS1/site_models/SOS1.M8a.ctl
SOS2	site	M0	/scratch/project_2004342/everything/paml_clean/FINAL_refseq_ftp_pipeline/11_paml_nuclear_final/results/SOS2/site_models/M0	/scratch/project_2004342/everything/paml_clean/FINAL_refseq_ftp_pipeline/11_paml_nuclear_final/ctl/SOS2/site_models/SOS2.M0.ctl
SOS2	site	M1a	/scratch/project_2004342/everything/paml_clean/FINAL_refseq_ftp_pipeline/11_paml_nuclear_final/results/SOS2/site_models/M1a	/scratch/project_2004342/everything/paml_clean/FINAL_refseq_ftp_pipeline/11_paml_nuclear_final/ctl/SOS2/site_models/SOS2.M1a.ctl
SOS2	site	M2a	/scratch/project_2004342/everything/paml_clean/FINAL_refseq_ftp_pipeline/11_paml_nuclear_final/results/SOS2/site_models/M2a	/scratch/project_2004342/everything/paml_clean/FINAL_refseq_ftp_pipeline/11_paml_nuclear_final/ctl/SOS2/site_models/SOS2.M2a.ctl
SOS2	site	M7	/scratch/project_2004342/everything/paml_clean/FINAL_refseq_ftp_pipeline/11_paml_nuclear_final/results/SOS2/site_models/M7	/scratch/project_2004342/everything/paml_clean/FINAL_refseq_ftp_pipeline/11_paml_nuclear_final/ctl/SOS2/site_models/SOS2.M7.ctl
SOS2	site	M8	/scratch/project_2004342/everything/paml_clean/FINAL_refseq_ftp_pipeline/11_paml_nuclear_final/results/SOS2/site_models/M8	/scratch/project_2004342/everything/paml_clean/FINAL_refseq_ftp_pipeline/11_paml_nuclear_final/ctl/SOS2/site_models/SOS2.M8.ctl
SOS2	site	M8a	/scratch/project_2004342/everything/paml_clean/FINAL_refseq_ftp_pipeline/11_paml_nuclear_final/results/SOS2/site_models/M8a	/scratch/project_2004342/everything/paml_clean/FINAL_refseq_ftp_pipeline/11_paml_nuclear_final/ctl/SOS2/site_models/SOS2.M8a.ctl
UCP1	site	M0	/scratch/project_2004342/everything/paml_clean/FINAL_refseq_ftp_pipeline/11_paml_nuclear_final/results/UCP1/site_models/M0	/scratch/project_2004342/everything/paml_clean/FINAL_refseq_ftp_pipeline/11_paml_nuclear_final/ctl/UCP1/site_models/UCP1.M0.ctl
UCP1	site	M1a	/scratch/project_2004342/everything/paml_clean/FINAL_refseq_ftp_pipeline/11_paml_nuclear_final/results/UCP1/site_models/M1a	/scratch/project_2004342/everything/paml_clean/FINAL_refseq_ftp_pipeline/11_paml_nuclear_final/ctl/UCP1/site_models/UCP1.M1a.ctl
UCP1	site	M2a	/scratch/project_2004342/everything/paml_clean/FINAL_refseq_ftp_pipeline/11_paml_nuclear_final/results/UCP1/site_models/M2a	/scratch/project_2004342/everything/paml_clean/FINAL_refseq_ftp_pipeline/11_paml_nuclear_final/ctl/UCP1/site_models/UCP1.M2a.ctl
UCP1	site	M7	/scratch/project_2004342/everything/paml_clean/FINAL_refseq_ftp_pipeline/11_paml_nuclear_final/results/UCP1/site_models/M7	/scratch/project_2004342/everything/paml_clean/FINAL_refseq_ftp_pipeline/11_paml_nuclear_final/ctl/UCP1/site_models/UCP1.M7.ctl
UCP1	site	M8	/scratch/project_2004342/everything/paml_clean/FINAL_refseq_ftp_pipeline/11_paml_nuclear_final/results/UCP1/site_models/M8	/scratch/project_2004342/everything/paml_clean/FINAL_refseq_ftp_pipeline/11_paml_nuclear_final/ctl/UCP1/site_models/UCP1.M8.ctl
UCP1	site	M8a	/scratch/project_2004342/everything/paml_clean/FINAL_refseq_ftp_pipeline/11_paml_nuclear_final/results/UCP1/site_models/M8a	/scratch/project_2004342/everything/paml_clean/FINAL_refseq_ftp_pipeline/11_paml_nuclear_final/ctl/UCP1/site_models/UCP1.M8a.ctl
UQCRB	site	M0	/scratch/project_2004342/everything/paml_clean/FINAL_refseq_ftp_pipeline/11_paml_nuclear_final/results/UQCRB/site_models/M0	/scratch/project_2004342/everything/paml_clean/FINAL_refseq_ftp_pipeline/11_paml_nuclear_final/ctl/UQCRB/site_models/UQCRB.M0.ctl
UQCRB	site	M1a	/scratch/project_2004342/everything/paml_clean/FINAL_refseq_ftp_pipeline/11_paml_nuclear_final/results/UQCRB/site_models/M1a	/scratch/project_2004342/everything/paml_clean/FINAL_refseq_ftp_pipeline/11_paml_nuclear_final/ctl/UQCRB/site_models/UQCRB.M1a.ctl
UQCRB	site	M2a	/scratch/project_2004342/everything/paml_clean/FINAL_refseq_ftp_pipeline/11_paml_nuclear_final/results/UQCRB/site_models/M2a	/scratch/project_2004342/everything/paml_clean/FINAL_refseq_ftp_pipeline/11_paml_nuclear_final/ctl/UQCRB/site_models/UQCRB.M2a.ctl
UQCRB	site	M7	/scratch/project_2004342/everything/paml_clean/FINAL_refseq_ftp_pipeline/11_paml_nuclear_final/results/UQCRB/site_models/M7	/scratch/project_2004342/everything/paml_clean/FINAL_refseq_ftp_pipeline/11_paml_nuclear_final/ctl/UQCRB/site_models/UQCRB.M7.ctl
UQCRB	site	M8	/scratch/project_2004342/everything/paml_clean/FINAL_refseq_ftp_pipeline/11_paml_nuclear_final/results/UQCRB/site_models/M8	/scratch/project_2004342/everything/paml_clean/FINAL_refseq_ftp_pipeline/11_paml_nuclear_final/ctl/UQCRB/site_models/UQCRB.M8.ctl
UQCRB	site	M8a	/scratch/project_2004342/everything/paml_clean/FINAL_refseq_ftp_pipeline/11_paml_nuclear_final/results/UQCRB/site_models/M8a	/scratch/project_2004342/everything/paml_clean/FINAL_refseq_ftp_pipeline/11_paml_nuclear_final/ctl/UQCRB/site_models/UQCRB.M8a.ctl
